event_definition,coding_system,code,code_name,concept,concept_name,tags,origin,system,event_abbreviation,type
All kidney disease,ICD10CM,I13,Hypertensive heart and chronic kidney disease,C0264656,Cardiovascular renal disease,narrow,,G,KIDNEYDISEASE,COV
All kidney disease,ICD10CM,N17.2,Acute kidney failure with medullary necrosis,C0574786,Acute renal papillary necrosis with renal failure,narrow,,G,KIDNEYDISEASE,COV
All kidney disease,ICD10CM,N04.8,Nephrotic syndrome with other morphologic changes,C2902893,Nephrotic syndrome with other morphologic changes,narrow,,G,KIDNEYDISEASE,COV
All kidney disease,ICD10CM,N04.9,Nephrotic syndrome with unspecified morphologic changes,C2902894,Nephrotic syndrome with unspecified morphologic changes,narrow,,G,KIDNEYDISEASE,COV
All kidney disease,ICD10CM,N28.9,Renal insufficiency (acute),C1565662,Acute Kidney Insufficiency,narrow,,G,KIDNEYDISEASE,COV
All kidney disease,ICD10CM,N03.8,Chronic nephritic syndrome with other morphologic changes,C2902884,Chronic nephritic syndrome with other morphologic changes,narrow,,G,KIDNEYDISEASE,COV
All kidney disease,ICD10CM,N03.9,Chronic nephritic syndrome with unspecified morphologic changes,C2902885,Chronic nephritic syndrome with unspecified morphologic changes,narrow,,G,KIDNEYDISEASE,COV
All kidney disease,ICD10CM,N02.9,Recurrent and persistent hematuria with unspecified morphologic changes,C2902875,Recurrent and persistent hematuria with unspecified morphologic changes,narrow,,G,KIDNEYDISEASE,COV
All kidney disease,ICD10CM,N02.8,Recurrent and persistent hematuria with other morphologic changes,C2902874,Recurrent and persistent hematuria with other morphologic changes,narrow,,G,KIDNEYDISEASE,COV
All kidney disease,ICD10CM,S37.0,Injury of kidney,C0160420,Injury of kidney,narrow,,G,KIDNEYDISEASE,COV
All kidney disease,ICD10CM,S37.00,Unspecified injury of kidney,C0160420,Injury of kidney,narrow,,G,KIDNEYDISEASE,COV
All kidney disease,ICD10CM,N01.8,Rapidly progressive nephritic syndrome with other morphologic changes,C2902864,Rapidly progressive nephritic syndrome with other morphologic changes,narrow,,G,KIDNEYDISEASE,COV
All kidney disease,ICD10CM,N01.9,Rapidly progressive nephritic syndrome with unspecified morphologic changes,C2902865,Rapidly progressive nephritic syndrome with unspecified morphologic changes,narrow,,G,KIDNEYDISEASE,COV
All kidney disease,ICD10CM,E10.1,Type 1 diabetes mellitus with ketoacidosis,C0342294,Ketoacidosis due to type 1 diabetes mellitus,exclude,,G,KIDNEYDISEASE,COV
All kidney disease,ICD10CM,E10.10,Type 1 diabetes mellitus with ketoacidosis without coma,-,-,exclude,Desc: code E10.1,G,KIDNEYDISEASE,COV
All kidney disease,ICD10CM,E10.11,Type 1 diabetes mellitus with ketoacidosis with coma,-,-,exclude,Desc: code E10.1,G,KIDNEYDISEASE,COV
All kidney disease,ICD10CM,E11.1,Type 2 diabetes mellitus with ketoacidosis,C0342295,Ketoacidosis due to type 2 diabetes mellitus,exclude,,G,KIDNEYDISEASE,COV
All kidney disease,ICD10CM,E11.10,Type 2 diabetes mellitus with ketoacidosis without coma,-,-,exclude,Desc: code E11.1,G,KIDNEYDISEASE,COV
All kidney disease,ICD10CM,E11.11,Type 2 diabetes mellitus with ketoacidosis with coma,-,-,exclude,Desc: code E11.1,G,KIDNEYDISEASE,COV
All kidney disease,ICD10CM,N20.0,Calculus of kidney,C0392525,Nephrolithiasis,possible,,G,KIDNEYDISEASE,COV
All kidney disease,ICD10CM,A98.5,Hemorrhagic fever with renal syndrome,C0019101,Hemorrhagic Fever with Renal Syndrome,narrow,,G,KIDNEYDISEASE,COV
All kidney disease,ICD10CM,N00.9,Acute nephritic syndrome with unspecified morphologic changes,C2902855,Acute nephritic syndrome with unspecified morphologic changes,narrow,,G,KIDNEYDISEASE,COV
All kidney disease,ICD10CM,N00.8,Acute nephritic syndrome with other morphologic changes,C2902854,Acute nephritic syndrome with other morphologic changes,narrow,,G,KIDNEYDISEASE,COV
All kidney disease,ICD10CM,E72.541,Enteric hyperoxaluria,C0268167,Enteric hyperoxaluria,possible,,G,KIDNEYDISEASE,COV
All kidney disease,ICD10CM,E72.538,"Primary hyperoxaluria, type 3",C0268165,Primary hyperoxaluria type 2,possible,,G,KIDNEYDISEASE,COV
All kidney disease,ICD10CM,E72.530,"Primary hyperoxaluria, type 1",C0268164,"Primary hyperoxaluria, type I",possible,,G,KIDNEYDISEASE,COV
All kidney disease,ICD10CM,Q61.1,"Polycystic kidney, autosomal recessive",C0085548,Autosomal Recessive Polycystic Kidney Disease,narrow,,G,KIDNEYDISEASE,COV
All kidney disease,ICD10CM,Q61.11,Cystic dilatation of collecting ducts,-,-,narrow,Desc: code Q61.1,G,KIDNEYDISEASE,COV
All kidney disease,ICD10CM,Q61.19,"Other polycystic kidney, infantile type",-,-,narrow,Desc: code Q61.1,G,KIDNEYDISEASE,COV
All kidney disease,ICD10CM,E72.53,Primary hyperoxaluria,C0020501,Primary Hyperoxaluria,possible,,G,KIDNEYDISEASE,COV
All kidney disease,ICD10CM,E72.539,"Primary hyperoxaluria, unspecified",-,-,possible,Desc: code E72.53,G,KIDNEYDISEASE,COV
All kidney disease,ICD10CM,R82.992,Hyperoxaluria,C0020500,Hyperoxaluria,possible,,G,KIDNEYDISEASE,COV
All kidney disease,ICD10CM,M32.14,Lupus renal disease NOS,C2895172,Lupus renal disease NOS,narrow,,G,KIDNEYDISEASE,COV
All kidney disease,ICD10CM,P74.0,Late metabolic acidosis of newborn,C0158987,Late metabolic acidosis of newborn,possible,,G,KIDNEYDISEASE,COV
All kidney disease,ICD10CM,N11.9,Chronic pyelitis NOS,C0238304,Chronic tubulointerstitial nephritis,narrow,,G,KIDNEYDISEASE,COV
All kidney disease,ICD10CM,N11,chronic infectious interstitial nephritis,C0238304,Chronic tubulointerstitial nephritis,narrow,,G,KIDNEYDISEASE,COV
All kidney disease,ICD10CM,N28.8,Other specified disorders of kidney and ureter,C0029781,Other specified disorders of kidney and ureter,narrow,,G,KIDNEYDISEASE,COV
All kidney disease,ICD10CM,N28.89,Other specified disorders of kidney and ureter,C0029781,Other specified disorders of kidney and ureter,possible,,G,KIDNEYDISEASE,COV
All kidney disease,ICD10CM,N10,Acute tubulo-interstitial nephritis,C0520575,Acute pyelonephritis,narrow,,G,KIDNEYDISEASE,COV
All kidney disease,ICD10CM,Q62.7,Congenital vesico-uretero-renal reflux,C0431736,Congenital vesicoureterorenal reflux,possible,,G,KIDNEYDISEASE,COV
All kidney disease,ICD10CM,N08,Glomerular disorders in diseases classified elsewhere,C0694525,Glomerular disorders in diseases classified elsewhere,narrow,,G,KIDNEYDISEASE,COV
All kidney disease,ICD10CM,E72.02,Hartnup's disease,C0018609,Hartnup Disease,narrow,,G,KIDNEYDISEASE,COV
All kidney disease,ICD10CM,N06.21,"Primary membranous nephropathy, NOS",C0086445,Idiopathic Membranous Glomerulonephritis,narrow,,G,KIDNEYDISEASE,COV
All kidney disease,ICD10CM,N18.5,"Chronic kidney disease, stage 5",C2316810,Chronic kidney disease stage 5,narrow,,G,KIDNEYDISEASE,COV
All kidney disease,ICD10CM,N18.6,End stage renal disease,C2316810,Chronic kidney disease stage 5,narrow,,G,KIDNEYDISEASE,COV
All kidney disease,ICD10CM,A02.25,Salmonella pyelonephritis,C2880095,Salmonella pyelonephritis,narrow,,G,KIDNEYDISEASE,COV
All kidney disease,ICD10CM,E72.03,Lowe's syndrome,C0028860,Oculocerebrorenal Syndrome,possible,,G,KIDNEYDISEASE,COV
All kidney disease,ICD10CM,N25.1,Nephrogenic diabetes insipidus,C0162283,Nephrogenic Diabetes Insipidus,narrow,,G,KIDNEYDISEASE,COV
All kidney disease,ICD10CM,N03,chronic nephritis,C0152451,Chronic glomerulonephritis,narrow,,G,KIDNEYDISEASE,COV
All kidney disease,ICD10CM,N06,Isolated proteinuria with specified morphological lesion,C0451774,"Isolated proteinuria with specified morphological lesion, unspecified",narrow,,G,KIDNEYDISEASE,COV
All kidney disease,ICD10CM,N06.22,Secondary membranous nephropathy with isolated proteinuria,-,-,narrow,Desc: code N06,G,KIDNEYDISEASE,COV
All kidney disease,ICD10CM,N06.29,Other isolated proteinuria with diffuse membranous glomerulonephritis,-,-,narrow,Desc: code N06,G,KIDNEYDISEASE,COV
All kidney disease,ICD10CM,E86.0,Dehydration,C0011175,Dehydration,possible,,G,KIDNEYDISEASE,COV
All kidney disease,ICD10CM,N13.2,Hydronephrosis with renal and ureteral calculous obstruction,C0451770,Hydronephrosis with renal and ureteral calculous obstruction,narrow,,G,KIDNEYDISEASE,COV
All kidney disease,ICD10CM,N25.89,Other disorders resulting from impaired renal tubular function,C0221042,Hypokalemic nephropathy,narrow,,G,KIDNEYDISEASE,COV
All kidney disease,ICD10CM,Q62.0,Congenital hydronephrosis,C0266316,Congenital hydronephrosis,narrow,,G,KIDNEYDISEASE,COV
All kidney disease,ICD10CM,N18.1,"Chronic kidney disease, stage 1",C2316401,Chronic kidney disease stage 1,narrow,,G,KIDNEYDISEASE,COV
All kidney disease,ICD10CM,Q63.3,Hyperplastic and giant kidney,C0266306,Congenital enlarged kidney,possible,,G,KIDNEYDISEASE,COV
All kidney disease,ICD10CM,C7A.093,Malignant carcinoid tumor of the kidney,C2349327,Malignant carcinoid tumor of the kidney,narrow,,G,KIDNEYDISEASE,COV
All kidney disease,ICD10CM,N17.1,Acute kidney failure with acute cortical necrosis,C2902952,Acute kidney failure with acute cortical necrosis,narrow,,G,KIDNEYDISEASE,COV
All kidney disease,ICD10CM,N17.0,Acute kidney failure with tubular necrosis,C2902951,Acute kidney failure with tubular necrosis,narrow,,G,KIDNEYDISEASE,COV
All kidney disease,ICD10CM,Q63.8,Congenital renal calculi,C0266300,Congenital calculus of kidney,possible,,G,KIDNEYDISEASE,COV
All kidney disease,ICD10CM,Q63.2,Congenital displaced kidney,C0266301,Congenital malposition of kidney,possible,,G,KIDNEYDISEASE,COV
All kidney disease,ICD10CM,N13.729,"Vesicoureteral-reflux with reflux nephropathy without hydroureter, unspecified",C2902945,"Vesicoureteral-reflux with reflux nephropathy without hydroureter, unspecified",narrow,,G,KIDNEYDISEASE,COV
All kidney disease,ICD10CM,N13.72,Vesicoureteral-reflux with reflux nephropathy without hydroureter,C2902945,"Vesicoureteral-reflux with reflux nephropathy without hydroureter, unspecified",narrow,,G,KIDNEYDISEASE,COV
All kidney disease,ICD10CM,N13.731,"Vesicoureteral-reflux with reflux nephropathy with hydroureter, unilateral",C2902946,"Vesicoureteral-reflux with reflux nephropathy with hydroureter, unilateral",narrow,,G,KIDNEYDISEASE,COV
All kidney disease,ICD10CM,N13.721,"Vesicoureteral-reflux with reflux nephropathy without hydroureter, unilateral",C2902943,"Vesicoureteral-reflux with reflux nephropathy without hydroureter, unilateral",narrow,,G,KIDNEYDISEASE,COV
All kidney disease,ICD10CM,N13.722,"Vesicoureteral-reflux with reflux nephropathy without hydroureter, bilateral",C2902944,"Vesicoureteral-reflux with reflux nephropathy without hydroureter, bilateral",narrow,,G,KIDNEYDISEASE,COV
All kidney disease,ICD10CM,N13.71,Vesicoureteral-reflux without reflux nephropathy,C2902942,Vesicoureteral reflux without reflux nephropathy,narrow,,G,KIDNEYDISEASE,COV
All kidney disease,ICD10CM,N13.732,"Vesicoureteral-reflux with reflux nephropathy with hydroureter, bilateral",C2902947,"Vesicoureteral-reflux with reflux nephropathy with hydroureter, bilateral",narrow,,G,KIDNEYDISEASE,COV
All kidney disease,ICD10CM,N13.739,"Vesicoureteral-reflux with reflux nephropathy with hydroureter, unspecified",C2902948,"Vesicoureteral-reflux with reflux nephropathy with hydroureter, unspecified",narrow,,G,KIDNEYDISEASE,COV
All kidney disease,ICD10CM,N13.73,Vesicoureteral-reflux with reflux nephropathy with hydroureter,C2902948,"Vesicoureteral-reflux with reflux nephropathy with hydroureter, unspecified",narrow,,G,KIDNEYDISEASE,COV
All kidney disease,ICD10CM,N13.39,Other hydronephrosis,C2902938,Other hydronephrosis,narrow,,G,KIDNEYDISEASE,COV
All kidney disease,ICD10CM,N13.5,Crossing vessel and stricture of ureter without hydronephrosis,C2902939,Crossing vessel and stricture of ureter without hydronephrosis,narrow,,G,KIDNEYDISEASE,COV
All kidney disease,ICD10CM,N07.8,"Hereditary nephropathy, not elsewhere classified with other morphologic lesions",C2902924,"Hereditary nephropathy, not elsewhere classified with other morphologic lesions",narrow,,G,KIDNEYDISEASE,COV
All kidney disease,ICD10CM,N07.9,"Hereditary nephropathy, not elsewhere classified with unspecified morphologic lesions",C2902925,"Hereditary nephropathy, not elsewhere classified with unspecified morphologic lesions",narrow,,G,KIDNEYDISEASE,COV
All kidney disease,ICD10CM,E88.41,MELAS syndrome,C0162671,MELAS Syndrome,possible,,G,KIDNEYDISEASE,COV
All kidney disease,ICD10CM,K91.83,Postprocedural hepatorenal syndrome,C0274387,Hepatorenal syndrome due to a procedure,possible,,G,KIDNEYDISEASE,COV
All kidney disease,ICD10CM,N06.8,Isolated proteinuria with other morphologic lesion,C2902914,Isolated proteinuria with other morphologic lesion,narrow,,G,KIDNEYDISEASE,COV
All kidney disease,ICD10CM,N06.9,Isolated proteinuria with unspecified morphologic lesion,C2902915,Isolated proteinuria with unspecified morphologic lesion,narrow,,G,KIDNEYDISEASE,COV
All kidney disease,ICD10CM,Q61.4,Multicystic dysplastic kidney,C3536714,Renal dysplasia,possible,,G,KIDNEYDISEASE,COV
All kidney disease,ICD10CM,N05.9,Unspecified nephritic syndrome with unspecified morphologic changes,C2902905,Unspecified nephritic syndrome with unspecified morphologic changes,narrow,,G,KIDNEYDISEASE,COV
All kidney disease,ICD10CM,N05.8,Unspecified nephritic syndrome with other morphologic changes,C2902904,Unspecified nephritic syndrome with other morphologic changes,narrow,,G,KIDNEYDISEASE,COV
All kidney disease,ICD10CM,N13.6,Pyonephrosis,C0034216,Pyonephrosis,narrow,,G,KIDNEYDISEASE,COV
All kidney disease,ICD10CM,C65,malignant neoplasm of pelviureteric junction,C0346258,Malignant neoplasm of renal calyx,narrow,,G,KIDNEYDISEASE,COV
All kidney disease,ICD10CM,C65.1,Malignant neoplasm of right renal pelvis,-,-,narrow,Desc: code C65,G,KIDNEYDISEASE,COV
All kidney disease,ICD10CM,C65.2,Malignant neoplasm of left renal pelvis,-,-,narrow,Desc: code C65,G,KIDNEYDISEASE,COV
All kidney disease,ICD10CM,C65.9,Malignant neoplasm of unspecified renal pelvis,-,-,narrow,Desc: code C65,G,KIDNEYDISEASE,COV
All kidney disease,ICD10CM,D59.3,Hemolytic-uremic syndrome,C0019061,Hemolytic-Uremic Syndrome,narrow,,G,KIDNEYDISEASE,COV
All kidney disease,ICD10CM,D59.31,Infection-associated hemolytic-uremic syndrome,-,-,narrow,Desc: code D59.3,G,KIDNEYDISEASE,COV
All kidney disease,ICD10CM,D59.32,Hereditary hemolytic-uremic syndrome,-,-,narrow,Desc: code D59.3,G,KIDNEYDISEASE,COV
All kidney disease,ICD10CM,D59.39,Other hemolytic-uremic syndrome,-,-,narrow,Desc: code D59.3,G,KIDNEYDISEASE,COV
All kidney disease,ICD10CM,D59.30,"Hemolytic-uremic syndrome, unspecified",C0019061,Hemolytic-Uremic Syndrome,narrow,,G,KIDNEYDISEASE,COV
All kidney disease,ICD10CM,O08.4,Renal failure following ectopic and molar pregnancy,C2903416,Renal failure following ectopic and molar pregnancy,narrow,,G,KIDNEYDISEASE,COV
All kidney disease,ICD10CM,Q61.5,Medullary cystic kidney,C0022681,Medullary sponge kidney,narrow,,G,KIDNEYDISEASE,COV
All kidney disease,ICD10CM,N18.9,"Chronic kidney disease, unspecified",C0022661,"Kidney Failure, Chronic",narrow,,G,KIDNEYDISEASE,COV
All kidney disease,ICD10CM,N17,Acute kidney failure,C0022660,"Kidney Failure, Acute",narrow,,G,KIDNEYDISEASE,COV
All kidney disease,ICD10CM,N17.9,Acute kidney injury (nontraumatic),C0022660,"Kidney Failure, Acute",narrow,,G,KIDNEYDISEASE,COV
All kidney disease,ICD10CM,E74.818,(Familial) renal glycosuria,C3245525,Familial renal glucosuria,narrow,,G,KIDNEYDISEASE,COV
All kidney disease,ICD10CM,E72.01,Cystinuria,C0010691,Cystinuria,possible,,G,KIDNEYDISEASE,COV
All kidney disease,ICD10CM,B26.83,Mumps nephritis,C0276319,Mumps nephritis,narrow,,G,KIDNEYDISEASE,COV
All kidney disease,ICD10CM,D41.12,Neoplasm of uncertain behavior of left renal pelvis,C2869610,Neoplasm of uncertain behavior of left renal pelvis,possible,,G,KIDNEYDISEASE,COV
All kidney disease,ICD10CM,N15.9,"Renal tubulo-interstitial disease, unspecified",C0021313,Infection of kidney,narrow,,G,KIDNEYDISEASE,COV
All kidney disease,ICD10CM,Q87.81,Alport syndrome,C1567741,Alport Syndrome,possible,,G,KIDNEYDISEASE,COV
All kidney disease,ICD10CM,N14,Drug- and heavy-metal-induced tubulo-interstitial and tubular conditions,C0451754,Drug- and heavy-metal-induced tubulo-interstitial and tubular conditions,narrow,,G,KIDNEYDISEASE,COV
All kidney disease,ICD10CM,N14.11,Contrast-induced nephropathy,-,-,narrow,Desc: code N14,G,KIDNEYDISEASE,COV
All kidney disease,ICD10CM,N14.3,Nephropathy induced by heavy metals,C0451769,Nephropathy caused by heavy metals,narrow,,G,KIDNEYDISEASE,COV
All kidney disease,ICD10CM,N25.0,Phosphate-losing tubular disorders,C0341679,Phosphate-losing tubular disorders,narrow,,G,KIDNEYDISEASE,COV
All kidney disease,ICD10CM,N14.19,"Nephropathy induced by other drugs, medicaments and biological substances",C0451767,"Nephropathy induced by other drugs, medicaments and biological substances",narrow,,G,KIDNEYDISEASE,COV
All kidney disease,ICD10CM,N14.1,Nephropathy induced by oth drug/meds/biol subst,C0451767,"Nephropathy induced by other drugs, medicaments and biological substances",narrow,,G,KIDNEYDISEASE,COV
All kidney disease,ICD10CM,N01.7,Rapidly progressive nephritic syndrome with diffuse crescentic glomerulonephritis,C0451736,"Rapidly progressive nephritic syndrome, diffuse crescentic glomerulonephritis",narrow,,G,KIDNEYDISEASE,COV
All kidney disease,ICD10CM,N01.6,Rapidly progressive nephritic syndrome with dense deposit disease,C0451735,"Rapidly progressive nephritic syndrome, dense deposit disease",narrow,,G,KIDNEYDISEASE,COV
All kidney disease,ICD10CM,N01.5,Rapidly progressive nephritic syndrome with diffuse mesangiocapillary glomerulonephritis,C0451734,"Rapidly progressive nephritic syndrome, diffuse mesangiocapillary glomerulonephritis",narrow,,G,KIDNEYDISEASE,COV
All kidney disease,ICD10CM,N01.4,Rapidly progressive nephritic syndrome with diffuse endocapillary proliferative glomerulonephritis,C0451733,"Rapidly progressive nephritic syndrome, diffuse endocapillary proliferative glomerulonephritis",narrow,,G,KIDNEYDISEASE,COV
All kidney disease,ICD10CM,N01.3,Rapidly progressive nephritic syndrome with diffuse mesangial proliferative glomerulonephritis,C0451732,"Rapidly progressive nephritic syndrome, diffuse mesangial proliferative glomerulonephritis",narrow,,G,KIDNEYDISEASE,COV
All kidney disease,ICD10CM,N01.2,Rapidly progressive nephritic syndrome with diffuse membranous glomerulonephritis,C0451731,"Rapidly progressive nephritic syndrome, diffuse membranous glomerulonephritis",narrow,,G,KIDNEYDISEASE,COV
All kidney disease,ICD10CM,N01.1,Rapidly progressive nephritic syndrome with focal and segmental glomerular lesions,C0451730,"Rapidly progressive nephritic syndrome, focal and segmental glomerular lesions",narrow,,G,KIDNEYDISEASE,COV
All kidney disease,ICD10CM,N00.2,Acute nephritic syndrome with diffuse membranous glomerulonephritis,C0451739,"Acute nephritic syndrome, diffuse membranous glomerulonephritis",narrow,,G,KIDNEYDISEASE,COV
All kidney disease,ICD10CM,N16,Renal tubulo-interstitial disorders in diseases classified elsewhere,C0041349,"Nephritis, Tubulointerstitial",narrow,,G,KIDNEYDISEASE,COV
All kidney disease,ICD10CM,N00.1,Acute nephritic syndrome with focal and segmental glomerular lesions,C0451738,"Acute nephritic syndrome, focal and segmental glomerular lesions",narrow,,G,KIDNEYDISEASE,COV
All kidney disease,ICD10CM,N00.0,Acute nephritic syndrome with minor glomerular abnormality,C0451737,"Acute nephritic syndrome, minor glomerular abnormality",narrow,,G,KIDNEYDISEASE,COV
All kidney disease,ICD10CM,N03.6,Chronic nephritic syndrome with dense deposit disease,C0451747,"Chronic nephritic syndrome, dense deposit disease",narrow,,G,KIDNEYDISEASE,COV
All kidney disease,ICD10CM,N03.5,Chronic nephritic syndrome with diffuse mesangiocapillary glomerulonephritis,C0451746,"Chronic nephritic syndrome, diffuse mesangiocapillary glomerulonephritis",narrow,,G,KIDNEYDISEASE,COV
All kidney disease,ICD10CM,N03.4,Chronic nephritic syndrome with diffuse endocapillary proliferative glomerulonephritis,C0451745,"Chronic nephritic syndrome, diffuse endocapillary proliferative glomerulonephritis",narrow,,G,KIDNEYDISEASE,COV
All kidney disease,ICD10CM,N03.1,Chronic nephritic syndrome with focal and segmental glomerular lesions,C0451744,"Chronic nephritic syndrome, focal and segmental glomerular lesions",narrow,,G,KIDNEYDISEASE,COV
All kidney disease,ICD10CM,N00.6,Acute nephritic syndrome with dense deposit disease,C0451743,"Acute nephritic syndrome, dense deposit disease",narrow,,G,KIDNEYDISEASE,COV
All kidney disease,ICD10CM,N00.5,Acute nephritic syndrome with diffuse mesangiocapillary glomerulonephritis,C0451742,"Acute nephritic syndrome, diffuse mesangiocapillary glomerulonephritis",narrow,,G,KIDNEYDISEASE,COV
All kidney disease,ICD10CM,N00.4,Acute nephritic syndrome with diffuse endocapillary proliferative glomerulonephritis,C0451741,"Acute nephritic syndrome, diffuse endocapillary proliferative glomerulonephritis",narrow,,G,KIDNEYDISEASE,COV
All kidney disease,ICD10CM,N00.3,Acute nephritic syndrome with diffuse mesangial proliferative glomerulonephritis,C0451740,"Acute nephritic syndrome, diffuse mesangial proliferative glomerulonephritis",narrow,,G,KIDNEYDISEASE,COV
All kidney disease,ICD10CM,N03.7,Chronic nephritic syndrome with diffuse crescentic glomerulonephritis,C0451748,"Chronic nephritic syndrome, diffuse crescentic glomerulonephritis",narrow,,G,KIDNEYDISEASE,COV
All kidney disease,ICD10CM,D41.02,Neoplasm of uncertain behavior of left kidney,C2869607,Neoplasm of uncertain behavior of left kidney,possible,,G,KIDNEYDISEASE,COV
All kidney disease,ICD10CM,D41.01,Neoplasm of uncertain behavior of right kidney,C2869606,Neoplasm of uncertain behavior of right kidney,possible,,G,KIDNEYDISEASE,COV
All kidney disease,ICD10CM,D41.11,Neoplasm of uncertain behavior of right renal pelvis,C2869609,Neoplasm of uncertain behavior of right renal pelvis,possible,,G,KIDNEYDISEASE,COV
All kidney disease,ICD10CM,N04.0,Nephrotic syndrome with minor glomerular abnormality,C0451719,"Nephrotic syndrome, minor glomerular abnormality",narrow,,G,KIDNEYDISEASE,COV
All kidney disease,ICD10CM,N11.0,Nonobstructive reflux-associated chronic pyelonephritis,C0451718,Non-obstructive reflux-associated chronic pyelonephritis (disorder),narrow,,G,KIDNEYDISEASE,COV
All kidney disease,ICD10CM,O23.0,Pyelonephritis in pregnancy,C0451717,Infections of kidney in pregnancy,narrow,,G,KIDNEYDISEASE,COV
All kidney disease,ICD10CM,O23.01,"Infections of kidney in pregnancy, first trimester",-,-,narrow,Desc: code O23.0,G,KIDNEYDISEASE,COV
All kidney disease,ICD10CM,O23.02,"Infections of kidney in pregnancy, second trimester",-,-,narrow,Desc: code O23.0,G,KIDNEYDISEASE,COV
All kidney disease,ICD10CM,O23.03,"Infections of kidney in pregnancy, third trimester",-,-,narrow,Desc: code O23.0,G,KIDNEYDISEASE,COV
All kidney disease,ICD10CM,O23.00,"Infections of kidney in pregnancy, unspecified trimester",C0451717,Infections of kidney in pregnancy,narrow,,G,KIDNEYDISEASE,COV
All kidney disease,ICD10CM,N04.6,Nephrotic syndrome with dense deposit disease,C0451725,"Nephrotic syndrome, dense deposit disease",narrow,,G,KIDNEYDISEASE,COV
All kidney disease,ICD10CM,N04.5,Nephrotic syndrome with diffuse mesangiocapillary glomerulonephritis,C0451724,"Nephrotic syndrome, diffuse mesangiocapillary glomerulonephritis",narrow,,G,KIDNEYDISEASE,COV
All kidney disease,ICD10CM,N04.4,Nephrotic syndrome with diffuse endocapillary proliferative glomerulonephritis,C0451723,"Nephrotic syndrome, diffuse endocapillary proliferative glomerulonephritis",narrow,,G,KIDNEYDISEASE,COV
All kidney disease,ICD10CM,N04.3,Nephrotic syndrome with diffuse mesangial proliferative glomerulonephritis,C0451722,"Nephrotic syndrome, diffuse mesangial proliferative glomerulonephritis",narrow,,G,KIDNEYDISEASE,COV
All kidney disease,ICD10CM,N04.2,Nephrotic syndrome w diffuse membranous glomerulonephritis,C0451721,"Nephrotic syndrome, diffuse membranous glomerulonephritis",narrow,,G,KIDNEYDISEASE,COV
All kidney disease,ICD10CM,N04.20,"Nephrotic syndrome with diffuse membranous glomerulonephritis, unspecified",-,-,narrow,Desc: code N04.2,G,KIDNEYDISEASE,COV
All kidney disease,ICD10CM,N04.21,Primary membranous nephropathy with nephrotic syndrome,-,-,narrow,Desc: code N04.2,G,KIDNEYDISEASE,COV
All kidney disease,ICD10CM,N04.22,Secondary membranous nephropathy with nephrotic syndrome,-,-,narrow,Desc: code N04.2,G,KIDNEYDISEASE,COV
All kidney disease,ICD10CM,N04.29,Other nephrotic syndrome with diffuse membranous glomerulonephritis,-,-,narrow,Desc: code N04.2,G,KIDNEYDISEASE,COV
All kidney disease,ICD10CM,N04.1,Nephrotic syndrome with focal and segmental glomerular lesions,C0451720,"Nephrotic syndrome, focal and segmental glomerular lesions",narrow,,G,KIDNEYDISEASE,COV
All kidney disease,ICD10CM,N01.0,Rapidly progressive nephritic syndrome with minor glomerular abnormality,C0451729,"Rapidly progressive nephritic syndrome, minor glomerular abnormality",narrow,,G,KIDNEYDISEASE,COV
All kidney disease,ICD10CM,N01,rapidly progressive glomerular disease,C0451728,Rapidly progressive nephritic syndrome,narrow,,G,KIDNEYDISEASE,COV
All kidney disease,ICD10CM,N00.7,Acute nephritic syndrome with diffuse crescentic glomerulonephritis,C0451727,"Acute nephritic syndrome, diffuse crescentic glomerulonephritis",narrow,,G,KIDNEYDISEASE,COV
All kidney disease,ICD10CM,N04.7,Nephrotic syndrome with diffuse crescentic glomerulonephritis,C0451726,"Nephrotic syndrome, diffuse crescentic glomerulonephritis",narrow,,G,KIDNEYDISEASE,COV
All kidney disease,ICD10CM,N28.0,Ischemia and infarction of kidney,C0035085,Renal infarction,narrow,,G,KIDNEYDISEASE,COV
All kidney disease,ICD10CM,N05,Unspecified nephritic syndrome,C0017658,Glomerulonephritis,narrow,,G,KIDNEYDISEASE,COV
All kidney disease,ICD10CM,N03.2,Chronic nephritic syndrome with diffuse membranous glomerulonephritis,C0017665,Membranous glomerulonephritis,narrow,,G,KIDNEYDISEASE,COV
All kidney disease,ICD10CM,N06.20,"Membranous nephropathy, NOS",C0017665,Membranous glomerulonephritis,narrow,,G,KIDNEYDISEASE,COV
All kidney disease,ICD10CM,N19,Uremia NOS,C0035078,Kidney Failure,possible,,G,KIDNEYDISEASE,COV
All kidney disease,ICD10CM,R31.9,"Hematuria, unspecified",C0018965,Hematuria,possible,,G,KIDNEYDISEASE,COV
All kidney disease,ICD10CM,R31,Hematuria,C0018965,Hematuria,possible,,G,KIDNEYDISEASE,COV
All kidney disease,ICD10CM,R31.0,Gross hematuria,-,-,possible,Desc: code R31,G,KIDNEYDISEASE,COV
All kidney disease,ICD10CM,R31.1,Benign essential microscopic hematuria,-,-,possible,Desc: code R31,G,KIDNEYDISEASE,COV
All kidney disease,ICD10CM,R31.2,Other microscopic hematuria,-,-,possible,Desc: code R31,G,KIDNEYDISEASE,COV
All kidney disease,ICD10CM,R31.21,Asymptomatic microscopic hematuria,-,-,possible,Desc: code R31,G,KIDNEYDISEASE,COV
All kidney disease,ICD10CM,R31.29,Other microscopic hematuria,-,-,possible,Desc: code R31,G,KIDNEYDISEASE,COV
All kidney disease,ICD10CM,E86.1,Hypovolemia,C0546884,Hypovolemia,possible,,G,KIDNEYDISEASE,COV
All kidney disease,ICD10CM,E86,Volume depletion,C0546884,Hypovolemia,possible,,G,KIDNEYDISEASE,COV
All kidney disease,ICD10CM,E86.9,"Volume depletion, unspecified",C0546884,Hypovolemia,possible,,G,KIDNEYDISEASE,COV
All kidney disease,ICD10CM,E26.81,Bartter's syndrome,C0004775,Bartter Disease,narrow,,G,KIDNEYDISEASE,COV
All kidney disease,ICD10CM,N12,"Tubulo-interstitial nephritis, not specified as acute or chronic",C0034183,Pyelitis,narrow,,G,KIDNEYDISEASE,COV
All kidney disease,ICD10CM,N25.81,Secondary hyperparathyroidism of renal origin,C0271847,Hyperparathyroidism due to renal insufficiency,narrow,,G,KIDNEYDISEASE,COV
All kidney disease,ICD10CM,N18.2,"Chronic kidney disease, stage 2 (mild)",C1561639,"Chronic kidney disease, stage 2 (mild)",narrow,,G,KIDNEYDISEASE,COV
All kidney disease,ICD10CM,N28.84,Pyelitis cystica,C0259778,Pyelitis cystica,possible,,G,KIDNEYDISEASE,COV
All kidney disease,ICD10CM,N28.86,Ureteritis cystica,C0259777,Ureteritis cystica,possible,,G,KIDNEYDISEASE,COV
All kidney disease,ICD10CM,N18.3,"Chronic kidney disease, stage 3 (moderate)",C1561640,"Chronic kidney disease, Stage III (moderate)",narrow,,G,KIDNEYDISEASE,COV
All kidney disease,ICD10CM,N18.4,"Chronic kidney disease, stage 4 (severe)",C1561641,"Chronic kidney disease, stage 4 (severe)",narrow,,G,KIDNEYDISEASE,COV
All kidney disease,ICD10CM,N18,Chronic kidney disease (CKD),C1561643,Chronic Kidney Diseases,narrow,,G,KIDNEYDISEASE,COV
All kidney disease,ICD10CM,Q60.4,"Renal hypoplasia, bilateral",C0431692,Bilateral renal hypoplasia,possible,,G,KIDNEYDISEASE,COV
All kidney disease,ICD10CM,E75.21,Fabry (-Anderson) disease,C0002986,Fabry Disease,possible,,G,KIDNEYDISEASE,COV
All kidney disease,ICD10CM,N18.30,"Chronic kidney disease, stage 3 unspecified",C5384800,"Chronic kidney disease, stage 3 unspecified",narrow,,G,KIDNEYDISEASE,COV
All kidney disease,ICD10CM,N18.31,"Chronic kidney disease, stage 3a",C3839533,Chronic kidney disease stage 3A,narrow,,G,KIDNEYDISEASE,COV
All kidney disease,ICD10CM,Q61.8,Fibrocystic kidney,C1971816,Fibrocystic kidney disease,narrow,,G,KIDNEYDISEASE,COV
All kidney disease,ICD10CM,R80.9,"Proteinuria, unspecified",C0033687,Proteinuria,possible,,G,KIDNEYDISEASE,COV
All kidney disease,ICD10CM,R80,Proteinuria,C0033687,Proteinuria,possible,,G,KIDNEYDISEASE,COV
All kidney disease,ICD10CM,R80.0,Isolated proteinuria,-,-,possible,Desc: code R80,G,KIDNEYDISEASE,COV
All kidney disease,ICD10CM,R80.1,"Persistent proteinuria, unspecified",-,-,possible,Desc: code R80,G,KIDNEYDISEASE,COV
All kidney disease,ICD10CM,R80.3,Bence Jones proteinuria,-,-,possible,Desc: code R80,G,KIDNEYDISEASE,COV
All kidney disease,ICD10CM,R80.8,Other proteinuria,-,-,possible,Desc: code R80,G,KIDNEYDISEASE,COV
All kidney disease,ICD10CM,N25,Disorders resulting from impaired renal tubular function,C0151747,Renal tubular disorder,narrow,,G,KIDNEYDISEASE,COV
All kidney disease,ICD10CM,N25.9,"Disorder resulting from impaired renal tubular function, unspecified",C0151747,Renal tubular disorder,narrow,,G,KIDNEYDISEASE,COV
All kidney disease,ICD10CM,I12,Hypertensive chronic kidney disease,C0848548,hypertensive nephropathy,narrow,,G,KIDNEYDISEASE,COV
All kidney disease,ICD10CM,I12.9,Hypertensive chronic kidney disease NOS,C0848548,hypertensive nephropathy,narrow,,G,KIDNEYDISEASE,COV
All kidney disease,ICD10CM,R80.2,"Orthostatic proteinuria, unspecified",C0232867,Orthostatic proteinuria,exclude,,G,KIDNEYDISEASE,COV
All kidney disease,ICD10CM,O90.49,Postpartum acute kidney failure,C0157461,Postpartum acute renal failure,narrow,,G,KIDNEYDISEASE,COV
All kidney disease,ICD10CM,O90.4,Postpartum acute kidney failure,C0157461,Postpartum acute renal failure,narrow,,G,KIDNEYDISEASE,COV
All kidney disease,ICD10CM,O90.41,Hepatorenal syndrome following labor and delivery,-,-,narrow,Desc: code O90.4,G,KIDNEYDISEASE,COV
All kidney disease,ICD10CM,E83.41,Hypermagnesemia,C0151714,Hypermagnesemia,possible,,G,KIDNEYDISEASE,COV
All kidney disease,ICD10CM,D30.11,Benign neoplasm of right renal pelvis,C2869522,Benign neoplasm of right renal pelvis,possible,,G,KIDNEYDISEASE,COV
All kidney disease,ICD10CM,D30.12,Benign neoplasm of left renal pelvis,C2869523,Benign neoplasm of left renal pelvis,possible,,G,KIDNEYDISEASE,COV
All kidney disease,ICD10CM,E83.4,Disorders of magnesium metabolism,C0012716,Disorder of magnesium metabolism,exclude,,G,KIDNEYDISEASE,COV
All kidney disease,ICD10CM,E83.42,Hypomagnesemia,-,-,exclude,Desc: code E83.4,G,KIDNEYDISEASE,COV
All kidney disease,ICD10CM,E83.49,Other disorders of magnesium metabolism,-,-,exclude,Desc: code E83.4,G,KIDNEYDISEASE,COV
All kidney disease,ICD10CM,E83.40,"Disorders of magnesium metabolism, unspecified",C0012716,Disorder of magnesium metabolism,exclude,,G,KIDNEYDISEASE,COV
All kidney disease,ICD10CM,N13.70,"Vesicoureteral-reflux, unspecified",C0042580,Vesico-Ureteral Reflux,narrow,,G,KIDNEYDISEASE,COV
All kidney disease,ICD10CM,N13.7,Vesicoureteral-reflux,C0042580,Vesico-Ureteral Reflux,narrow,,G,KIDNEYDISEASE,COV
All kidney disease,ICD10CM,Q60.2,"Renal agenesis, unspecified",C0542519,Congenital absence of kidney,possible,,G,KIDNEYDISEASE,COV
All kidney disease,ICD10CM,Q60,congenital absence of kidney,C0542519,Congenital absence of kidney,narrow,,G,KIDNEYDISEASE,COV
All kidney disease,ICD10CM,Q60.0,"Renal agenesis, unilateral",-,-,narrow,Desc: code Q60,G,KIDNEYDISEASE,COV
All kidney disease,ICD10CM,Q60.1,"Renal agenesis, bilateral",-,-,narrow,Desc: code Q60,G,KIDNEYDISEASE,COV
All kidney disease,ICD10CM,Q60.3,"Renal hypoplasia, unilateral",-,-,narrow,Desc: code Q60,G,KIDNEYDISEASE,COV
All kidney disease,ICD10CM,N28.83,Nephroptosis,C1384594,Nephroptosis,possible,,G,KIDNEYDISEASE,COV
All kidney disease,ICD10CM,R39.2,Prerenal uremia,C2919930,Uremia due to inadequate renal perfusion,narrow,,G,KIDNEYDISEASE,COV
All kidney disease,ICD10CM,M04.2,Muckle-Wells syndrome,C0268390,Muckle-Wells Syndrome,possible,,G,KIDNEYDISEASE,COV
All kidney disease,ICD10CM,E11.2,Type 2 diabetes mellitus with kidney complications,C2874072,Type 2 diabetes mellitus with kidney complications,narrow,,G,KIDNEYDISEASE,COV
All kidney disease,ICD10CM,E11.21,Type 2 diabetes mellitus with diabetic nephropathy,-,-,narrow,Desc: code E11.2,G,KIDNEYDISEASE,COV
All kidney disease,ICD10CM,E11.22,Type 2 diabetes mellitus with diabetic chronic kidney disease,-,-,narrow,Desc: code E11.2,G,KIDNEYDISEASE,COV
All kidney disease,ICD10CM,E11.29,Type 2 diabetes mellitus with other diabetic kidney complication,-,-,narrow,Desc: code E11.2,G,KIDNEYDISEASE,COV
All kidney disease,ICD10CM,P74.1,Dehydration of newborn,C0270229,Neonatal dehydration,possible,,G,KIDNEYDISEASE,COV
All kidney disease,ICD10CM,M31.0,Goodpasture's syndrome,C0403529,Anti-Glomerular Basement Membrane Disease,possible,,G,KIDNEYDISEASE,COV
All kidney disease,ICD10CM,N28.82,Megaloureter,C0521620,Dilatation of ureter,possible,,G,KIDNEYDISEASE,COV
All kidney disease,ICD10CM,N13.4,Hydroureter,C0521620,Dilatation of ureter,narrow,,G,KIDNEYDISEASE,COV
All kidney disease,ICD10CM,D41.0,Neoplasm of uncertain behavior of kidney,C0496927,Neoplasm of uncertain or unknown behavior of kidney,possible,,G,KIDNEYDISEASE,COV
All kidney disease,ICD10CM,D41.00,Neoplasm of uncertain behavior of unspecified kidney,-,-,possible,Desc: code D41.0,G,KIDNEYDISEASE,COV
All kidney disease,ICD10CM,Q61.0,Congenital renal cyst,C3854304,Congenital single renal cyst,possible,,G,KIDNEYDISEASE,COV
All kidney disease,ICD10CM,Q61.00,"Congenital renal cyst, unspecified",-,-,possible,Desc: code Q61.0,G,KIDNEYDISEASE,COV
All kidney disease,ICD10CM,Q61.02,Congenital multiple renal cysts,-,-,possible,Desc: code Q61.0,G,KIDNEYDISEASE,COV
All kidney disease,ICD10CM,Q61.01,Congenital single renal cyst,C3854304,Congenital single renal cyst,possible,,G,KIDNEYDISEASE,COV
All kidney disease,ICD10CM,Q62.39,Ureteropelvic junction obstruction NOS,C0521619,Obstruction of pelviureteric junction,possible,,G,KIDNEYDISEASE,COV
All kidney disease,ICD10CM,E10.2,Type 1 diabetes mellitus with kidney complications,C2874020,Type 1 diabetes mellitus with kidney complications,narrow,,G,KIDNEYDISEASE,COV
All kidney disease,ICD10CM,E10.21,Type 1 diabetes mellitus with diabetic nephropathy,-,-,narrow,Desc: code E10.2,G,KIDNEYDISEASE,COV
All kidney disease,ICD10CM,E10.22,Type 1 diabetes mellitus with diabetic chronic kidney disease,-,-,narrow,Desc: code E10.2,G,KIDNEYDISEASE,COV
All kidney disease,ICD10CM,E10.29,Type 1 diabetes mellitus with other diabetic kidney complication,-,-,narrow,Desc: code E10.2,G,KIDNEYDISEASE,COV
All kidney disease,ICD10CM,N25.8,Oth disorders resulting from impaired renal tubular function,C0477748,Other disorders resulting from impaired renal tubular function,narrow,,G,KIDNEYDISEASE,COV
All kidney disease,ICD10CM,T79.5,Traumatic anuria,C0040793,Traumatic anuria,possible,,G,KIDNEYDISEASE,COV
All kidney disease,ICD10CM,N17.8,Other acute kidney failure,C0477745,Other acute renal failure,narrow,,G,KIDNEYDISEASE,COV
All kidney disease,ICD10CM,I12.0,Hypertensive chronic kidney disease with stage 5 chronic kidney disease or end stage renal disease,C2882078,Hypertensive chronic kidney disease with stage 5 chronic kidney disease or end stage renal disease,narrow,,G,KIDNEYDISEASE,COV
All kidney disease,ICD10CM,N15.0,Balkan nephropathy,C0004698,Balkan Nephropathy,narrow,,G,KIDNEYDISEASE,COV
All kidney disease,ICD10CM,N15.8,Other specified renal tubulo-interstitial diseases,C0477735,Other specified renal tubulo-interstitial diseases,narrow,,G,KIDNEYDISEASE,COV
All kidney disease,ICD10CM,Q60.6,Potter's syndrome,C0178426,Oligohydramnios sequence,possible,,G,KIDNEYDISEASE,COV
All kidney disease,ICD10CM,N13.8,Other obstructive and reflux uropathy,C0477731,Other obstructive and reflux uropathy,narrow,,G,KIDNEYDISEASE,COV
All kidney disease,ICD10CM,N13,Obstructive and reflux uropathy,C0477732,"Obstructive and reflux uropathy, unspecified",narrow,,G,KIDNEYDISEASE,COV
All kidney disease,ICD10CM,N13.9,"Obstructive and reflux uropathy, unspecified",C0477732,"Obstructive and reflux uropathy, unspecified",narrow,,G,KIDNEYDISEASE,COV
All kidney disease,ICD10CM,N13.3,Other and unspecified hydronephrosis,C0477730,Other and unspecified hydronephrosis,narrow,,G,KIDNEYDISEASE,COV
All kidney disease,ICD10CM,N11.8,Other chronic tubulo-interstitial nephritis,C0477729,Other chronic tubulo-interstitial nephritis,narrow,,G,KIDNEYDISEASE,COV
All kidney disease,ICD10CM,N02.7,Recurrent and persistent hematuria with diffuse crescentic glomerulonephritis,C0475545,"Recurrent and persistent hematuria, diffuse crescentic glomerulonephritis",narrow,,G,KIDNEYDISEASE,COV
All kidney disease,ICD10CM,N05.6,Unspecified nephritic syndrome with dense deposit disease,C0477724,"Unspecified nephritic syndrome, dense deposit disease",narrow,,G,KIDNEYDISEASE,COV
All kidney disease,ICD10CM,N02.6,Recurrent and persistent hematuria with dense deposit disease,C0475544,"Recurrent and persistent hematuria, dense deposit disease",narrow,,G,KIDNEYDISEASE,COV
All kidney disease,ICD10CM,N05.3,Unspecified nephritic syndrome with diffuse mesangial proliferative glomerulonephritis,C0477722,"Unspecified nephritic syndrome, diffuse mesangial proliferative glomerulonephritis",narrow,,G,KIDNEYDISEASE,COV
All kidney disease,ICD10CM,N05.4,Unspecified nephritic syndrome with diffuse endocapillary proliferative glomerulonephritis,C0477723,"Unspecified nephritic syndrome, diffuse endocapillary proliferative glomerulonephritis",narrow,,G,KIDNEYDISEASE,COV
All kidney disease,ICD10CM,N28.1,"Cyst of kidney, acquired",C0268799,Acquired renal cystic disease,possible,,G,KIDNEYDISEASE,COV
All kidney disease,ICD10CM,N06.A,Isolated proteinuria with C3 glomerulonephritis,C5384798,Isolated proteinuria with C3 glomerulonephritis,narrow,,G,KIDNEYDISEASE,COV
All kidney disease,ICD10CM,N05.A,Unspecified nephritic syndrome with C3 glomerulonephritis,C5384797,Unspecified nephritic syndrome with C3 glomerulonephritis,narrow,,G,KIDNEYDISEASE,COV
All kidney disease,ICD10CM,N07.A,"Hereditary nephropathy, not elsewhere classified with C3 glomerulonephritis",C5384799,"Hereditary nephropathy, not elsewhere classified with C3 glomerulonephritis",narrow,,G,KIDNEYDISEASE,COV
All kidney disease,ICD10CM,N02.3,Recurrent and persistent hematuria with diffuse mesangial proliferative glomerulonephritis,C0475541,"Recurrent and persistent hematuria, diffuse mesangial proliferative glomerulonephritis",narrow,,G,KIDNEYDISEASE,COV
All kidney disease,ICD10CM,N02.A,Recurrent and persistent hematuria with C3 glomerulonephritis,C5384794,Recurrent and persistent hematuria with C3 glomerulonephritis,narrow,,G,KIDNEYDISEASE,COV
All kidney disease,ICD10CM,N02.2,Recurrent and persistent hematuria with diffuse membranous glomerulonephritis,C0475540,"Recurrent and persistent hematuria, diffuse membranous glomerulonephritis",narrow,,G,KIDNEYDISEASE,COV
All kidney disease,ICD10CM,N05.0,Unspecified nephritic syndrome with minor glomerular abnormality,C0477721,"Unspecified nephritic syndrome, minor glomerular abnormality",narrow,,G,KIDNEYDISEASE,COV
All kidney disease,ICD10CM,N01.A,Rapidly progressive nephritic syndrome with C3 glomerulonephritis,C5384793,Rapidly progressive nephritic syndrome with C3 glomerulonephritis,narrow,,G,KIDNEYDISEASE,COV
All kidney disease,ICD10CM,N02.5,Recurrent and persistent hematuria with diffuse mesangiocapillary glomerulonephritis,C0475543,"Recurrent and persistent hematuria, diffuse mesangiocapillary glomerulonephritis",narrow,,G,KIDNEYDISEASE,COV
All kidney disease,ICD10CM,N04.A,Nephrotic syndrome with C3 glomerulonephritis,C5384796,Nephrotic syndrome with C3 glomerulonephritis,narrow,,G,KIDNEYDISEASE,COV
All kidney disease,ICD10CM,N02.4,Recurrent and persistent hematuria with diffuse endocapillary proliferative glomerulonephritis,C0475542,"Recurrent and persistent hematuria, diffuse endocapillary proliferative glomerulonephritis",narrow,,G,KIDNEYDISEASE,COV
All kidney disease,ICD10CM,N03.A,Chronic nephritic syndrome with C3 glomerulonephritis,C5384795,Chronic nephritic syndrome with C3 glomerulonephritis,narrow,,G,KIDNEYDISEASE,COV
All kidney disease,ICD10CM,N00.A,Acute nephritic syndrome with C3 glomerulonephritis,C5384792,Acute nephritic syndrome with C3 glomerulonephritis,narrow,,G,KIDNEYDISEASE,COV
All kidney disease,ICD10CM,N02.0,Recurrent and persistent hematuria with minor glomerular abnormality,C0475538,"Recurrent and persistent hematuria, minor glomerular abnormality",narrow,,G,KIDNEYDISEASE,COV
All kidney disease,ICD10CM,N02,Recurrent and persistent hematuria,C0475537,"Recurrent and persistent hematuria, unspecified",narrow,,G,KIDNEYDISEASE,COV
All kidney disease,ICD10CM,N02.B,Recurrent and persistent immunoglobulin A nephropathy,-,-,narrow,Desc: code N02,G,KIDNEYDISEASE,COV
All kidney disease,ICD10CM,N02.B1,Recurrent and persistent immunoglobulin A nephropathy with glomerular lesion,-,-,narrow,Desc: code N02,G,KIDNEYDISEASE,COV
All kidney disease,ICD10CM,N02.B2,Recurrent and persistent immunoglobulin A nephropathy with focal and segmental glomerular lesion,-,-,narrow,Desc: code N02,G,KIDNEYDISEASE,COV
All kidney disease,ICD10CM,N02.B3,Recurrent and persistent immunoglobulin A nephropathy with diffuse membranoproliferative glomerulonephritis,-,-,narrow,Desc: code N02,G,KIDNEYDISEASE,COV
All kidney disease,ICD10CM,N02.B4,Recurrent and persistent immunoglobulin A nephropathy with diffuse membranous glomerulonephritis,-,-,narrow,Desc: code N02,G,KIDNEYDISEASE,COV
All kidney disease,ICD10CM,N02.B5,Recurrent and persistent immunoglobulin A nephropathy with diffuse mesangial proliferative glomerulonephritis,-,-,narrow,Desc: code N02,G,KIDNEYDISEASE,COV
All kidney disease,ICD10CM,N02.B6,Recurrent and persistent immunoglobulin A nephropathy with diffuse mesangiocapillary glomerulonephritis,-,-,narrow,Desc: code N02,G,KIDNEYDISEASE,COV
All kidney disease,ICD10CM,N02.B9,Other recurrent and persistent immunoglobulin A nephropathy,-,-,narrow,Desc: code N02,G,KIDNEYDISEASE,COV
All kidney disease,ICD10CM,N02.1,Recurrent and persistent hematuria with focal and segmental glomerular lesions,C0475539,"Recurrent and persistent hematuria, focal and segmental glomerular lesions",narrow,,G,KIDNEYDISEASE,COV
All kidney disease,ICD10CM,I13.0,"Hypertensive heart and chronic kidney disease with heart failure and stage 1 through stage 4 chronic kidney disease, or unspecified chronic kidney disease",C2882081,"Hypertensive heart and chronic kidney disease with heart failure and stage 1 through stage 4 chronic kidney disease, or unspecified chronic kidney disease",narrow,,G,KIDNEYDISEASE,COV
All kidney disease,ICD10CM,I13.1,Hypertensive heart and chronic kidney disease without heart failure,C2882082,Hypertensive heart and chronic kidney disease without heart failure,narrow,,G,KIDNEYDISEASE,COV
All kidney disease,ICD10CM,I13.11,"Hypertensive heart and chronic kidney disease without heart failure, with stage 5 chronic kidney disease, or end stage renal disease",C2882085,"Hypertensive heart and chronic kidney disease without heart failure, with stage 5 chronic kidney disease, or end stage renal disease",narrow,,G,KIDNEYDISEASE,COV
All kidney disease,ICD10CM,I13.2,"Hypertensive heart and chronic kidney disease with heart failure and with stage 5 chronic kidney disease, or end stage renal disease",C2882086,"Hypertensive heart and chronic kidney disease with heart failure and with stage 5 chronic kidney disease, or end stage renal disease",narrow,,G,KIDNEYDISEASE,COV
All kidney disease,ICD10CM,I13.10,"Hypertensive heart and chronic kidney disease without heart failure, with stage 1 through stage 4 chronic kidney disease, or unspecified chronic kidney disease",C2882084,"Hypertensive heart and chronic kidney disease without heart failure, with stage 1 through stage 4 chronic kidney disease, or unspecified chronic kidney disease",narrow,,G,KIDNEYDISEASE,COV
All kidney disease,ICD10CM,T86.1,Complications of kidney transplant,C1261281,Disorder of transplanted kidney,narrow,,G,KIDNEYDISEASE,COV
All kidney disease,ICD10CM,T86.10,Unspecified complication of kidney transplant,-,-,narrow,Desc: code T86.1,G,KIDNEYDISEASE,COV
All kidney disease,ICD10CM,T86.12,Kidney transplant failure,-,-,narrow,Desc: code T86.1,G,KIDNEYDISEASE,COV
All kidney disease,ICD10CM,T86.19,Other complication of kidney transplant,-,-,narrow,Desc: code T86.1,G,KIDNEYDISEASE,COV
All kidney disease,ICD10CM,N04,congenital nephrotic syndrome,C3501848,"Nephrosis, congenital",narrow,,G,KIDNEYDISEASE,COV
All kidney disease,ICD10CM,N04.B,Nephrotic syndrome with immune complex membranoproliferative glomerulonephritis (IC-MPGN),-,-,narrow,Desc: code N04,G,KIDNEYDISEASE,COV
All kidney disease,ICD10CM,N04.B1,Nephrotic syndrome with idiopathic immune complex membranoproliferative glomerulonephritis (IC-MPGN),-,-,narrow,Desc: code N04,G,KIDNEYDISEASE,COV
All kidney disease,ICD10CM,N04.B2,Nephrotic syndrome with secondary immune complex membranoproliferative glomerulonephritis (IC-MPGN),-,-,narrow,Desc: code N04,G,KIDNEYDISEASE,COV
All kidney disease,ICD10CM,H21.53,Iridodialysis,C0152246,Iridodialysis,exclude,,G,KIDNEYDISEASE,COV
All kidney disease,ICD10CM,H21.531,"Iridodialysis, right eye",-,-,exclude,Desc: code H21.53,G,KIDNEYDISEASE,COV
All kidney disease,ICD10CM,H21.532,"Iridodialysis, left eye",-,-,exclude,Desc: code H21.53,G,KIDNEYDISEASE,COV
All kidney disease,ICD10CM,H21.533,"Iridodialysis, bilateral",-,-,exclude,Desc: code H21.53,G,KIDNEYDISEASE,COV
All kidney disease,ICD10CM,H21.539,"Iridodialysis, unspecified eye",-,-,exclude,Desc: code H21.53,G,KIDNEYDISEASE,COV
All kidney disease,ICD10CM,O12.1,Gestational proteinuria,C0269674,Gestational proteinuria,possible,,G,KIDNEYDISEASE,COV
All kidney disease,ICD10CM,O12.10,"Gestational proteinuria, unspecified trimester",-,-,possible,Desc: code O12.1,G,KIDNEYDISEASE,COV
All kidney disease,ICD10CM,O12.11,"Gestational proteinuria, first trimester",-,-,possible,Desc: code O12.1,G,KIDNEYDISEASE,COV
All kidney disease,ICD10CM,O12.12,"Gestational proteinuria, second trimester",-,-,possible,Desc: code O12.1,G,KIDNEYDISEASE,COV
All kidney disease,ICD10CM,O12.13,"Gestational proteinuria, third trimester",-,-,possible,Desc: code O12.1,G,KIDNEYDISEASE,COV
All kidney disease,ICD10CM,O12.14,"Gestational proteinuria, complicating childbirth",-,-,possible,Desc: code O12.1,G,KIDNEYDISEASE,COV
All kidney disease,ICD10CM,O12.15,"Gestational proteinuria, complicating the puerperium",-,-,possible,Desc: code O12.1,G,KIDNEYDISEASE,COV
All kidney disease,ICD10CM,N00,Acute nephritic syndrome,C0268733,Acute nephritis,narrow,,G,KIDNEYDISEASE,COV
All kidney disease,ICD10CM,N00.B,Acute nephritic syndrome with immune complex membranoproliferative glomerulonephritis,-,-,narrow,Desc: code N00,G,KIDNEYDISEASE,COV
All kidney disease,ICD10CM,N00.B1,Acute nephritic syndrome with idiopathic immune membranoproliferative glomerulonephritis (IC-MPGN),-,-,narrow,Desc: code N00,G,KIDNEYDISEASE,COV
All kidney disease,ICD10CM,N00.B2,Acute nephritic syndrome with secondary immune complex membranoproliferative glomerulonephritis (IC-MPGN),-,-,narrow,Desc: code N00,G,KIDNEYDISEASE,COV
All kidney disease,ICD10CM,N14.4,"Toxic nephropathy, not elsewhere classified",C0869068,"Toxic nephropathy, not elsewhere classified in ICD10CM",narrow,,G,KIDNEYDISEASE,COV
All kidney disease,ICD10CM,N13.1,"Hydronephrosis with ureteral stricture, not elsewhere classified",C0869069,"Hydronephrosis with ureteral stricture, not elsewhere classified",narrow,,G,KIDNEYDISEASE,COV
All kidney disease,ICD10CM,N20,Calculous pyelonephritis,C0268722,Calculous pyelonephritis,narrow,,G,KIDNEYDISEASE,COV
All kidney disease,ICD10CM,N20.1,Calculus of ureter,-,-,narrow,Desc: code N20,G,KIDNEYDISEASE,COV
All kidney disease,ICD10CM,N20.9,"Urinary calculus, unspecified",-,-,narrow,Desc: code N20,G,KIDNEYDISEASE,COV
All kidney disease,ICD10CM,S37.059S,"Moderate laceration of unspecified kidney, sequela",C2839605,"Moderate laceration of unspecified kidney, sequela",narrow,,G,KIDNEYDISEASE,COV
All kidney disease,ICD10CM,S37.059D,"Moderate laceration of unspecified kidney, subsequent encounter",C2839604,"Moderate laceration of unspecified kidney, subsequent encounter",narrow,,G,KIDNEYDISEASE,COV
All kidney disease,ICD10CM,S37.059A,"Moderate laceration of unspecified kidney, initial encounter",C2839603,"Moderate laceration of unspecified kidney, initial encounter",narrow,,G,KIDNEYDISEASE,COV
All kidney disease,ICD10CM,S37.059,Moderate laceration of unspecified kidney,C2839602,Moderate laceration of unspecified kidney,narrow,,G,KIDNEYDISEASE,COV
All kidney disease,ICD10CM,S37.052S,"Moderate laceration of left kidney, sequela",C2839601,"Moderate laceration of left kidney, sequela",narrow,,G,KIDNEYDISEASE,COV
All kidney disease,ICD10CM,S37.052D,"Moderate laceration of left kidney, subsequent encounter",C2839600,"Moderate laceration of left kidney, subsequent encounter",narrow,,G,KIDNEYDISEASE,COV
All kidney disease,ICD10CM,N26.9,"Renal sclerosis, unspecified",C0027719,Nephrosclerosis,narrow,,G,KIDNEYDISEASE,COV
All kidney disease,ICD10CM,E72.54,Secondary hyperoxaluria,C0268773,Secondary oxalosis,possible,,G,KIDNEYDISEASE,COV
All kidney disease,ICD10CM,E72.540,Dietary hyperoxaluria,-,-,possible,Desc: code E72.54,G,KIDNEYDISEASE,COV
All kidney disease,ICD10CM,E72.548,Other secondary hyperoxaluria,-,-,possible,Desc: code E72.54,G,KIDNEYDISEASE,COV
All kidney disease,ICD10CM,E72.549,"Secondary hyperoxaluria, unspecified",-,-,possible,Desc: code E72.54,G,KIDNEYDISEASE,COV
All kidney disease,ICD10CM,S37.099S,"Other injury of unspecified kidney, sequela",C2839635,"Other injury of unspecified kidney, sequela",narrow,,G,KIDNEYDISEASE,COV
All kidney disease,ICD10CM,S37.099D,"Other injury of unspecified kidney, subsequent encounter",C2839634,"Other injury of unspecified kidney, subsequent encounter",narrow,,G,KIDNEYDISEASE,COV
All kidney disease,ICD10CM,S37.099A,"Other injury of unspecified kidney, initial encounter",C2839633,"Other injury of unspecified kidney, initial encounter",narrow,,G,KIDNEYDISEASE,COV
All kidney disease,ICD10CM,S37.099,Other injury of unspecified kidney,C2839632,Other injury of unspecified kidney,narrow,,G,KIDNEYDISEASE,COV
All kidney disease,ICD10CM,S37.092S,"Other injury of left kidney, sequela",C2839631,"Other injury of left kidney, sequela",narrow,,G,KIDNEYDISEASE,COV
All kidney disease,ICD10CM,S37.092D,"Other injury of left kidney, subsequent encounter",C2839630,"Other injury of left kidney, subsequent encounter",narrow,,G,KIDNEYDISEASE,COV
All kidney disease,ICD10CM,S37.069,Major laceration of unspecified kidney,C2839619,Major laceration of unspecified kidney,narrow,,G,KIDNEYDISEASE,COV
All kidney disease,ICD10CM,S37.062S,"Major laceration of left kidney, sequela",C2839618,"Major laceration of left kidney, sequela",narrow,,G,KIDNEYDISEASE,COV
All kidney disease,ICD10CM,S37.062D,"Major laceration of left kidney, subsequent encounter",C2839617,"Major laceration of left kidney, subsequent encounter",narrow,,G,KIDNEYDISEASE,COV
All kidney disease,ICD10CM,S37.062A,"Major laceration of left kidney, initial encounter",C2839616,"Major laceration of left kidney, initial encounter",narrow,,G,KIDNEYDISEASE,COV
All kidney disease,ICD10CM,S37.062,Major laceration of left kidney,C2839615,Major laceration of left kidney,narrow,,G,KIDNEYDISEASE,COV
All kidney disease,ICD10CM,S37.061S,"Major laceration of right kidney, sequela",C2839614,"Major laceration of right kidney, sequela",narrow,,G,KIDNEYDISEASE,COV
All kidney disease,ICD10CM,S37.061D,"Major laceration of right kidney, subsequent encounter",C2839613,"Major laceration of right kidney, subsequent encounter",narrow,,G,KIDNEYDISEASE,COV
All kidney disease,ICD10CM,S37.061A,"Major laceration of right kidney, initial encounter",C2839612,"Major laceration of right kidney, initial encounter",narrow,,G,KIDNEYDISEASE,COV
All kidney disease,ICD10CM,S37.061,Major laceration of right kidney,C2839611,Major laceration of right kidney,narrow,,G,KIDNEYDISEASE,COV
All kidney disease,ICD10CM,S37.06,Major laceration of kidney,C2839610,Major laceration of kidney,narrow,,G,KIDNEYDISEASE,COV
All kidney disease,ICD10CM,N39.9,"Disorder of urinary system, unspecified",C0042075,Urologic Diseases,possible,,G,KIDNEYDISEASE,COV
All kidney disease,ICD10CM,S37.092A,"Other injury of left kidney, initial encounter",C2839629,"Other injury of left kidney, initial encounter",narrow,,G,KIDNEYDISEASE,COV
All kidney disease,ICD10CM,S37.092,Other injury of left kidney,C2839628,Other injury of left kidney,narrow,,G,KIDNEYDISEASE,COV
All kidney disease,ICD10CM,S37.091S,"Other injury of right kidney, sequela",C2839627,"Other injury of right kidney, sequela",narrow,,G,KIDNEYDISEASE,COV
All kidney disease,ICD10CM,N13.30,Unspecified hydronephrosis,C0020295,Hydronephrosis,narrow,,G,KIDNEYDISEASE,COV
All kidney disease,ICD10CM,S37.091D,"Other injury of right kidney, subsequent encounter",C2839626,"Other injury of right kidney, subsequent encounter",narrow,,G,KIDNEYDISEASE,COV
All kidney disease,ICD10CM,S37.091A,"Other injury of right kidney, initial encounter",C2839625,"Other injury of right kidney, initial encounter",narrow,,G,KIDNEYDISEASE,COV
All kidney disease,ICD10CM,S37.091,Other injury of right kidney,C2839624,Other injury of right kidney,narrow,,G,KIDNEYDISEASE,COV
All kidney disease,ICD10CM,S37.09,Other injury of kidney,C2839623,Other injury of kidney,narrow,,G,KIDNEYDISEASE,COV
All kidney disease,ICD10CM,S37.069S,"Major laceration of unspecified kidney, sequela",C2839622,"Major laceration of unspecified kidney, sequela",narrow,,G,KIDNEYDISEASE,COV
All kidney disease,ICD10CM,S37.069D,"Major laceration of unspecified kidney, subsequent encounter",C2839621,"Major laceration of unspecified kidney, subsequent encounter",narrow,,G,KIDNEYDISEASE,COV
All kidney disease,ICD10CM,S37.069A,"Major laceration of unspecified kidney, initial encounter",C2839620,"Major laceration of unspecified kidney, initial encounter",narrow,,G,KIDNEYDISEASE,COV
All kidney disease,ICD10CM,D41.1,Neoplasm of uncertain behavior of renal pelvis,C0348902,Neoplasm of uncertain or unknown behavior of renal pelvis,possible,,G,KIDNEYDISEASE,COV
All kidney disease,ICD10CM,D41.10,Neoplasm of uncertain behavior of unspecified renal pelvis,-,-,possible,Desc: code D41.1,G,KIDNEYDISEASE,COV
All kidney disease,ICD10CM,Z99.2,Dependence on renal dialysis,C0524376,Dependence on renal dialysis,narrow,,G,KIDNEYDISEASE,COV
All kidney disease,ICD10CM,T73.1,Deprivation of water,C0869332,Deprivation of water,exclude,,G,KIDNEYDISEASE,COV
All kidney disease,ICD10CM,T73.1XXA,"Deprivation of water, initial encounter",-,-,exclude,Desc: code T73.1,G,KIDNEYDISEASE,COV
All kidney disease,ICD10CM,T73.1XXD,"Deprivation of water, subsequent encounter",-,-,exclude,Desc: code T73.1,G,KIDNEYDISEASE,COV
All kidney disease,ICD10CM,T73.1XXS,"Deprivation of water, sequela",-,-,exclude,Desc: code T73.1,G,KIDNEYDISEASE,COV
All kidney disease,ICD10CM,N18.32,"Chronic kidney disease, stage 3b",C3839870,Chronic kidney disease stage 3B,narrow,,G,KIDNEYDISEASE,COV
All kidney disease,ICD10CM,N28.81,Hypertrophy of kidney,C0156259,Hypertrophy of kidney,narrow,,G,KIDNEYDISEASE,COV
All kidney disease,ICD10CM,N15.1,Renal and perinephric abscess,C0156253,Renal and perinephric abscess,narrow,,G,KIDNEYDISEASE,COV
All kidney disease,ICD10CM,N20.2,Calculus of kidney with calculus of ureter,C0156257,Calculus of kidney and ureter,possible,,G,KIDNEYDISEASE,COV
All kidney disease,ICD10CM,N28.85,Pyeloureteritis cystica,C0156254,Pyeloureteritis cystica,possible,,G,KIDNEYDISEASE,COV
All kidney disease,ICD10CM,K76.7,Hepatorenal syndrome,C0019212,Hepatorenal Syndrome,narrow,,G,KIDNEYDISEASE,COV
All kidney disease,ICD10CM,R57.1,Hypovolemic shock,C0020683,Hypovolemic Shock,possible,,G,KIDNEYDISEASE,COV
All kidney disease,ICD10CM,E87.20,Metabolic acidosis NOS,C0220981,Metabolic acidosis,exclude,,G,KIDNEYDISEASE,COV
All kidney disease,ICD10CM,N26,Unspecified contracted kidney,C3495403,Contracted kidney,narrow,,G,KIDNEYDISEASE,COV
All kidney disease,ICD10CM,N26.1,Atrophy of kidney (terminal),-,-,narrow,Desc: code N26,G,KIDNEYDISEASE,COV
All kidney disease,ICD10CM,N26.2,Page kidney,-,-,narrow,Desc: code N26,G,KIDNEYDISEASE,COV
All kidney disease,ICD10CM,T82.4,Mechanical complication of vascular dialysis catheter,C0274335,Mechanical complication of vascular dialysis catheter,narrow,,G,KIDNEYDISEASE,COV
All kidney disease,ICD10CM,T82.41,Breakdown (mechanical) of vascular dialysis catheter,-,-,narrow,Desc: code T82.4,G,KIDNEYDISEASE,COV
All kidney disease,ICD10CM,T82.41XA,"Breakdown (mechanical) of vascular dialysis catheter, initial encounter",-,-,narrow,Desc: code T82.4,G,KIDNEYDISEASE,COV
All kidney disease,ICD10CM,T82.41XD,"Breakdown (mechanical) of vascular dialysis catheter, subsequent encounter",-,-,narrow,Desc: code T82.4,G,KIDNEYDISEASE,COV
All kidney disease,ICD10CM,T82.41XS,"Breakdown (mechanical) of vascular dialysis catheter, sequela",-,-,narrow,Desc: code T82.4,G,KIDNEYDISEASE,COV
All kidney disease,ICD10CM,T82.42,Displacement of vascular dialysis catheter,-,-,narrow,Desc: code T82.4,G,KIDNEYDISEASE,COV
All kidney disease,ICD10CM,T82.42XA,"Displacement of vascular dialysis catheter, initial encounter",-,-,narrow,Desc: code T82.4,G,KIDNEYDISEASE,COV
All kidney disease,ICD10CM,T82.42XD,"Displacement of vascular dialysis catheter, subsequent encounter",-,-,narrow,Desc: code T82.4,G,KIDNEYDISEASE,COV
All kidney disease,ICD10CM,T82.42XS,"Displacement of vascular dialysis catheter, sequela",-,-,narrow,Desc: code T82.4,G,KIDNEYDISEASE,COV
All kidney disease,ICD10CM,T82.43,Leakage of vascular dialysis catheter,-,-,narrow,Desc: code T82.4,G,KIDNEYDISEASE,COV
All kidney disease,ICD10CM,T82.43XA,"Leakage of vascular dialysis catheter, initial encounter",-,-,narrow,Desc: code T82.4,G,KIDNEYDISEASE,COV
All kidney disease,ICD10CM,T82.43XD,"Leakage of vascular dialysis catheter, subsequent encounter",-,-,narrow,Desc: code T82.4,G,KIDNEYDISEASE,COV
All kidney disease,ICD10CM,T82.43XS,"Leakage of vascular dialysis catheter, sequela",-,-,narrow,Desc: code T82.4,G,KIDNEYDISEASE,COV
All kidney disease,ICD10CM,T82.49,Other complication of vascular dialysis catheter,-,-,narrow,Desc: code T82.4,G,KIDNEYDISEASE,COV
All kidney disease,ICD10CM,T82.49XA,"Other complication of vascular dialysis catheter, initial encounter",-,-,narrow,Desc: code T82.4,G,KIDNEYDISEASE,COV
All kidney disease,ICD10CM,T82.49XD,"Other complication of vascular dialysis catheter, subsequent encounter",-,-,narrow,Desc: code T82.4,G,KIDNEYDISEASE,COV
All kidney disease,ICD10CM,T82.49XS,"Other complication of vascular dialysis catheter, sequela",-,-,narrow,Desc: code T82.4,G,KIDNEYDISEASE,COV
All kidney disease,ICD10CM,D30.0,Benign neoplasm of kidney,C0496892,Benign neoplasm of kidney,possible,,G,KIDNEYDISEASE,COV
All kidney disease,ICD10CM,D30.00,Benign neoplasm of unspecified kidney,-,-,possible,Desc: code D30.0,G,KIDNEYDISEASE,COV
All kidney disease,ICD10CM,D30.01,Benign neoplasm of right kidney,-,-,possible,Desc: code D30.0,G,KIDNEYDISEASE,COV
All kidney disease,ICD10CM,D30.02,Benign neoplasm of left kidney,-,-,possible,Desc: code D30.0,G,KIDNEYDISEASE,COV
All kidney disease,ICD10CM,N14.0,Analgesic nephropathy,C0149938,Analgesic nephropathy,narrow,,G,KIDNEYDISEASE,COV
All kidney disease,ICD10CM,J96.12,Chronic respiratory acidosis,C0268048,Chronic respiratory acidosis,exclude,,G,KIDNEYDISEASE,COV
All kidney disease,ICD10CM,J96.02,Acute respiratory acidosis,C0268047,Acute respiratory acidosis,possible,,G,KIDNEYDISEASE,COV
All kidney disease,ICD10CM,N07.5,"Hereditary nephropathy, not elsewhere classified with diffuse mesangiocapillary glomerulonephritis",C0868881,"Hereditary nephropathy, not elsewhere classified with diffuse mesangiocapillary glomerulonephritis in ICD10CM",narrow,,G,KIDNEYDISEASE,COV
All kidney disease,ICD10CM,N07.6,"Hereditary nephropathy, not elsewhere classified with dense deposit disease",C0868882,"Hereditary nephropathy, not elsewhere classified with dense deposit disease in ICD10CM",narrow,,G,KIDNEYDISEASE,COV
All kidney disease,ICD10CM,N07.7,"Hereditary nephropathy, not elsewhere classified with diffuse crescentic glomerulonephritis",C0868883,"Hereditary nephropathy, not elsewhere classified with diffuse crescentic glomerulonephritis in ICD10CM",narrow,,G,KIDNEYDISEASE,COV
All kidney disease,ICD10CM,N07.4,"Hereditary nephropathy, not elsewhere classified with diffuse endocapillary proliferative glomerulonephritis",C0868880,"Hereditary nephropathy, not elsewhere classified with diffuse endocapillary proliferative glomerulonephritis in ICD10CM",narrow,,G,KIDNEYDISEASE,COV
All kidney disease,ICD10CM,N27,Small kidney of unknown cause,C0156247,Small kidney,possible,,G,KIDNEYDISEASE,COV
All kidney disease,ICD10CM,N27.9,"Small kidney, unspecified",C0156247,Small kidney,possible,,G,KIDNEYDISEASE,COV
All kidney disease,ICD10CM,N27.1,"Small kidney, bilateral",C0156246,Bilateral small kidney,possible,,G,KIDNEYDISEASE,COV
All kidney disease,ICD10CM,N27.0,"Small kidney, unilateral",C0156245,Unilateral small kidney,possible,,G,KIDNEYDISEASE,COV
All kidney disease,ICD10CM,E71.41,Primary carnitine deficiency,C0342788,Renal carnitine transport defect,narrow,,G,KIDNEYDISEASE,COV
All kidney disease,ICD10CM,N03.0,Chronic nephritic syndrome with minor glomerular abnormality,C0555998,"Chronic nephritic syndrome, minor glomerular abnormality",narrow,,G,KIDNEYDISEASE,COV
All kidney disease,ICD10CM,S37.01,Minor contusion of kidney,C0238206,Contusion of kidney,narrow,,G,KIDNEYDISEASE,COV
All kidney disease,ICD10CM,Q61.2,"Polycystic kidney, adult type",C0085413,"Polycystic Kidney, Autosomal Dominant",narrow,,G,KIDNEYDISEASE,COV
All kidney disease,ICD10CM,T86.11,Kidney transplant rejection,C0238217,Renal transplant rejection,narrow,,G,KIDNEYDISEASE,COV
All kidney disease,ICD10CM,N07.3,"Hereditary nephropathy, not elsewhere classified with diffuse mesangial proliferative glomerulonephritis",C0868878,"Hereditary nephropathy, not elsewhere classified with diffuse mesangial proliferative glomerulonephritis in ICD10CM",narrow,,G,KIDNEYDISEASE,COV
All kidney disease,ICD10CM,N07.1,"Hereditary nephropathy, not elsewhere classified with focal and segmental glomerular lesions",C0868874,"Hereditary nephropathy, not elsewhere classified with focal and segmental glomerular lesions in ICD10CM",narrow,,G,KIDNEYDISEASE,COV
All kidney disease,ICD10CM,N07.2,"Hereditary nephropathy, not elsewhere classified with diffuse membranous glomerulonephritis",C0868875,"Hereditary nephropathy, not elsewhere classified with diffuse membranous glomerulonephritis in ICD10CM",narrow,,G,KIDNEYDISEASE,COV
All kidney disease,ICD10CM,N07,"Hereditary nephropathy, not elsewhere classified",C0868872,"Hereditary nephropathy, not elsewhere classified in ICD10CM",narrow,,G,KIDNEYDISEASE,COV
All kidney disease,ICD10CM,N07.B,"Hereditary nephropathy, not elsewhere classified with APOL1-mediated kidney disease [AMKD]",-,-,narrow,Desc: code N07,G,KIDNEYDISEASE,COV
All kidney disease,ICD10CM,N07.0,"Hereditary nephropathy, not elsewhere classified with minor glomerular abnormality",C0868873,"Hereditary nephropathy, not elsewhere classified with minor glomerular abnormality in ICD10CM",narrow,,G,KIDNEYDISEASE,COV
All kidney disease,ICD10CM,N03.3,Chronic nephritic syndrome with diffuse mesangial proliferative glomerulonephritis,C0403428,Chronic mesangial proliferative glomerulonephritis,narrow,,G,KIDNEYDISEASE,COV
All kidney disease,ICD10CM,D30.1,Benign neoplasm of renal pelvis,C0154015,Benign neoplasm of renal pelvis,possible,,G,KIDNEYDISEASE,COV
All kidney disease,ICD10CM,D30.10,Benign neoplasm of unspecified renal pelvis,-,-,possible,Desc: code D30.1,G,KIDNEYDISEASE,COV
All kidney disease,ICD10CM,S37.022D,"Major contusion of left kidney, subsequent encounter",C2839559,"Major contusion of left kidney, subsequent encounter",narrow,,G,KIDNEYDISEASE,COV
All kidney disease,ICD10CM,S37.022A,"Major contusion of left kidney, initial encounter",C2839558,"Major contusion of left kidney, initial encounter",narrow,,G,KIDNEYDISEASE,COV
All kidney disease,ICD10CM,S37.022,Major contusion of left kidney,C2839557,Major contusion of left kidney,narrow,,G,KIDNEYDISEASE,COV
All kidney disease,ICD10CM,S37.021S,"Major contusion of right kidney, sequela",C2839556,"Major contusion of right kidney, sequela",narrow,,G,KIDNEYDISEASE,COV
All kidney disease,ICD10CM,S37.021D,"Major contusion of right kidney, subsequent encounter",C2839555,"Major contusion of right kidney, subsequent encounter",narrow,,G,KIDNEYDISEASE,COV
All kidney disease,ICD10CM,N14.2,"Nephropathy induced by unspecified drug, medicament or biological substance",C0495053,"Nephropathy induced by unspecified drug, medicament or biological substance",narrow,,G,KIDNEYDISEASE,COV
All kidney disease,ICD10CM,S37.021A,"Major contusion of right kidney, initial encounter",C2839554,"Major contusion of right kidney, initial encounter",narrow,,G,KIDNEYDISEASE,COV
All kidney disease,ICD10CM,S37.021,Major contusion of right kidney,C2839553,Major contusion of right kidney,narrow,,G,KIDNEYDISEASE,COV
All kidney disease,ICD10CM,S37.02,Major contusion of kidney,C2839552,Major contusion of kidney,narrow,,G,KIDNEYDISEASE,COV
All kidney disease,ICD10CM,N15,Other renal tubulo-interstitial diseases,C0495054,Other renal tubulo-interstitial diseases,narrow,,G,KIDNEYDISEASE,COV
All kidney disease,ICD10CM,S37.019S,"Minor contusion of unspecified kidney, sequela",C2839550,"Minor contusion of unspecified kidney, sequela",narrow,,G,KIDNEYDISEASE,COV
All kidney disease,ICD10CM,S37.032,"Laceration of left kidney, unspecified degree",C2839570,"Laceration of left kidney, unspecified degree",narrow,,G,KIDNEYDISEASE,COV
All kidney disease,ICD10CM,P96.0,Congenital renal failure,C0410932,Congenital renal failure,narrow,,G,KIDNEYDISEASE,COV
All kidney disease,ICD10CM,S37.031S,"Laceration of right kidney, unspecified degree, sequela",C2839569,"Laceration of right kidney, unspecified degree, sequela",narrow,,G,KIDNEYDISEASE,COV
All kidney disease,ICD10CM,S37.031D,"Laceration of right kidney, unspecified degree, subsequent encounter",C2839568,"Laceration of right kidney, unspecified degree, subsequent encounter",narrow,,G,KIDNEYDISEASE,COV
All kidney disease,ICD10CM,S37.031A,"Laceration of right kidney, unspecified degree, initial encounter",C2839567,"Laceration of right kidney, unspecified degree, initial encounter",narrow,,G,KIDNEYDISEASE,COV
All kidney disease,ICD10CM,S37.031,"Laceration of right kidney, unspecified degree",C2839566,"Laceration of right kidney, unspecified degree",narrow,,G,KIDNEYDISEASE,COV
All kidney disease,ICD10CM,S37.03,"Laceration of kidney, unspecified degree",C2839565,"Laceration of kidney, unspecified degree",narrow,,G,KIDNEYDISEASE,COV
All kidney disease,ICD10CM,N28,"Oth disorders of kidney and ureter, not elsewhere classified",C0495063,"Other disorders of kidney and ureter, not elsewhere classified",possible,,G,KIDNEYDISEASE,COV
All kidney disease,ICD10CM,S37.029S,"Major contusion of unspecified kidney, sequela",C2839564,"Major contusion of unspecified kidney, sequela",narrow,,G,KIDNEYDISEASE,COV
All kidney disease,ICD10CM,S37.029D,"Major contusion of unspecified kidney, subsequent encounter",C2839563,"Major contusion of unspecified kidney, subsequent encounter",narrow,,G,KIDNEYDISEASE,COV
All kidney disease,ICD10CM,S37.029A,"Major contusion of unspecified kidney, initial encounter",C2839562,"Major contusion of unspecified kidney, initial encounter",narrow,,G,KIDNEYDISEASE,COV
All kidney disease,ICD10CM,S37.029,Major contusion of unspecified kidney,C2839561,Major contusion of unspecified kidney,narrow,,G,KIDNEYDISEASE,COV
All kidney disease,ICD10CM,S37.022S,"Major contusion of left kidney, sequela",C2839560,"Major contusion of left kidney, sequela",narrow,,G,KIDNEYDISEASE,COV
All kidney disease,ICD10CM,S37.011,Minor contusion of right kidney,C2839539,Minor contusion of right kidney,narrow,,G,KIDNEYDISEASE,COV
All kidney disease,ICD10CM,S37.009S,"Unspecified injury of unspecified kidney, sequela",C2839536,"Unspecified injury of unspecified kidney, sequela",narrow,,G,KIDNEYDISEASE,COV
All kidney disease,ICD10CM,S37.009D,"Unspecified injury of unspecified kidney, subsequent encounter",C2839535,"Unspecified injury of unspecified kidney, subsequent encounter",narrow,,G,KIDNEYDISEASE,COV
All kidney disease,ICD10CM,S37.009A,"Unspecified injury of unspecified kidney, initial encounter",C2839534,"Unspecified injury of unspecified kidney, initial encounter",narrow,,G,KIDNEYDISEASE,COV
All kidney disease,ICD10CM,S37.009,Unspecified injury of unspecified kidney,C2839533,Unspecified injury of unspecified kidney,narrow,,G,KIDNEYDISEASE,COV
All kidney disease,ICD10CM,S37.002S,"Unspecified injury of left kidney, sequela",C2839532,"Unspecified injury of left kidney, sequela",narrow,,G,KIDNEYDISEASE,COV
All kidney disease,ICD10CM,S37.002D,"Unspecified injury of left kidney, subsequent encounter",C2839531,"Unspecified injury of left kidney, subsequent encounter",narrow,,G,KIDNEYDISEASE,COV
All kidney disease,ICD10CM,S37.002A,"Unspecified injury of left kidney, initial encounter",C2839530,"Unspecified injury of left kidney, initial encounter",narrow,,G,KIDNEYDISEASE,COV
All kidney disease,ICD10CM,Z49.32,Encounter for adequacy testing for peritoneal dialysis,C0878732,Encounter for adequacy testing for peritoneal dialysis,narrow,,G,KIDNEYDISEASE,COV
All kidney disease,ICD10CM,S37.019D,"Minor contusion of unspecified kidney, subsequent encounter",C2839549,"Minor contusion of unspecified kidney, subsequent encounter",narrow,,G,KIDNEYDISEASE,COV
All kidney disease,ICD10CM,S37.019A,"Minor contusion of unspecified kidney, initial encounter",C2839548,"Minor contusion of unspecified kidney, initial encounter",narrow,,G,KIDNEYDISEASE,COV
All kidney disease,ICD10CM,S37.019,Minor contusion of unspecified kidney,C2839547,Minor contusion of unspecified kidney,narrow,,G,KIDNEYDISEASE,COV
All kidney disease,ICD10CM,S37.012S,"Minor contusion of left kidney, sequela",C2839546,"Minor contusion of left kidney, sequela",narrow,,G,KIDNEYDISEASE,COV
All kidney disease,ICD10CM,S37.012D,"Minor contusion of left kidney, subsequent encounter",C2839545,"Minor contusion of left kidney, subsequent encounter",narrow,,G,KIDNEYDISEASE,COV
All kidney disease,ICD10CM,S37.012A,"Minor contusion of left kidney, initial encounter",C2839544,"Minor contusion of left kidney, initial encounter",narrow,,G,KIDNEYDISEASE,COV
All kidney disease,ICD10CM,S37.012,Minor contusion of left kidney,C2839543,Minor contusion of left kidney,narrow,,G,KIDNEYDISEASE,COV
All kidney disease,ICD10CM,S37.011S,"Minor contusion of right kidney, sequela",C2839542,"Minor contusion of right kidney, sequela",narrow,,G,KIDNEYDISEASE,COV
All kidney disease,ICD10CM,S37.011D,"Minor contusion of right kidney, subsequent encounter",C2839541,"Minor contusion of right kidney, subsequent encounter",narrow,,G,KIDNEYDISEASE,COV
All kidney disease,ICD10CM,S37.011A,"Minor contusion of right kidney, initial encounter",C2839540,"Minor contusion of right kidney, initial encounter",narrow,,G,KIDNEYDISEASE,COV
All kidney disease,ICD10CM,S37.052A,"Moderate laceration of left kidney, initial encounter",C2839599,"Moderate laceration of left kidney, initial encounter",narrow,,G,KIDNEYDISEASE,COV
All kidney disease,ICD10CM,S37.052,Moderate laceration of left kidney,C2839598,Moderate laceration of left kidney,narrow,,G,KIDNEYDISEASE,COV
All kidney disease,ICD10CM,S37.051S,"Moderate laceration of right kidney, sequela",C2839597,"Moderate laceration of right kidney, sequela",narrow,,G,KIDNEYDISEASE,COV
All kidney disease,ICD10CM,S37.051D,"Moderate laceration of right kidney, subsequent encounter",C2839596,"Moderate laceration of right kidney, subsequent encounter",narrow,,G,KIDNEYDISEASE,COV
All kidney disease,ICD10CM,S37.051A,"Moderate laceration of right kidney, initial encounter",C2839595,"Moderate laceration of right kidney, initial encounter",narrow,,G,KIDNEYDISEASE,COV
All kidney disease,ICD10CM,S37.051,Moderate laceration of right kidney,C2839594,Moderate laceration of right kidney,narrow,,G,KIDNEYDISEASE,COV
All kidney disease,ICD10CM,S37.05,Moderate laceration of kidney,C2839593,Moderate laceration of kidney,narrow,,G,KIDNEYDISEASE,COV
All kidney disease,ICD10CM,S37.041A,"Minor laceration of right kidney, initial encounter",C2839581,"Minor laceration of right kidney, initial encounter",narrow,,G,KIDNEYDISEASE,COV
All kidney disease,ICD10CM,S37.041,Minor laceration of right kidney,C2839580,Minor laceration of right kidney,narrow,,G,KIDNEYDISEASE,COV
All kidney disease,ICD10CM,R34,Anuria and oliguria,C0028962,Anuria and oliguria,possible,,G,KIDNEYDISEASE,COV
All kidney disease,ICD10CM,Q60.5,"Renal hypoplasia, unspecified",C0266295,Congenital hypoplasia of kidney,possible,,G,KIDNEYDISEASE,COV
All kidney disease,ICD10CM,S37.04,Minor laceration of kidney,C2839579,Minor laceration of kidney,narrow,,G,KIDNEYDISEASE,COV
All kidney disease,ICD10CM,Q63.9,"Congenital malformation of kidney, unspecified",C0266292,Congenital anomaly of the kidney,possible,,G,KIDNEYDISEASE,COV
All kidney disease,ICD10CM,S37.039S,"Laceration of unspecified kidney, unspecified degree, sequela",C2839577,"Laceration of unspecified kidney, unspecified degree, sequela",narrow,,G,KIDNEYDISEASE,COV
All kidney disease,ICD10CM,S37.039D,"Laceration of unspecified kidney, unspecified degree, subsequent encounter",C2839576,"Laceration of unspecified kidney, unspecified degree, subsequent encounter",narrow,,G,KIDNEYDISEASE,COV
All kidney disease,ICD10CM,S37.039A,"Laceration of unspecified kidney, unspecified degree, initial encounter",C2839575,"Laceration of unspecified kidney, unspecified degree, initial encounter",narrow,,G,KIDNEYDISEASE,COV
All kidney disease,ICD10CM,S37.039,"Laceration of unspecified kidney, unspecified degree",C2839574,"Laceration of unspecified kidney, unspecified degree",narrow,,G,KIDNEYDISEASE,COV
All kidney disease,ICD10CM,S37.032S,"Laceration of left kidney, unspecified degree, sequela",C2839573,"Laceration of left kidney, unspecified degree, sequela",narrow,,G,KIDNEYDISEASE,COV
All kidney disease,ICD10CM,S37.032D,"Laceration of left kidney, unspecified degree, subsequent encounter",C2839572,"Laceration of left kidney, unspecified degree, subsequent encounter",narrow,,G,KIDNEYDISEASE,COV
All kidney disease,ICD10CM,S37.032A,"Laceration of left kidney, unspecified degree, initial encounter",C2839571,"Laceration of left kidney, unspecified degree, initial encounter",narrow,,G,KIDNEYDISEASE,COV
All kidney disease,ICD10CM,S37.049S,"Minor laceration of unspecified kidney, sequela",C2839591,"Minor laceration of unspecified kidney, sequela",narrow,,G,KIDNEYDISEASE,COV
All kidney disease,ICD10CM,S37.049D,"Minor laceration of unspecified kidney, subsequent encounter",C2839590,"Minor laceration of unspecified kidney, subsequent encounter",narrow,,G,KIDNEYDISEASE,COV
All kidney disease,ICD10CM,N11.1,Chronic obstructive pyelonephritis,C0403389,Chronic obstructive pyelonephritis,narrow,,G,KIDNEYDISEASE,COV
All kidney disease,ICD10CM,S37.049A,"Minor laceration of unspecified kidney, initial encounter",C2839589,"Minor laceration of unspecified kidney, initial encounter",narrow,,G,KIDNEYDISEASE,COV
All kidney disease,ICD10CM,S37.049,Minor laceration of unspecified kidney,C2839588,Minor laceration of unspecified kidney,narrow,,G,KIDNEYDISEASE,COV
All kidney disease,ICD10CM,S37.042S,"Minor laceration of left kidney, sequela",C2839587,"Minor laceration of left kidney, sequela",narrow,,G,KIDNEYDISEASE,COV
All kidney disease,ICD10CM,S37.042D,"Minor laceration of left kidney, subsequent encounter",C2839586,"Minor laceration of left kidney, subsequent encounter",narrow,,G,KIDNEYDISEASE,COV
All kidney disease,ICD10CM,S37.042A,"Minor laceration of left kidney, initial encounter",C2839585,"Minor laceration of left kidney, initial encounter",narrow,,G,KIDNEYDISEASE,COV
All kidney disease,ICD10CM,S37.042,Minor laceration of left kidney,C2839584,Minor laceration of left kidney,narrow,,G,KIDNEYDISEASE,COV
All kidney disease,ICD10CM,S37.041S,"Minor laceration of right kidney, sequela",C2839583,"Minor laceration of right kidney, sequela",narrow,,G,KIDNEYDISEASE,COV
All kidney disease,ICD10CM,S37.041D,"Minor laceration of right kidney, subsequent encounter",C2839582,"Minor laceration of right kidney, subsequent encounter",narrow,,G,KIDNEYDISEASE,COV
All kidney disease,ICD10CM,D63.1,Anemia in chronic kidney disease,C1561828,Anemia in chronic kidney disease,narrow,,G,KIDNEYDISEASE,COV
All kidney disease,ICD10CM,B52.0,Plasmodium malariae malaria with nephropathy,C0348988,Plasmodium malariae malaria with nephropathy,narrow,,G,KIDNEYDISEASE,COV
All kidney disease,ICD10CM,T79.5XXS,"Traumatic anuria, sequela",C2886737,"Traumatic anuria, sequela",possible,,G,KIDNEYDISEASE,COV
All kidney disease,ICD10CM,T79.5XXA,"Traumatic anuria, initial encounter",C2886735,"Traumatic anuria, initial encounter",possible,,G,KIDNEYDISEASE,COV
All kidney disease,ICD10CM,T79.5XXD,"Traumatic anuria, subsequent encounter",C2886736,"Traumatic anuria, subsequent encounter",possible,,G,KIDNEYDISEASE,COV
All kidney disease,ICD10CM,S37.002,Unspecified injury of left kidney,C2839529,Unspecified injury of left kidney,narrow,,G,KIDNEYDISEASE,COV
All kidney disease,ICD10CM,S37.001S,"Unspecified injury of right kidney, sequela",C2839528,"Unspecified injury of right kidney, sequela",narrow,,G,KIDNEYDISEASE,COV
All kidney disease,ICD10CM,S37.001D,"Unspecified injury of right kidney, subsequent encounter",C2839527,"Unspecified injury of right kidney, subsequent encounter",narrow,,G,KIDNEYDISEASE,COV
All kidney disease,ICD10CM,S37.001A,"Unspecified injury of right kidney, initial encounter",C2839526,"Unspecified injury of right kidney, initial encounter",narrow,,G,KIDNEYDISEASE,COV
All kidney disease,ICD10CM,S37.001,Unspecified injury of right kidney,C2839525,Unspecified injury of right kidney,narrow,,G,KIDNEYDISEASE,COV
All kidney disease,ICD10CM,N06.1,Isolated proteinuria with focal and segmental glomerular lesions,C0495037,Isolated proteinuria with focal and segmental glomerular lesions,narrow,,G,KIDNEYDISEASE,COV
All kidney disease,ICD10CM,N06.0,Isolated proteinuria with minor glomerular abnormality,C0495036,Isolated proteinuria with minor glomerular abnormality,narrow,,G,KIDNEYDISEASE,COV
All kidney disease,ICD10CM,N06.3,Isolated proteinuria with diffuse mesangial proliferative glomerulonephritis,C0495039,Isolated proteinuria with diffuse mesangial proliferative glomerulonephritis,narrow,,G,KIDNEYDISEASE,COV
All kidney disease,ICD10CM,N06.2,Isolated proteinuria w diffuse membranous glomerulonephritis,C0495038,Isolated proteinuria with diffuse membranous glomerulonephritis,narrow,,G,KIDNEYDISEASE,COV
All kidney disease,ICD10CM,N05.1,Unspecified nephritic syndrome with focal and segmental glomerular lesions,C0495031,"Unspecified nephritic syndrome, focal and segmental glomerular lesions",narrow,,G,KIDNEYDISEASE,COV
All kidney disease,ICD10CM,N05.5,Unspecified nephritic syndrome with diffuse mesangiocapillary glomerulonephritis,C0495033,"Unspecified nephritic syndrome, diffuse mesangiocapillary glomerulonephritis",narrow,,G,KIDNEYDISEASE,COV
All kidney disease,ICD10CM,N05.2,Unspecified nephritic syndrome with diffuse membranous glomerulonephritis,C0495032,"Unspecified nephritic syndrome, diffuse membranous glomerulonephritis",narrow,,G,KIDNEYDISEASE,COV
All kidney disease,ICD10CM,N05.7,Unspecified nephritic syndrome with diffuse crescentic glomerulonephritis,C0495034,"Unspecified nephritic syndrome, diffuse crescentic glomerulonephritis",narrow,,G,KIDNEYDISEASE,COV
All kidney disease,ICD10CM,N13.0,Hydronephrosis with ureteropelvic junction obstruction,C0495049,Hydronephrosis with ureteropelvic junction obstruction,narrow,,G,KIDNEYDISEASE,COV
All kidney disease,ICD10CM,T86.13,Kidney transplant infection,C2891270,Infection of transplanted kidney,narrow,,G,KIDNEYDISEASE,COV
All kidney disease,ICD10CM,N06.4,Isolated proteinuria with diffuse endocapillary proliferative glomerulonephritis,C0495040,Isolated proteinuria with diffuse endocapillary proliferative glomerulonephritis,narrow,,G,KIDNEYDISEASE,COV
All kidney disease,ICD10CM,N06.6,Isolated proteinuria with dense deposit disease,C0495042,Isolated proteinuria with dense deposit disease,narrow,,G,KIDNEYDISEASE,COV
All kidney disease,ICD10CM,N06.5,Isolated proteinuria with diffuse mesangiocapillary glomerulonephritis,C0495041,Isolated proteinuria with diffuse mesangiocapillary glomerulonephritis,narrow,,G,KIDNEYDISEASE,COV
All kidney disease,ICD10CM,N06.7,Isolated proteinuria with diffuse crescentic glomerulonephritis,C0495043,Isolated proteinuria with diffuse crescentic glomerulonephritis,narrow,,G,KIDNEYDISEASE,COV
All kidney disease,ICD9CM,E871.2,Foreign object left in body during kidney dialysis or other perfusion,C0481233,Foreign object accidentally left in body during kidney dialysis or other perfusion,narrow,,G,KIDNEYDISEASE,COV
All kidney disease,ICD9CM,866.13,"Injury to kidney with open wound into cavity, complete disruption of kidney parenchyma",C0160430,Complete disruption of kidney parenchyma with open wound into cavity,narrow,,G,KIDNEYDISEASE,COV
All kidney disease,ICD9CM,403.90,"Hypertensive chronic kidney disease, unspecified, with chronic kidney disease stage I through stage IV, or unspecified",C0494574,"Hypertensive renal disease, unspecified, without mention of renal failure",narrow,,G,KIDNEYDISEASE,COV
All kidney disease,ICD9CM,404.93,"Hypertensive heart and chronic kidney disease, unspecified, with heart failure and chronic kidney disease stage V or end stage renal disease",C0494576,Hypertensive heart and renal disease with both (congestive) heart failure and renal failure,narrow,,G,KIDNEYDISEASE,COV
All kidney disease,ICD9CM,866.0,Injury to kidney without mention of open wound into cavity,C0160422,Closed injury of kidney,possible,,G,KIDNEYDISEASE,COV
All kidney disease,ICD9CM,866.00,"Injury to kidney without mention of open wound into cavity, unspecified injury",C0160422,Closed injury of kidney,possible,,G,KIDNEYDISEASE,COV
All kidney disease,ICD9CM,866.01,"Injury to kidney without mention of open wound into cavity, hematoma without rupture of capsule",C0160423,"Injury to kidney without mention of open wound into cavity, hematoma without rupture of capsule",possible,,G,KIDNEYDISEASE,COV
All kidney disease,ICD9CM,866,Injury to kidney,C0160420,Injury of kidney,narrow,,G,KIDNEYDISEASE,COV
All kidney disease,ICD9CM,866.11,"Injury to kidney with open wound into cavity, hematoma without rupture of capsule",C0160428,"Kidney hematoma without rupture of capsule, with open wound into cavity",narrow,,G,KIDNEYDISEASE,COV
All kidney disease,ICD9CM,866.12,"Injury to kidney with open wound into cavity, laceration",C0160429,Laceration of kidney with open wound into cavity,narrow,,G,KIDNEYDISEASE,COV
All kidney disease,ICD9CM,866.10,"Injury to kidney with open wound into cavity, unspecified injury",C0160427,Injury to kidney with open wound into cavity,narrow,,G,KIDNEYDISEASE,COV
All kidney disease,ICD9CM,866.1,Injury to kidney with open wound into cavity,C0160427,Injury to kidney with open wound into cavity,narrow,,G,KIDNEYDISEASE,COV
All kidney disease,ICD9CM,866.02,"Injury to kidney without mention of open wound into cavity, laceration",C0160424,Laceration of kidney without mention of open wound into cavity,narrow,,G,KIDNEYDISEASE,COV
All kidney disease,ICD9CM,016.2,Tuberculosis of ureter,C0152800,Tuberculosis of ureter,possible,,G,KIDNEYDISEASE,COV
All kidney disease,ICD9CM,016.20,"Tuberculosis of ureter, unspecified",-,-,possible,Desc: code 016.2,G,KIDNEYDISEASE,COV
All kidney disease,ICD9CM,016.21,"Tuberculosis of ureter, bacteriological or histological examination not done",-,-,possible,Desc: code 016.2,G,KIDNEYDISEASE,COV
All kidney disease,ICD9CM,016.22,"Tuberculosis of ureter, bacteriological or histological examination unknown (at present)",-,-,possible,Desc: code 016.2,G,KIDNEYDISEASE,COV
All kidney disease,ICD9CM,016.23,"Tuberculosis of ureter, tubercle bacilli found (in sputum) by microscopy",-,-,possible,Desc: code 016.2,G,KIDNEYDISEASE,COV
All kidney disease,ICD9CM,016.24,"Tuberculosis of ureter, tubercle bacilli not found (in sputum) by microscopy, but found by bacterial culture",-,-,possible,Desc: code 016.2,G,KIDNEYDISEASE,COV
All kidney disease,ICD9CM,016.25,"Tuberculosis of ureter, tubercle bacilli not found by bacteriological examination, but tuberculosis confirmed histologically",-,-,possible,Desc: code 016.2,G,KIDNEYDISEASE,COV
All kidney disease,ICD9CM,016.26,"Tuberculosis of ureter, tubercle bacilli not found by bacteriological or histological examination, but tuberculosis confirmed by other methods [inoculation of animals]",-,-,possible,Desc: code 016.2,G,KIDNEYDISEASE,COV
All kidney disease,ICD9CM,592.0,Calculus of kidney,C0392525,Nephrolithiasis,possible,,G,KIDNEYDISEASE,COV
All kidney disease,ICD9CM,078.6,Hemorrhagic nephrosonephritis,C0019101,Hemorrhagic Fever with Renal Syndrome,narrow,,G,KIDNEYDISEASE,COV
All kidney disease,ICD9CM,E870.2,"Accidental cut, puncture, perforation or hemorrhage during kidney dialysis or other perfusion",C0261514,"Unintentional cut, puncture, perforation or haemorrhage during kidney dialysis or other perfusion",narrow,,G,KIDNEYDISEASE,COV
All kidney disease,ICD9CM,753.21,Congenital obstruction of ureteropelvic junction,C1298714,Congenital obstruction of ureteropelvic junction,possible,,G,KIDNEYDISEASE,COV
All kidney disease,ICD9CM,753.14,"Polycystic kidney, autosomal recessive",C0085548,Autosomal Recessive Polycystic Kidney Disease,narrow,,G,KIDNEYDISEASE,COV
All kidney disease,ICD9CM,588.8,Other specified disorders resulting from impaired renal function,C0029791,Other specified disorders resulting from impaired renal function,narrow,,G,KIDNEYDISEASE,COV
All kidney disease,ICD9CM,588.89,Other specified disorders resulting from impaired renal function,C0029791,Other specified disorders resulting from impaired renal function,narrow,,G,KIDNEYDISEASE,COV
All kidney disease,ICD9CM,581.3,Nephrotic syndrome with lesion of minimal change glomerulonephritis,C1704321,"Nephrotic Syndrome, Minimal Change",narrow,,G,KIDNEYDISEASE,COV
All kidney disease,ICD9CM,39.27,Arteriovenostomy for renal dialysis,C0189693,Arteriovenous anastomosis for renal dialysis,narrow,,G,KIDNEYDISEASE,COV
All kidney disease,ICD9CM,775.7,Late metabolic acidosis of newborn,C0158987,Late metabolic acidosis of newborn,possible,,G,KIDNEYDISEASE,COV
All kidney disease,ICD9CM,593.89,Other specified disorders of kidney and ureter,C0029781,Other specified disorders of kidney and ureter,possible,,G,KIDNEYDISEASE,COV
All kidney disease,ICD9CM,593.8,Other specified disorders of kidney and ureter,C0029781,Other specified disorders of kidney and ureter,possible,,G,KIDNEYDISEASE,COV
All kidney disease,ICD9CM,403.0,"Hypertensive chronic kidney disease, malignant",C1719462,Malignant hypertensive chronic kidney disease,narrow,,G,KIDNEYDISEASE,COV
All kidney disease,ICD9CM,403.00,"Hypertensive chronic kidney disease, malignant, with chronic kidney disease stage I through stage IV, or unspecified",-,-,narrow,Desc: code 403.0,G,KIDNEYDISEASE,COV
All kidney disease,ICD9CM,403.01,"Hypertensive chronic kidney disease, malignant, with chronic kidney disease stage V or end stage renal disease",-,-,narrow,Desc: code 403.0,G,KIDNEYDISEASE,COV
All kidney disease,ICD9CM,590.1,Acute pyelonephritis,C0520575,Acute pyelonephritis,narrow,,G,KIDNEYDISEASE,COV
All kidney disease,ICD9CM,590.10,Acute pyelonephritis without lesion of renal medullary necrosis,-,-,narrow,Desc: code 590.1,G,KIDNEYDISEASE,COV
All kidney disease,ICD9CM,590.11,Acute pyelonephritis with lesion of renal medullary necrosis,-,-,narrow,Desc: code 590.1,G,KIDNEYDISEASE,COV
All kidney disease,ICD9CM,404,Hypertensive heart and chronic kidney disease,C1719469,Hypertensive heart and chronic kidney disease,narrow,,G,KIDNEYDISEASE,COV
All kidney disease,ICD9CM,404.0,"Hypertensive heart and chronic kidney disease, malignant",-,-,narrow,Desc: code 404,G,KIDNEYDISEASE,COV
All kidney disease,ICD9CM,404.00,"Hypertensive heart and chronic kidney disease, malignant, without heart failure and with chronic kidney disease stage I through stage IV, or unspecified",-,-,narrow,Desc: code 404,G,KIDNEYDISEASE,COV
All kidney disease,ICD9CM,404.10,"Hypertensive heart and chronic kidney disease, benign, without heart failure and with chronic kidney disease stage I through stage IV, or unspecified",-,-,narrow,Desc: code 404,G,KIDNEYDISEASE,COV
All kidney disease,ICD9CM,404.90,"Hypertensive heart and chronic kidney disease, unspecified, without heart failure and with chronic kidney disease stage I through stage IV, or unspecified",-,-,narrow,Desc: code 404,G,KIDNEYDISEASE,COV
All kidney disease,ICD9CM,404.03,"Hypertensive heart and chronic kidney disease, malignant, with heart failure and with chronic kidney disease stage V or end stage renal disease",C1719467,"Hypertensive heart and chronic kidney disease, malignant, with heart failure and with chronic kidney disease stage V or end stage renal disease",narrow,,G,KIDNEYDISEASE,COV
All kidney disease,ICD9CM,404.02,"Hypertensive heart and chronic kidney disease, malignant, without heart failure and with chronic kidney disease stage V or end stage renal disease",C1719466,"Hypertensive heart and chronic kidney disease, malignant, without heart failure and with chronic kidney disease stage V or end stage renal disease",narrow,,G,KIDNEYDISEASE,COV
All kidney disease,ICD9CM,404.01,"Hypertensive heart and chronic kidney disease, malignant, with heart failure and with chronic kidney disease stage I through stage IV, or unspecified",C1719465,"Hypertensive heart and chronic kidney disease, malignant, with heart failure and with chronic kidney disease stage I through stage IV, or unspecified",narrow,,G,KIDNEYDISEASE,COV
All kidney disease,ICD9CM,635.3,Legally induced abortion complicated by renal failure,C0269469,"Legally induced abortion, complicated by renal failure,unspecified",narrow,,G,KIDNEYDISEASE,COV
All kidney disease,ICD9CM,635.30,"Legally induced abortion, complicated by renal failure,unspecified",C0269469,"Legally induced abortion, complicated by renal failure,unspecified",narrow,,G,KIDNEYDISEASE,COV
All kidney disease,ICD9CM,588.1,Nephrogenic diabetes insipidus,C0162283,Nephrogenic Diabetes Insipidus,narrow,,G,KIDNEYDISEASE,COV
All kidney disease,ICD9CM,582,Chronic glomerulonephritis,C0152451,Chronic glomerulonephritis,narrow,,G,KIDNEYDISEASE,COV
All kidney disease,ICD9CM,582.0,Chronic glomerulonephritis with lesion of proliferative glomerulonephritis,-,-,narrow,Desc: code 582,G,KIDNEYDISEASE,COV
All kidney disease,ICD9CM,276.51,Dehydration,C0011175,Dehydration,possible,,G,KIDNEYDISEASE,COV
All kidney disease,ICD9CM,639.3,Kidney failure following abortion and ectopic and molar pregnancies,C2712637,Kidney failure following abortion and ectopic and molar pregnancies,narrow,,G,KIDNEYDISEASE,COV
All kidney disease,ICD9CM,50.92,Extracorporeal hepatic assistance,C0176888,Extracorporeal circulation for hepatic assistance,exclude,,G,KIDNEYDISEASE,COV
All kidney disease,ICD9CM,209.24,Malignant carcinoid tumor of the kidney,C2349327,Malignant carcinoid tumor of the kidney,narrow,,G,KIDNEYDISEASE,COV
All kidney disease,ICD9CM,403.91,"Hypertensive chronic kidney disease, unspecified, with chronic kidney disease stage V or end stage renal disease",C0348860,Hypertensive renal disease with renal failure,narrow,,G,KIDNEYDISEASE,COV
All kidney disease,ICD9CM,404.92,"Hypertensive heart and chronic kidney disease, unspecified, without heart failure and with chronic kidney disease stage V or end stage renal disease",C0348879,Hypertensive heart and renal disease with renal failure,narrow,,G,KIDNEYDISEASE,COV
All kidney disease,ICD9CM,788.9,Other symptoms involving urinary system,C0159064,Other symptoms involving urinary system,narrow,,G,KIDNEYDISEASE,COV
All kidney disease,ICD9CM,788.91,Functional urinary incontinence,-,-,narrow,Desc: code 788.9,G,KIDNEYDISEASE,COV
All kidney disease,ICD9CM,788.99,Other symptoms involving urinary system,C0159064,Other symptoms involving urinary system,narrow,,G,KIDNEYDISEASE,COV
All kidney disease,ICD9CM,753.15,Renal dysplasia,C3536714,Renal dysplasia,possible,,G,KIDNEYDISEASE,COV
All kidney disease,ICD9CM,283.11,Hemolytic-uremic syndrome,C0019061,Hemolytic-Uremic Syndrome,narrow,,G,KIDNEYDISEASE,COV
All kidney disease,ICD9CM,753.17,Medullary sponge kidney,C0022681,Medullary sponge kidney,narrow,,G,KIDNEYDISEASE,COV
All kidney disease,ICD9CM,634.31,"Spontaneous abortion, complicated by renal failure, incomplete",C0404922,Renal failure due to and following incomplete miscarriage,narrow,,G,KIDNEYDISEASE,COV
All kidney disease,ICD9CM,585.6,End stage renal disease,C0022661,"Kidney Failure, Chronic",narrow,,G,KIDNEYDISEASE,COV
All kidney disease,ICD9CM,584,Acute kidney failure,C0022660,"Kidney Failure, Acute",narrow,,G,KIDNEYDISEASE,COV
All kidney disease,ICD9CM,584.9,"Acute kidney failure, unspecified",C0022660,"Kidney Failure, Acute",narrow,,G,KIDNEYDISEASE,COV
All kidney disease,ICD9CM,55.6,Transplant of kidney,C0022671,Kidney Transplantation,narrow,,G,KIDNEYDISEASE,COV
All kidney disease,ICD9CM,55.69,Other kidney transplantation,-,-,narrow,Desc: code 55.6,G,KIDNEYDISEASE,COV
All kidney disease,ICD9CM,54.98,Peritoneal dialysis,C0031139,Peritoneal Dialysis,narrow,,G,KIDNEYDISEASE,COV
All kidney disease,ICD9CM,590.9,"Infection of kidney, unspecified",C0021313,Infection of kidney,narrow,,G,KIDNEYDISEASE,COV
All kidney disease,ICD9CM,590,Infections of kidney,C0021313,Infection of kidney,narrow,,G,KIDNEYDISEASE,COV
All kidney disease,ICD9CM,590.00,Chronic pyelonephritis without lesion of renal medullary necrosis,-,-,narrow,Desc: code 590,G,KIDNEYDISEASE,COV
All kidney disease,ICD9CM,590.01,Chronic pyelonephritis with lesion of renal medullary necrosis,-,-,narrow,Desc: code 590,G,KIDNEYDISEASE,COV
All kidney disease,ICD9CM,590.8,"Other pyelonephritis or pyonephrosis, not specified as acute or chronic",-,-,narrow,Desc: code 590,G,KIDNEYDISEASE,COV
All kidney disease,ICD9CM,590.81,Pyelitis or pyelonephritis in diseases classified elsewhere,-,-,narrow,Desc: code 590,G,KIDNEYDISEASE,COV
All kidney disease,ICD9CM,39.95,Hemodialysis,C0019004,Hemodialysis,narrow,,G,KIDNEYDISEASE,COV
All kidney disease,ICD9CM,634.32,"Spontaneous abortion, complicated by renal failure, complete",C0404905,Complete miscarriage with renal failure,narrow,,G,KIDNEYDISEASE,COV
All kidney disease,ICD9CM,753.0,Renal agenesis and dysgenesis,C0158699,Renal agenesis and dysgenesis,narrow,,G,KIDNEYDISEASE,COV
All kidney disease,ICD9CM,588,Disorders resulting from impaired renal function,C0341677,renal impairment; disorder resulting from,narrow,,G,KIDNEYDISEASE,COV
All kidney disease,ICD9CM,588.9,Unspecified disorder resulting from impaired renal function,C0341677,renal impairment; disorder resulting from,narrow,,G,KIDNEYDISEASE,COV
All kidney disease,ICD9CM,635.32,"Legally induced abortion, complicated by renal failure, complete",C0156478,"Legally induced abortion, complicated by renal failure, complete",narrow,,G,KIDNEYDISEASE,COV
All kidney disease,ICD9CM,635.31,"Legally induced abortion, complicated by renal failure, incomplete",C0156477,"Legally induced abortion, complicated by renal failure, incomplete",narrow,,G,KIDNEYDISEASE,COV
All kidney disease,ICD9CM,580.0,Acute glomerulonephritis with lesion of proliferative glomerulonephritis,C0341692,Acute proliferative glomerulonephritis,narrow,,G,KIDNEYDISEASE,COV
All kidney disease,ICD9CM,582.4,Chronic glomerulonephritis with lesion of rapidly progressive glomerulonephritis,C0341694,Chronic glomerulonephritis with lesion of rapidly progressive glomerulonephritis,narrow,,G,KIDNEYDISEASE,COV
All kidney disease,ICD9CM,016.0,Tuberculosis of kidney,C0041328,"Tuberculosis, Renal",narrow,,G,KIDNEYDISEASE,COV
All kidney disease,ICD9CM,016.01,"Tuberculosis of kidney, bacteriological or histological examination not done",-,-,narrow,Desc: code 016.0,G,KIDNEYDISEASE,COV
All kidney disease,ICD9CM,016.02,"Tuberculosis of kidney, bacteriological or histological examination unknown (at present)",-,-,narrow,Desc: code 016.0,G,KIDNEYDISEASE,COV
All kidney disease,ICD9CM,016.03,"Tuberculosis of kidney, tubercle bacilli found (in sputum) by microscopy",-,-,narrow,Desc: code 016.0,G,KIDNEYDISEASE,COV
All kidney disease,ICD9CM,016.04,"Tuberculosis of kidney, tubercle bacilli not found (in sputum) by microscopy, but found by bacterial culture",-,-,narrow,Desc: code 016.0,G,KIDNEYDISEASE,COV
All kidney disease,ICD9CM,016.05,"Tuberculosis of kidney, tubercle bacilli not found by bacteriological examination, but tuberculosis confirmed histologically",-,-,narrow,Desc: code 016.0,G,KIDNEYDISEASE,COV
All kidney disease,ICD9CM,016.06,"Tuberculosis of kidney, tubercle bacilli not found by bacteriological or histological examination, but tuberculosis confirmed by other methods [inoculation of animals]",-,-,narrow,Desc: code 016.0,G,KIDNEYDISEASE,COV
All kidney disease,ICD9CM,016.00,"Tuberculosis of kidney, unspecified",C0041328,"Tuberculosis, Renal",narrow,,G,KIDNEYDISEASE,COV
All kidney disease,ICD9CM,403.11,"Hypertensive chronic kidney disease, benign, with chronic kidney disease stage V or end stage renal disease",C0155598,Benign hypertensive renal disease with renal failure,narrow,,G,KIDNEYDISEASE,COV
All kidney disease,ICD9CM,403.1,"Hypertensive renal disease, benign",C0155596,Benign hypertensive renal disease,narrow,,G,KIDNEYDISEASE,COV
All kidney disease,ICD9CM,403.10,"Hypertensive chronic kidney disease, benign, with chronic kidney disease stage I through stage IV, or unspecified",C0155596,Benign hypertensive renal disease,narrow,,G,KIDNEYDISEASE,COV
All kidney disease,ICD9CM,634.3,Spontaneous abortion complicated by renal failure,C0156435,Miscarriage complicated by renal failure,narrow,,G,KIDNEYDISEASE,COV
All kidney disease,ICD9CM,634.30,"Spontaneous abortion, complicated by renal failure, unspecified",-,-,narrow,Desc: code 634.3,G,KIDNEYDISEASE,COV
All kidney disease,ICD9CM,588.0,Renal osteodystrophy,C0035086,Renal Osteodystrophy,narrow,,G,KIDNEYDISEASE,COV
All kidney disease,ICD9CM,590.0,Chronic pyelonephritis,C0085697,Chronic pyelonephritis,narrow,,G,KIDNEYDISEASE,COV
All kidney disease,ICD9CM,586,"Renal failure, unspecified",C0035078,Kidney Failure,narrow,,G,KIDNEYDISEASE,COV
All kidney disease,ICD9CM,599.7,Hematuria,C0018965,Hematuria,possible,,G,KIDNEYDISEASE,COV
All kidney disease,ICD9CM,599.71,Gross hematuria,-,-,possible,Desc: code 599.7,G,KIDNEYDISEASE,COV
All kidney disease,ICD9CM,599.72,Microscopic hematuria,-,-,possible,Desc: code 599.7,G,KIDNEYDISEASE,COV
All kidney disease,ICD9CM,599.70,"Hematuria, unspecified",C0018965,Hematuria,possible,,G,KIDNEYDISEASE,COV
All kidney disease,ICD9CM,636.3,Illegally induced abortion complicated by renal failure,C0269524,"Illegally induced abortion, complicated by renal failure, unspecified",narrow,,G,KIDNEYDISEASE,COV
All kidney disease,ICD9CM,636.31,"Illegally induced abortion, complicated by renal failure, incomplete",-,-,narrow,Desc: code 636.3,G,KIDNEYDISEASE,COV
All kidney disease,ICD9CM,636.32,"Illegally induced abortion, complicated by renal failure, complete",-,-,narrow,Desc: code 636.3,G,KIDNEYDISEASE,COV
All kidney disease,ICD9CM,636.30,"Illegally induced abortion, complicated by renal failure, unspecified",C0269524,"Illegally induced abortion, complicated by renal failure, unspecified",narrow,,G,KIDNEYDISEASE,COV
All kidney disease,ICD9CM,276.5,Volume depletion,C0546884,Hypovolemia,possible,,G,KIDNEYDISEASE,COV
All kidney disease,ICD9CM,276.52,Hypovolemia,C0546884,Hypovolemia,possible,,G,KIDNEYDISEASE,COV
All kidney disease,ICD9CM,276.50,"Volume depletion, unspecified",C0546884,Hypovolemia,possible,,G,KIDNEYDISEASE,COV
All kidney disease,ICD9CM,404.13,"Hypertensive heart and chronic kidney disease, benign, with heart failure and chronic kidney disease stage V or end stage renal disease",C0155611,"Hypertensive heart and chronic kidney disease, benign, with heart failure and chronic kidney disease stage V or end stage renal disease",narrow,,G,KIDNEYDISEASE,COV
All kidney disease,ICD9CM,404.12,"Hypertensive heart and chronic kidney disease, benign, without heart failure and with chronic kidney disease stage V or end stage renal disease",C0155610,"Hypertensive heart and chronic kidney disease, benign, without heart failure and with chronic kidney disease stage V or end stage renal disease",narrow,,G,KIDNEYDISEASE,COV
All kidney disease,ICD9CM,255.13,Bartter's syndrome,C0004775,Bartter Disease,narrow,,G,KIDNEYDISEASE,COV
All kidney disease,ICD9CM,404.11,"Hypertensive heart and chronic kidney disease, benign, with heart failure and with chronic kidney disease stage I through stage IV, or unspecified",C0155609,"Hypertensive heart and chronic kidney disease, benign, with heart failure and with chronic kidney disease stage I through stage IV, or unspecified",narrow,,G,KIDNEYDISEASE,COV
All kidney disease,ICD9CM,590.80,"Pyelonephritis, unspecified",C0034186,Pyelonephritis,narrow,,G,KIDNEYDISEASE,COV
All kidney disease,ICD9CM,404.1,"Hypertensive heart and renal disease, benign",C0155607,Benign hypertensive heart AND renal disease,narrow,,G,KIDNEYDISEASE,COV
All kidney disease,ICD9CM,404.9,"Hypertensive heart and renal disease, unspecified",C0155601,Hypertensive heart and renal disease,narrow,,G,KIDNEYDISEASE,COV
All kidney disease,ICD9CM,588.81,Secondary hyperparathyroidism (of renal origin),C0271847,Hyperparathyroidism due to renal insufficiency,narrow,,G,KIDNEYDISEASE,COV
All kidney disease,ICD9CM,585.1,"Chronic kidney disease, Stage I",C1561638,"Chronic kidney disease, Stage I",narrow,,G,KIDNEYDISEASE,COV
All kidney disease,ICD9CM,585.2,"Chronic kidney disease, Stage II (mild)",C1561639,"Chronic kidney disease, stage 2 (mild)",narrow,,G,KIDNEYDISEASE,COV
All kidney disease,ICD9CM,585.3,"Chronic kidney disease, Stage III (moderate)",C1561640,"Chronic kidney disease, Stage III (moderate)",narrow,,G,KIDNEYDISEASE,COV
All kidney disease,ICD9CM,585.4,"Chronic kidney disease, Stage IV (severe)",C1561641,"Chronic kidney disease, stage 4 (severe)",narrow,,G,KIDNEYDISEASE,COV
All kidney disease,ICD9CM,585.5,"Chronic kidney disease, Stage V",C1561642,"Chronic kidney disease, Stage V",narrow,,G,KIDNEYDISEASE,COV
All kidney disease,ICD9CM,585,Chronic kidney disease (CKD),C1561643,Chronic Kidney Diseases,narrow,,G,KIDNEYDISEASE,COV
All kidney disease,ICD9CM,585.9,"Chronic kidney disease, unspecified",C1561643,Chronic Kidney Diseases,narrow,,G,KIDNEYDISEASE,COV
All kidney disease,ICD9CM,866.03,"Injury to kidney without mention of open wound into cavity, complete disruption of kidney parenchyma",C0273197,Complete disruption of kidney parenchyma without open wound into cavity,narrow,,G,KIDNEYDISEASE,COV
All kidney disease,ICD9CM,584.5,Acute kidney failure with lesion of tubular necrosis,C2712977,Acute kidney failure with lesion of tubular necrosis,narrow,,G,KIDNEYDISEASE,COV
All kidney disease,ICD9CM,584.6,Acute kidney failure with lesion of renal cortical necrosis,C2712983,Acute kidney failure with lesion of renal cortical necrosis,narrow,,G,KIDNEYDISEASE,COV
All kidney disease,ICD9CM,584.8,Acute kidney failure with other specified pathological lesion in kidney,C2712988,Acute kidney failure with other specified pathological lesion in kidney,narrow,,G,KIDNEYDISEASE,COV
All kidney disease,ICD9CM,791.0,Proteinuria,C0033687,Proteinuria,possible,,G,KIDNEYDISEASE,COV
All kidney disease,ICD9CM,403.9,"Hypertensive renal disease, unspecified",C0848548,hypertensive nephropathy,narrow,,G,KIDNEYDISEASE,COV
All kidney disease,ICD9CM,593.6,Postural proteinuria,C0232867,Orthostatic proteinuria,possible,,G,KIDNEYDISEASE,COV
All kidney disease,ICD9CM,250.1,Diabetes with ketoacidosis,C0011880,Diabetic Ketoacidosis,possible,,G,KIDNEYDISEASE,COV
All kidney disease,ICD9CM,250.10,"Diabetes with ketoacidosis, type II or unspecified type, not stated as uncontrolled",-,-,possible,Desc: code 250.1,G,KIDNEYDISEASE,COV
All kidney disease,ICD9CM,250.11,"Diabetes with ketoacidosis, type I [juvenile type], not stated as uncontrolled",-,-,possible,Desc: code 250.1,G,KIDNEYDISEASE,COV
All kidney disease,ICD9CM,250.12,"Diabetes with ketoacidosis, type II or unspecified type, uncontrolled",-,-,possible,Desc: code 250.1,G,KIDNEYDISEASE,COV
All kidney disease,ICD9CM,250.13,"Diabetes with ketoacidosis, type I [juvenile type], uncontrolled",-,-,possible,Desc: code 250.1,G,KIDNEYDISEASE,COV
All kidney disease,ICD9CM,250.4,Diabetes with renal manifestations,C0011881,Diabetic Nephropathy,narrow,,G,KIDNEYDISEASE,COV
All kidney disease,ICD9CM,250.40,"Diabetes with renal manifestations, type II or unspecified type, not stated as uncontrolled",-,-,narrow,Desc: code 250.4,G,KIDNEYDISEASE,COV
All kidney disease,ICD9CM,250.41,"Diabetes with renal manifestations, type I [juvenile type], not stated as uncontrolled",-,-,narrow,Desc: code 250.4,G,KIDNEYDISEASE,COV
All kidney disease,ICD9CM,250.42,"Diabetes with renal manifestations, type II or unspecified type, uncontrolled",-,-,narrow,Desc: code 250.4,G,KIDNEYDISEASE,COV
All kidney disease,ICD9CM,250.43,"Diabetes with renal manifestations, type I [juvenile type], uncontrolled",-,-,narrow,Desc: code 250.4,G,KIDNEYDISEASE,COV
All kidney disease,ICD9CM,669.32,"Acute kidney failure following labor and delivery, delivered, with mention of postpartum complication",C0157463,"Acute kidney failure following labor and delivery, delivered, with mention of postpartum complication",narrow,,G,KIDNEYDISEASE,COV
All kidney disease,ICD9CM,669.34,"Acute kidney failure following labor and delivery, postpartum condition or complication",C0157464,"Acute kidney failure following labor and delivery, postpartum condition or complication",narrow,,G,KIDNEYDISEASE,COV
All kidney disease,ICD9CM,582.1,Chronic glomerulonephritis with lesion of membranous glomerulonephritis,C0008686,Chronic glomerulonephritis with lesion of membranous glomerulonephritis,narrow,,G,KIDNEYDISEASE,COV
All kidney disease,ICD9CM,582.2,Chronic glomerulonephritis with lesion of membranoproliferative glomerulonephritis,C0008685,Chronic glomerulonephritis with lesion of membranoproliferative glomerulonephritis,narrow,,G,KIDNEYDISEASE,COV
All kidney disease,ICD9CM,275.2,Disorders of magnesium metabolism,C0012716,Disorder of magnesium metabolism,possible,,G,KIDNEYDISEASE,COV
All kidney disease,ICD9CM,593.7,Vesicoureteral reflux,C0042580,Vesico-Ureteral Reflux,possible,,G,KIDNEYDISEASE,COV
All kidney disease,ICD9CM,593.70,Vesicoureteral reflux unspecified or without reflux nephropathy,-,-,possible,Desc: code 593.7,G,KIDNEYDISEASE,COV
All kidney disease,ICD9CM,593.71,"Vesicoureteral reflux with reflux nephropathy, unilateral",-,-,possible,Desc: code 593.7,G,KIDNEYDISEASE,COV
All kidney disease,ICD9CM,593.72,"Vesicoureteral reflux with reflux nephropathy, bilateral",-,-,possible,Desc: code 593.7,G,KIDNEYDISEASE,COV
All kidney disease,ICD9CM,593.73,Other vesicoureteral reflux with reflux nephropathy NOS,-,-,possible,Desc: code 593.7,G,KIDNEYDISEASE,COV
All kidney disease,ICD9CM,593.0,Nephroptosis,C1384594,Nephroptosis,possible,,G,KIDNEYDISEASE,COV
All kidney disease,ICD9CM,446.21,Goodpasture's syndrome,C0403529,Anti-Glomerular Basement Membrane Disease,possible,,G,KIDNEYDISEASE,COV
All kidney disease,ICD9CM,593.5,Hydroureter,C0521620,Dilatation of ureter,possible,,G,KIDNEYDISEASE,COV
All kidney disease,ICD9CM,753.11,Congenital single renal cyst,C3854304,Congenital single renal cyst,possible,,G,KIDNEYDISEASE,COV
All kidney disease,ICD9CM,958.5,Traumatic anuria,C0040793,Traumatic anuria,possible,,G,KIDNEYDISEASE,COV
All kidney disease,ICD9CM,753.16,Medullary cystic kidney,C2939174,Medullary cystic disease,narrow,,G,KIDNEYDISEASE,COV
All kidney disease,ICD9CM,59.95,Ultrasonic fragmentation of urinary stones,C0015359,Extracorporeal Shockwave Lithotripsy,possible,,G,KIDNEYDISEASE,COV
All kidney disease,ICD9CM,98.5,Extracorporeal shockwave lithotripsy [ESWL],C0015359,Extracorporeal Shockwave Lithotripsy,exclude,,G,KIDNEYDISEASE,COV
All kidney disease,ICD9CM,98.51,"Extracorporeal shockwave lithotripsy [ESWL] of the kidney, ureter and/or bladder",-,-,exclude,Desc: code 98.5,G,KIDNEYDISEASE,COV
All kidney disease,ICD9CM,98.52,Extracorporeal shockwave lithotripsy [ESWL] of the gallbladder and/or bile duct,-,-,exclude,Desc: code 98.5,G,KIDNEYDISEASE,COV
All kidney disease,ICD9CM,98.59,Extracorporeal shockwave lithotripsy of other sites,-,-,exclude,Desc: code 98.5,G,KIDNEYDISEASE,COV
All kidney disease,ICD9CM,593.2,"Cyst of kidney, acquired",C0268799,Acquired renal cystic disease,narrow,,G,KIDNEYDISEASE,COV
All kidney disease,ICD9CM,593.81,Vascular disorders of kidney,C0268790,Renal vascular disorder,possible,,G,KIDNEYDISEASE,COV
All kidney disease,ICD9CM,996.81,Complications of transplanted kidney,C1261281,Disorder of transplanted kidney,narrow,,G,KIDNEYDISEASE,COV
All kidney disease,ICD9CM,271.4,Renal glycosuria,C0017980,"Glycosuria, Renal",narrow,,G,KIDNEYDISEASE,COV
All kidney disease,ICD9CM,364.76,Iridodialysis,C0152246,Iridodialysis,exclude,,G,KIDNEYDISEASE,COV
All kidney disease,ICD9CM,646.2,"Unspecified renal disease in pregnancy, without mention of hypertension",C0269673,Renal disease in pregnancy AND/OR puerperium without hypertension,narrow,,G,KIDNEYDISEASE,COV
All kidney disease,ICD9CM,646.20,"Unspecified renal disease in pregnancy, without mention of hypertension, unspecified as to episode of care or not applicable",-,-,narrow,Desc: code 646.2,G,KIDNEYDISEASE,COV
All kidney disease,ICD9CM,646.21,"Unspecified renal disease in pregnancy, without mention of hypertension, delivered, with or without mention of antepartum condition",-,-,narrow,Desc: code 646.2,G,KIDNEYDISEASE,COV
All kidney disease,ICD9CM,646.22,"Unspecified renal disease in pregnancy, without mention of hypertension, delivered, with mention of postpartum complication",-,-,narrow,Desc: code 646.2,G,KIDNEYDISEASE,COV
All kidney disease,ICD9CM,646.23,"Unspecified renal disease in pregnancy, without mention of hypertension, antepartum condition or complication",-,-,narrow,Desc: code 646.2,G,KIDNEYDISEASE,COV
All kidney disease,ICD9CM,646.24,"Unspecified renal disease in pregnancy, without mention of hypertension, postpartum condition or complication",-,-,narrow,Desc: code 646.2,G,KIDNEYDISEASE,COV
All kidney disease,ICD9CM,581.9,Nephrotic syndrome with unspecified pathological lesion in kidney,C0027730,Nephrotic syndrome with unspecified pathological lesion in kidney,narrow,,G,KIDNEYDISEASE,COV
All kidney disease,ICD9CM,587,"Renal sclerosis, unspecified",C0027719,Nephrosclerosis,narrow,,G,KIDNEYDISEASE,COV
All kidney disease,ICD9CM,581.8,Nephrotic syndrome with other specified pathological lesion in kidney,C0027729,Nephrotic syndrome with other specified pathological lesion in kidney,narrow,,G,KIDNEYDISEASE,COV
All kidney disease,ICD9CM,581.89,Nephrotic syndrome with other specified pathological lesion in kidney,C0027729,Nephrotic syndrome with other specified pathological lesion in kidney,narrow,,G,KIDNEYDISEASE,COV
All kidney disease,ICD9CM,593.9,Unspecified disorder of kidney and ureter,C0268701,"Disorder of kidney and ureter, unspecified",possible,,G,KIDNEYDISEASE,COV
All kidney disease,ICD9CM,581,Nephrotic syndrome,C0027726,Nephrotic Syndrome,narrow,,G,KIDNEYDISEASE,COV
All kidney disease,ICD9CM,581.0,Nephrotic syndrome with lesion of proliferative glomerulonephritis,-,-,narrow,Desc: code 581,G,KIDNEYDISEASE,COV
All kidney disease,ICD9CM,12.55,Cyclodialysis,C0197526,Cyclodialysis,exclude,,G,KIDNEYDISEASE,COV
All kidney disease,ICD9CM,583.1,"Nephritis and nephropathy, not specified as acute or chronic, with lesion of membranous glomerulonephritis",C0027701,"Nephritis and nephropathy, not specified as acute or chronic, with lesion of membranous glomerulonephritis",narrow,,G,KIDNEYDISEASE,COV
All kidney disease,ICD9CM,583.89,"Nephritis and nephropathy, not specified as acute or chronic, with other specified pathological lesion in kidney",C0027702,Nephritis NEC in ICD9CM,narrow,,G,KIDNEYDISEASE,COV
All kidney disease,ICD9CM,583.8,"Nephritis and nephropathy, not specified as acute or chronic, with other specified pathological lesion in kidney",C0027702,Nephritis NEC in ICD9CM,narrow,,G,KIDNEYDISEASE,COV
All kidney disease,ICD9CM,583.9,"Nephritis and nephropathy, not specified as acute or chronic, with unspecified pathological lesion in kidney",C0027703,"Nephritis and nephropathy, not specified as acute or chronic, with unspecified pathological lesion in kidney",narrow,,G,KIDNEYDISEASE,COV
All kidney disease,ICD9CM,583.2,"Nephritis and nephropathy, not specified as acute or chronic, with lesion of membranoproliferative glomerulonephritis",C0027700,"Nephritis and nephropathy, not specified as acute or chronic, with lesion of membranoproliferative glomerulonephritis",narrow,,G,KIDNEYDISEASE,COV
All kidney disease,ICD9CM,599.9,Unspecified disorder of urethra and urinary tract,C0042075,Urologic Diseases,possible,,G,KIDNEYDISEASE,COV
All kidney disease,ICD9CM,591,Hydronephrosis,C0020295,Hydronephrosis,narrow,,G,KIDNEYDISEASE,COV
All kidney disease,ICD9CM,593.82,Ureteral fistula,C0156263,Ureteric fistula,exclude,,G,KIDNEYDISEASE,COV
All kidney disease,ICD9CM,593.3,Stricture or kinking of ureter,C0156261,Stricture or kinking of ureter,exclude,,G,KIDNEYDISEASE,COV
All kidney disease,ICD9CM,593.1,Hypertrophy of kidney,C0156259,Hypertrophy of kidney,possible,,G,KIDNEYDISEASE,COV
All kidney disease,ICD9CM,593,Other disorders of kidney and ureter,C0156258,Other disorders of kidney and ureter (N25-N29),possible,,G,KIDNEYDISEASE,COV
All kidney disease,ICD9CM,593.4,Other ureteric obstruction,-,-,possible,Desc: code 593,G,KIDNEYDISEASE,COV
All kidney disease,ICD9CM,590.2,Renal and perinephric abscess,C0156253,Renal and perinephric abscess,narrow,,G,KIDNEYDISEASE,COV
All kidney disease,ICD9CM,592,Calculus of kidney and ureter,C0156257,Calculus of kidney and ureter,possible,,G,KIDNEYDISEASE,COV
All kidney disease,ICD9CM,592.1,Calculus of ureter,-,-,possible,Desc: code 592,G,KIDNEYDISEASE,COV
All kidney disease,ICD9CM,592.9,"Urinary calculus, unspecified",-,-,possible,Desc: code 592,G,KIDNEYDISEASE,COV
All kidney disease,ICD9CM,590.3,Pyeloureteritis cystica,C0156254,Pyeloureteritis cystica,possible,,G,KIDNEYDISEASE,COV
All kidney disease,ICD9CM,572.4,Hepatorenal syndrome,C0019212,Hepatorenal Syndrome,narrow,,G,KIDNEYDISEASE,COV
All kidney disease,ICD9CM,581.1,Nephrotic syndrome with lesion of membranous glomerulonephritis,C0156228,Nephrotic Syndrome with Lesion of Membranous Glomerulonephritis,narrow,,G,KIDNEYDISEASE,COV
All kidney disease,ICD9CM,580.9,Acute glomerulonephritis with unspecified pathological lesion in kidney,C0156226,Acute glomerulonephritis with unspecified pathological lesion in kidney,narrow,,G,KIDNEYDISEASE,COV
All kidney disease,ICD9CM,580.81,Acute glomerulonephritis in diseases classified elsewhere,C0156225,Acute glomerulonephritis associated with another disorder,narrow,,G,KIDNEYDISEASE,COV
All kidney disease,ICD9CM,581.2,Nephrotic syndrome with lesion of membranoproliferative glomerulonephritis,C0156229,Nephrotic syndrome with lesion of membranoproliferative glomerulonephritis,narrow,,G,KIDNEYDISEASE,COV
All kidney disease,ICD9CM,580.8,Acute glomerulonephritis with other specified pathological lesion in kidney,C0156224,Acute glomerulonephritis with other specified pathological lesion in kidney,narrow,,G,KIDNEYDISEASE,COV
All kidney disease,ICD9CM,580.89,Acute glomerulonephritis with other specified pathological lesion in kidney,C0156224,Acute glomerulonephritis with other specified pathological lesion in kidney,narrow,,G,KIDNEYDISEASE,COV
All kidney disease,ICD9CM,580.4,Acute glomerulonephritis with lesion of rapidly progressive glomerulonephritis,C0156223,Acute glomerulonephritis with lesion of rapidly progressive glomerulonephritis,narrow,,G,KIDNEYDISEASE,COV
All kidney disease,ICD9CM,580,Acute glomerulonephritis,C0156221,Acute glomerulonephritis,narrow,,G,KIDNEYDISEASE,COV
All kidney disease,ICD9CM,095.4,Syphilis of kidney,C0153180,Syphilis of kidney,narrow,,G,KIDNEYDISEASE,COV
All kidney disease,ICD9CM,589.9,"Small kidney, unspecified",C0156247,Small kidney,possible,,G,KIDNEYDISEASE,COV
All kidney disease,ICD9CM,589,Small kidney of unknown cause,C0156247,Small kidney,possible,,G,KIDNEYDISEASE,COV
All kidney disease,ICD9CM,589.1,Bilateral small kidneys,C0156246,Bilateral small kidney,possible,,G,KIDNEYDISEASE,COV
All kidney disease,ICD9CM,589.0,Unilateral small kidney,C0156245,Unilateral small kidney,narrow,,G,KIDNEYDISEASE,COV
All kidney disease,ICD9CM,277.81,Primary carnitine deficiency,C0342788,Renal carnitine transport defect,narrow,,G,KIDNEYDISEASE,COV
All kidney disease,ICD9CM,583.7,"Nephritis and nephropathy, not specified as acute or chronic, with lesion of renal medullary necrosis",C0156239,"Nephritis and nephropathy, not specified as acute or chronic, with lesion of renal medullary necrosis",narrow,,G,KIDNEYDISEASE,COV
All kidney disease,ICD9CM,583.6,"Nephritis and nephropathy, not specified as acute or chronic, with lesion of renal cortical necrosis",C0156238,"Nephritis and nephropathy, not specified as acute or chronic, with lesion of renal cortical necrosis",narrow,,G,KIDNEYDISEASE,COV
All kidney disease,ICD9CM,583.4,"Nephritis and nephropathy, not specified as acute or chronic, with lesion of rapidly progressive glomerulonephritis",C0156237,"Nephritis and nephropathy, not specified as acute or chronic, with lesion of rapidly progressive glomerulonephritis",narrow,,G,KIDNEYDISEASE,COV
All kidney disease,ICD9CM,581.81,Nephrotic syndrome in diseases classified elsewhere,C0156230,Nephrotic syndrome in diseases classified elsewhere,narrow,,G,KIDNEYDISEASE,COV
All kidney disease,ICD9CM,582.9,Chronic glomerulonephritis with unspecified pathological lesion in kidney,C0156235,Chronic glomerulonephritis with unspecified pathological lesion in kidney,narrow,,G,KIDNEYDISEASE,COV
All kidney disease,ICD9CM,582.81,Chronic glomerulonephritis in diseases classified elsewhere,C0156234,Chronic glomerulonephritis in diseases classified elsewhere,narrow,,G,KIDNEYDISEASE,COV
All kidney disease,ICD9CM,582.8,Chronic glomerulonephritis with other specified pathological lesion in kidney,C0156233,Chronic glomerulonephritis with other specified pathological lesion in kidney,narrow,,G,KIDNEYDISEASE,COV
All kidney disease,ICD9CM,582.89,Chronic glomerulonephritis with other specified pathological lesion in kidney,C0156233,Chronic glomerulonephritis with other specified pathological lesion in kidney,narrow,,G,KIDNEYDISEASE,COV
All kidney disease,ICD9CM,404.91,"Hypertensive heart and chronic kidney disease, unspecified, with heart failure and with chronic kidney disease stage I through stage IV, or unspecified",C3665458,Hypertensive heart AND chronic kidney disease with congestive heart failure,narrow,,G,KIDNEYDISEASE,COV
All kidney disease,ICD9CM,753.13,"Polycystic kidney, autosomal dominant",C0085413,"Polycystic Kidney, Autosomal Dominant",narrow,,G,KIDNEYDISEASE,COV
All kidney disease,ICD9CM,223.1,Benign neoplasm of renal pelvis,C0154015,Benign neoplasm of renal pelvis,possible,,G,KIDNEYDISEASE,COV
All kidney disease,ICD9CM,583,"Nephritis and nephropathy, not specified as acute or chronic",C0027698,"Nephritis and nephropathy, not specified as acute or chronic",narrow,,G,KIDNEYDISEASE,COV
All kidney disease,ICD9CM,583.0,"Nephritis and nephropathy, not specified as acute or chronic, with lesion of proliferative glomerulonephritis",-,-,narrow,Desc: code 583,G,KIDNEYDISEASE,COV
All kidney disease,ICD9CM,583.81,"Nephritis and nephropathy, not specified as acute or chronic, in diseases classified elsewhere",C0027699,"Nephritis and nephropathy, not specified as acute or chronic, in diseases classified elsewhere",narrow,,G,KIDNEYDISEASE,COV
All kidney disease,ICD9CM,V56.32,Encounter for adequacy testing for peritoneal dialysis,C0878732,Encounter for adequacy testing for peritoneal dialysis,narrow,,G,KIDNEYDISEASE,COV
All kidney disease,ICD9CM,753.10,"Cystic kidney disease, unspecified",C0311245,Congenital cystic kidney disease,narrow,,G,KIDNEYDISEASE,COV
All kidney disease,ICD9CM,753.1,Cystic kidney disease,C0311245,Congenital cystic kidney disease,narrow,,G,KIDNEYDISEASE,COV
All kidney disease,ICD9CM,753.12,"Polycystic kidney, unspecified type",-,-,narrow,Desc: code 753.1,G,KIDNEYDISEASE,COV
All kidney disease,ICD9CM,753.19,Other specified cystic kidney disease,-,-,narrow,Desc: code 753.1,G,KIDNEYDISEASE,COV
All kidney disease,ICD9CM,788.5,Oliguria and anuria,C0028962,Anuria and oliguria,possible,,G,KIDNEYDISEASE,COV
All kidney disease,ICD9CM,198.0,Secondary malignant neoplasm of kidney,C0153685,Metastatic malignant neoplasm to kidney,narrow,,G,KIDNEYDISEASE,COV
All kidney disease,ICD9CM,55.61,Renal autotransplantation,C0194194,Autotransplantation of kidney,narrow,,G,KIDNEYDISEASE,COV
All kidney disease,ICD9CM,285.21,Anemia in chronic kidney disease,C1561828,Anemia in chronic kidney disease,narrow,,G,KIDNEYDISEASE,COV
All kidney disease,ICD9CM,189.1,Malignant neoplasm of renal pelvis,C0153618,Malignant tumor of renal pelvis,narrow,,G,KIDNEYDISEASE,COV
All kidney disease,ICD9CM,584.7,Acute kidney failure with lesion of renal medullary [papillary] necrosis,C2712745,Acute kidney failure with lesion of renal medullary [papillary] necrosis,narrow,,G,KIDNEYDISEASE,COV
All kidney disease,ICD9CM,403,Hypertensive chronic kidney disease,C3695318,Chronic kidney disease due to hypertension,narrow,,G,KIDNEYDISEASE,COV
All kidney disease,SNOMEDCT_US,236710009,Calculus in renal pelvis,C0403716,Calculus in renal pelvis,possible,,G,KIDNEYDISEASE,COV
All kidney disease,SNOMEDCT_US,236711008,Calculus in pelviureteric junction,C0403717,Calculus in pelviureteric junction,possible,,G,KIDNEYDISEASE,COV
All kidney disease,SNOMEDCT_US,236708007,Calyceal renal calculus,C0403714,Calyceal renal calculus,possible,,G,KIDNEYDISEASE,COV
All kidney disease,SNOMEDCT_US,236709004,Calculus in calyceal diverticulum,C0403715,Calculus in calyceal diverticulum,possible,,G,KIDNEYDISEASE,COV
All kidney disease,SNOMEDCT_US,210203000,Open injury of kidney,C1279567,Open injury of kidney,narrow,,G,KIDNEYDISEASE,COV
All kidney disease,SNOMEDCT_US,717746009,Congenital hemorrhagic renal cyst,C4305415,Congenital hemorrhagic renal cyst,narrow,,G,KIDNEYDISEASE,COV
All kidney disease,SNOMEDCT_US,473392002,Hypertensive nephrosclerosis,C0264657,Renal sclerosis with hypertension,narrow,,G,KIDNEYDISEASE,COV
All kidney disease,SNOMEDCT_US,14973001,Renal sclerosis with hypertension,C0264657,Renal sclerosis with hypertension,narrow,,G,KIDNEYDISEASE,COV
All kidney disease,SNOMEDCT_US,762907005,Left renal agenesis,C4546414,Left renal agenesis,narrow,,G,KIDNEYDISEASE,COV
All kidney disease,SNOMEDCT_US,31881008,Cardiovascular renal disease,C0264656,Cardiovascular renal disease,narrow,,G,KIDNEYDISEASE,COV
All kidney disease,SNOMEDCT_US,762909008,Left renal agenesis co-occurrent with right renal hypoplasia,C4546416,Left renal agenesis co-occurrent with right renal hypoplasia,narrow,,G,KIDNEYDISEASE,COV
All kidney disease,SNOMEDCT_US,762908000,Right renal agenesis,C4546415,Right renal agenesis,narrow,,G,KIDNEYDISEASE,COV
All kidney disease,SNOMEDCT_US,49220004,Hypertensive renal failure,C0264653,Hypertensive renal failure,narrow,,G,KIDNEYDISEASE,COV
All kidney disease,SNOMEDCT_US,762911004,Right renal agenesis co-occurrent with left renal dysplasia,C4546418,Right renal agenesis co-occurrent with left renal dysplasia,narrow,,G,KIDNEYDISEASE,COV
All kidney disease,SNOMEDCT_US,368421000119108,Chronic kidney disease stage 1 due to drug induced diabetes mellitus,C5437986,Chronic kidney disease stage 1 due to drug induced diabetes mellitus,narrow,,G,KIDNEYDISEASE,COV
All kidney disease,SNOMEDCT_US,762910003,Right renal agenesis co-occurrent with left renal hypoplasia,C4546417,Right renal agenesis co-occurrent with left renal hypoplasia,narrow,,G,KIDNEYDISEASE,COV
All kidney disease,SNOMEDCT_US,78544004,Chronic hypertensive uremia,C0264654,Chronic hypertensive uremia,narrow,,G,KIDNEYDISEASE,COV
All kidney disease,SNOMEDCT_US,762912006,Left renal agenesis co-occurrent with right renal dysplasia,C4546419,Left renal agenesis co-occurrent with right renal dysplasia,narrow,,G,KIDNEYDISEASE,COV
All kidney disease,SNOMEDCT_US,720415006,Acrorenoocular syndrome,C5848304,Acrorenoocular syndrome,possible,,G,KIDNEYDISEASE,COV
All kidney disease,SNOMEDCT_US,1801000119106,"Anemia, pre-end stage renal disease on erythropoietin protocol",C3472694,"Anemia, pre-end stage renal disease on erythropoietin protocol",narrow,,G,KIDNEYDISEASE,COV
All kidney disease,SNOMEDCT_US,711411006,Allotransplantation of kidney from beating heart cadaver,C4041213,Allotransplantation of kidney from beating heart cadaver,narrow,,G,KIDNEYDISEASE,COV
All kidney disease,SNOMEDCT_US,313030004,Donor renal transplantation,C0730392,Donor renal transplantation,exclude,,G,KIDNEYDISEASE,COV
All kidney disease,SNOMEDCT_US,765478004,Allotransplantation of left kidney,-,-,exclude,Desc: code 313030004,G,KIDNEYDISEASE,COV
All kidney disease,SNOMEDCT_US,765479007,Allotransplantation of right kidney,-,-,exclude,Desc: code 313030004,G,KIDNEYDISEASE,COV
All kidney disease,SNOMEDCT_US,57684003,Parenchymal renal hypertension,C0264649,Parenchymal renal hypertension,narrow,,G,KIDNEYDISEASE,COV
All kidney disease,SNOMEDCT_US,703310005,Autosomal dominant progressive nephropathy with hypertension,C3839782,Autosomal dominant progressive nephropathy with hypertension,narrow,,G,KIDNEYDISEASE,COV
All kidney disease,SNOMEDCT_US,86211000119102,Bilateral disorder of kidneys due to vesicoureteral reflux,C5437975,Bilateral disorder of kidneys due to vesicoureteral reflux,possible,,G,KIDNEYDISEASE,COV
All kidney disease,SNOMEDCT_US,368201000119100,Disorder of kidney due to drug induced diabetes mellitus,C5437974,Disorder of kidney due to drug induced diabetes mellitus,narrow,,G,KIDNEYDISEASE,COV
All kidney disease,SNOMEDCT_US,762914007,Right renal hypoplasia,C4546421,Right renal hypoplasia,narrow,,G,KIDNEYDISEASE,COV
All kidney disease,SNOMEDCT_US,1237470001,"Lethal fetal brain malformation, duodenal atresia, bilateral renal hypoplasia syndrome",-,-,narrow,Desc: code 762914007,G,KIDNEYDISEASE,COV
All kidney disease,SNOMEDCT_US,762913001,Left renal hypoplasia,C4546420,Left renal hypoplasia,narrow,,G,KIDNEYDISEASE,COV
All kidney disease,SNOMEDCT_US,236713006,X-linked recessive nephrolithiasis with renal failure,C0403720,X-linked recessive nephrolithiasis with renal failure,narrow,,G,KIDNEYDISEASE,COV
All kidney disease,SNOMEDCT_US,234348004,Anemia of renal disease,C0472713,Anemia of renal disease,narrow,,G,KIDNEYDISEASE,COV
All kidney disease,SNOMEDCT_US,766249007,Lowe Kohn Cohen syndrome,C4707726,Lowe Kohn Cohen syndrome,possible,,G,KIDNEYDISEASE,COV
All kidney disease,SNOMEDCT_US,175910004,Excision of rejected transplanted kidney,C0194201,Removal of rejected kidney,narrow,,G,KIDNEYDISEASE,COV
All kidney disease,SNOMEDCT_US,26056000,Removal of rejected kidney,C0194201,Removal of rejected kidney,narrow,,G,KIDNEYDISEASE,COV
All kidney disease,SNOMEDCT_US,284348003,Removal of rejected kidney,C0194201,Removal of rejected kidney,narrow,,G,KIDNEYDISEASE,COV
All kidney disease,SNOMEDCT_US,722168002,Infection-associated membranous nephropathy,C4054540,Infection-associated membranous nephropathy,narrow,,G,KIDNEYDISEASE,COV
All kidney disease,SNOMEDCT_US,223166002,[X]Foreign object accidentally left in body during kidney dialysis or other perfusion,C0481233,Foreign object accidentally left in body during kidney dialysis or other perfusion,narrow,,G,KIDNEYDISEASE,COV
All kidney disease,SNOMEDCT_US,1187460003,Unilateral multicystic renal dysplasia,C1567426,Unilateral Multicystic Dysplastic Kidney,narrow,,G,KIDNEYDISEASE,COV
All kidney disease,SNOMEDCT_US,25955005,Complete disruption of kidney parenchyma with open wound into cavity,C0160430,Complete disruption of kidney parenchyma with open wound into cavity,narrow,,G,KIDNEYDISEASE,COV
All kidney disease,SNOMEDCT_US,210207004,Complete disruption of kidney parenchyma with open wound into cavity,C0160430,Complete disruption of kidney parenchyma with open wound into cavity,narrow,,G,KIDNEYDISEASE,COV
All kidney disease,SNOMEDCT_US,4181000119109,Obstructive pyelonephritis,C3693626,Obstructive pyelonephritis,narrow,,G,KIDNEYDISEASE,COV
All kidney disease,SNOMEDCT_US,298015003,Acute renal papillary necrosis with renal failure,C0574786,Acute renal papillary necrosis with renal failure,narrow,,G,KIDNEYDISEASE,COV
All kidney disease,SNOMEDCT_US,276883000,Peritoneal dialysis-associated peritonitis,C0456239,Peritoneal dialysis-associated peritonitis,narrow,,G,KIDNEYDISEASE,COV
All kidney disease,SNOMEDCT_US,431873008,Peritonitis due to infected peritoneal dialysis catheter,-,-,narrow,Desc: code 276883000,G,KIDNEYDISEASE,COV
All kidney disease,SNOMEDCT_US,309819001,[X] Peritoneal dialysis associated peritonitis,C0456239,Peritoneal dialysis-associated peritonitis,narrow,,G,KIDNEYDISEASE,COV
All kidney disease,SNOMEDCT_US,213116007,[X] Peritoneal dialysis associated peritonitis,C0456239,Peritoneal dialysis-associated peritonitis,narrow,,G,KIDNEYDISEASE,COV
All kidney disease,SNOMEDCT_US,223178003,[X]Failure of sterile precautions during kidney dialysis or other perfusion,C0481241,Failure of sterile precautions during kidney dialysis or other perfusion,narrow,,G,KIDNEYDISEASE,COV
All kidney disease,SNOMEDCT_US,782738008,Karyomegalic interstitial nephritis,C3553774,"INTERSTITIAL NEPHRITIS, KARYOMEGALIC",narrow,,G,KIDNEYDISEASE,COV
All kidney disease,SNOMEDCT_US,433229006,Nephrocutaneous fistula,C2316498,Nephrocutaneous fistula,narrow,,G,KIDNEYDISEASE,COV
All kidney disease,SNOMEDCT_US,71721000119101,Nephrotic syndrome due to type 1 diabetes mellitus,C3874981,Nephrotic syndrome due to type 1 diabetes mellitus,narrow,,G,KIDNEYDISEASE,COV
All kidney disease,SNOMEDCT_US,50411000119108,Secondary tubulointerstitial nephritis,C3874980,Secondary tubulointerstitial nephritis,narrow,,G,KIDNEYDISEASE,COV
All kidney disease,SNOMEDCT_US,878805009,Renal granular cell carcinoma,C0279703,Renal granular cell carcinoma,narrow,,G,KIDNEYDISEASE,COV
All kidney disease,SNOMEDCT_US,1259650000,Primary renal granular cell carcinoma,-,-,narrow,Desc: code 878805009,G,KIDNEYDISEASE,COV
All kidney disease,SNOMEDCT_US,1187306007,Clear cell renal cell carcinoma,C0279702,Conventional (Clear Cell) Renal Cell Carcinoma,narrow,,G,KIDNEYDISEASE,COV
All kidney disease,SNOMEDCT_US,254915003,Clear cell carcinoma of kidney,C0279702,Conventional (Clear Cell) Renal Cell Carcinoma,narrow,,G,KIDNEYDISEASE,COV
All kidney disease,SNOMEDCT_US,1268351001,Primary clear cell carcinoma of kidney,-,-,narrow,Desc: code 254915003,G,KIDNEYDISEASE,COV
All kidney disease,SNOMEDCT_US,188251003,Hypernephroma,C0279702,Conventional (Clear Cell) Renal Cell Carcinoma,narrow,,G,KIDNEYDISEASE,COV
All kidney disease,SNOMEDCT_US,41607009,Grawitz tumor,C0279702,Conventional (Clear Cell) Renal Cell Carcinoma,narrow,,G,KIDNEYDISEASE,COV
All kidney disease,SNOMEDCT_US,106231000146105,Metastatic papillary renal cell carcinoma,-,-,narrow,Desc: code 41607009,G,KIDNEYDISEASE,COV
All kidney disease,SNOMEDCT_US,128666004,Cyst-associated renal cell carcinoma,-,-,narrow,Desc: code 41607009,G,KIDNEYDISEASE,COV
All kidney disease,SNOMEDCT_US,128668003,"Renal cell carcinoma, sarcomatoid",-,-,narrow,Desc: code 41607009,G,KIDNEYDISEASE,COV
All kidney disease,SNOMEDCT_US,50441000146101,Metastatic collecting duct carcinoma,-,-,narrow,Desc: code 41607009,G,KIDNEYDISEASE,COV
All kidney disease,SNOMEDCT_US,50461000146100,Metastatic cyst-associated renal cell carcinoma,-,-,narrow,Desc: code 41607009,G,KIDNEYDISEASE,COV
All kidney disease,SNOMEDCT_US,51341000146103,"Metastatic renal cell carcinoma, chromophobe cell",-,-,narrow,Desc: code 41607009,G,KIDNEYDISEASE,COV
All kidney disease,SNOMEDCT_US,51661000146107,Metastatic MiT family translocation renal cell carcinoma,-,-,narrow,Desc: code 41607009,G,KIDNEYDISEASE,COV
All kidney disease,SNOMEDCT_US,838281000,Metastatic renal cell carcinoma,-,-,narrow,Desc: code 41607009,G,KIDNEYDISEASE,COV
All kidney disease,SNOMEDCT_US,702391001,Renal cell carcinoma,C0007134,Renal Cell Carcinoma,narrow,,G,KIDNEYDISEASE,COV
All kidney disease,SNOMEDCT_US,1259489002,Primary renal cell carcinoma,-,-,narrow,Desc: code 702391001,G,KIDNEYDISEASE,COV
All kidney disease,SNOMEDCT_US,1259684001,Primary cystic renal cell carcinoma of kidney,-,-,narrow,Desc: code 702391001,G,KIDNEYDISEASE,COV
All kidney disease,SNOMEDCT_US,1263913008,Metastatic chromophobe renal cell carcinoma,-,-,narrow,Desc: code 702391001,G,KIDNEYDISEASE,COV
All kidney disease,SNOMEDCT_US,1263914002,Metastatic papillary renal cell carcinoma,-,-,narrow,Desc: code 702391001,G,KIDNEYDISEASE,COV
All kidney disease,SNOMEDCT_US,1263999008,Metastatic MiT family translocation renal cell carcinoma,-,-,narrow,Desc: code 702391001,G,KIDNEYDISEASE,COV
All kidney disease,SNOMEDCT_US,1268500006,Primary chromophobe renal cell carcinoma,-,-,narrow,Desc: code 702391001,G,KIDNEYDISEASE,COV
All kidney disease,SNOMEDCT_US,1268501005,Primary tubulocystic renal cell carcinoma,-,-,narrow,Desc: code 702391001,G,KIDNEYDISEASE,COV
All kidney disease,SNOMEDCT_US,1268503008,Primary papillary renal cell carcinoma,-,-,narrow,Desc: code 702391001,G,KIDNEYDISEASE,COV
All kidney disease,SNOMEDCT_US,1268637008,Primary MiT family translocation renal cell carcinoma,-,-,narrow,Desc: code 702391001,G,KIDNEYDISEASE,COV
All kidney disease,SNOMEDCT_US,1268641007,Primary mucinous tubular and spindle cell renal carcinoma,-,-,narrow,Desc: code 702391001,G,KIDNEYDISEASE,COV
All kidney disease,SNOMEDCT_US,1268642000,Primary renal medullary carcinoma,-,-,narrow,Desc: code 702391001,G,KIDNEYDISEASE,COV
All kidney disease,SNOMEDCT_US,15636991000119103,Renal cell carcinoma of bilateral kidneys,-,-,narrow,Desc: code 702391001,G,KIDNEYDISEASE,COV
All kidney disease,SNOMEDCT_US,767094002,Disorder of renal parenchyma,C1841992,Disorder of renal parenchyma,narrow,,G,KIDNEYDISEASE,COV
All kidney disease,SNOMEDCT_US,1081571000119102,Clear cell carcinoma of left kidney,-,-,narrow,Desc: code 767094002,G,KIDNEYDISEASE,COV
All kidney disease,SNOMEDCT_US,1081581000119104,Clear cell carcinoma of right kidney,-,-,narrow,Desc: code 767094002,G,KIDNEYDISEASE,COV
All kidney disease,SNOMEDCT_US,11026009,Miscarriage with renal tubular necrosis,-,-,narrow,Desc: code 767094002,G,KIDNEYDISEASE,COV
All kidney disease,SNOMEDCT_US,1144241004,Multiple cysts of glomerulus of kidney,-,-,narrow,Desc: code 767094002,G,KIDNEYDISEASE,COV
All kidney disease,SNOMEDCT_US,1144244007,Microcyst of cortex of kidney,-,-,narrow,Desc: code 767094002,G,KIDNEYDISEASE,COV
All kidney disease,SNOMEDCT_US,1144245008,Cyst of corticomedullary junction of kidney,-,-,narrow,Desc: code 767094002,G,KIDNEYDISEASE,COV
All kidney disease,SNOMEDCT_US,1144334007,Atrophy of renal tubule,-,-,narrow,Desc: code 767094002,G,KIDNEYDISEASE,COV
All kidney disease,SNOMEDCT_US,1144437001,Atrophy of cortex of kidney,-,-,narrow,Desc: code 767094002,G,KIDNEYDISEASE,COV
All kidney disease,SNOMEDCT_US,1144547001,Congenital hypoplasia of renal pyramid structure,-,-,narrow,Desc: code 767094002,G,KIDNEYDISEASE,COV
All kidney disease,SNOMEDCT_US,1237414000,Metastatic cystadenocarcinoma to kidney,-,-,narrow,Desc: code 767094002,G,KIDNEYDISEASE,COV
All kidney disease,SNOMEDCT_US,1255575002,Diffuse proliferative glomerulonephritis,-,-,narrow,Desc: code 767094002,G,KIDNEYDISEASE,COV
All kidney disease,SNOMEDCT_US,1255577005,Recurrent glomerulonephritis following transplantation of kidney,-,-,narrow,Desc: code 767094002,G,KIDNEYDISEASE,COV
All kidney disease,SNOMEDCT_US,1259391006,Primary cystadenocarcinoma of kidney,-,-,narrow,Desc: code 767094002,G,KIDNEYDISEASE,COV
All kidney disease,SNOMEDCT_US,1259392004,Primary papillary cystadenocarcinoma of kidney,-,-,narrow,Desc: code 767094002,G,KIDNEYDISEASE,COV
All kidney disease,SNOMEDCT_US,1259806004,Primary nephroblastoma of right kidney,-,-,narrow,Desc: code 767094002,G,KIDNEYDISEASE,COV
All kidney disease,SNOMEDCT_US,1259807008,Primary nephroblastoma of left kidney,-,-,narrow,Desc: code 767094002,G,KIDNEYDISEASE,COV
All kidney disease,SNOMEDCT_US,1260194003,Idiopathic steroid-resistant nephrotic syndrome,-,-,narrow,Desc: code 767094002,G,KIDNEYDISEASE,COV
All kidney disease,SNOMEDCT_US,1260197005,Idiopathic non-lupus full-house nephropathy,-,-,narrow,Desc: code 767094002,G,KIDNEYDISEASE,COV
All kidney disease,SNOMEDCT_US,1260198000,Idiopathic steroid-sensitive nephrotic syndrome with secondary steroid resistance,-,-,narrow,Desc: code 767094002,G,KIDNEYDISEASE,COV
All kidney disease,SNOMEDCT_US,1260350001,Disorder of glomerulus caused by Plasmodium malariae,-,-,narrow,Desc: code 767094002,G,KIDNEYDISEASE,COV
All kidney disease,SNOMEDCT_US,1264501003,Metastatic papillary cystadenocarcinoma to kidney,-,-,narrow,Desc: code 767094002,G,KIDNEYDISEASE,COV
All kidney disease,SNOMEDCT_US,1268714009,Primary nephroblastoma,-,-,narrow,Desc: code 767094002,G,KIDNEYDISEASE,COV
All kidney disease,SNOMEDCT_US,1269271003,"Atypical Fanconi syndrome, neonatal hyperinsulinism syndrome",-,-,narrow,Desc: code 767094002,G,KIDNEYDISEASE,COV
All kidney disease,SNOMEDCT_US,1293004000,Acute tubular necrosis due to ischemia,-,-,narrow,Desc: code 767094002,G,KIDNEYDISEASE,COV
All kidney disease,SNOMEDCT_US,1293115007,Focal segmental glomerulosclerosis caused by substance,-,-,narrow,Desc: code 767094002,G,KIDNEYDISEASE,COV
All kidney disease,SNOMEDCT_US,1293119001,Focal segmental glomerulosclerosis with infectious disease,-,-,narrow,Desc: code 767094002,G,KIDNEYDISEASE,COV
All kidney disease,SNOMEDCT_US,1304111007,Familial primary hypomagnesemia with hypercalciuria and nephrocalcinosis,-,-,narrow,Desc: code 767094002,G,KIDNEYDISEASE,COV
All kidney disease,SNOMEDCT_US,1306776003,Diffuse hyperplastic perilobular nephroblastomatosis,-,-,narrow,Desc: code 767094002,G,KIDNEYDISEASE,COV
All kidney disease,SNOMEDCT_US,1336119008,C4 (complement component 4) glomerulopathy,-,-,narrow,Desc: code 767094002,G,KIDNEYDISEASE,COV
All kidney disease,SNOMEDCT_US,1336121003,Complement component 4 glomerulonephritis,-,-,narrow,Desc: code 767094002,G,KIDNEYDISEASE,COV
All kidney disease,SNOMEDCT_US,1336124006,Complement component 4 dense deposit disease,-,-,narrow,Desc: code 767094002,G,KIDNEYDISEASE,COV
All kidney disease,SNOMEDCT_US,1351854006,"Primary hypomagnesemia, generalized seizures, intellectual disability, obesity syndrome",-,-,narrow,Desc: code 767094002,G,KIDNEYDISEASE,COV
All kidney disease,SNOMEDCT_US,1351962002,EGF-related primary hypomagnesemia with intellectual disability,-,-,narrow,Desc: code 767094002,G,KIDNEYDISEASE,COV
All kidney disease,SNOMEDCT_US,1363284002,Gitelman-like kidney tubulopathy due to mitochondrial DNA mutation,-,-,narrow,Desc: code 767094002,G,KIDNEYDISEASE,COV
All kidney disease,SNOMEDCT_US,1367653005,Genetic disease of glomerulus,-,-,narrow,Desc: code 767094002,G,KIDNEYDISEASE,COV
All kidney disease,SNOMEDCT_US,1367667001,Glomerulopathy due to myeloproliferative disorder,-,-,narrow,Desc: code 767094002,G,KIDNEYDISEASE,COV
All kidney disease,SNOMEDCT_US,1367668006,Kidney disease due to genetic disorder of lipid storage,-,-,narrow,Desc: code 767094002,G,KIDNEYDISEASE,COV
All kidney disease,SNOMEDCT_US,1367669003,Podocytopathy,-,-,narrow,Desc: code 767094002,G,KIDNEYDISEASE,COV
All kidney disease,SNOMEDCT_US,1367680003,Hereditary podocytopathy,-,-,narrow,Desc: code 767094002,G,KIDNEYDISEASE,COV
All kidney disease,SNOMEDCT_US,1367804007,Autoimmune immune-complex glomerulonephritis,-,-,narrow,Desc: code 767094002,G,KIDNEYDISEASE,COV
All kidney disease,SNOMEDCT_US,1367806009,Drug-induced immune-complex glomerulonephritis,-,-,narrow,Desc: code 767094002,G,KIDNEYDISEASE,COV
All kidney disease,SNOMEDCT_US,1367808005,Collagen IV nephropathy,-,-,narrow,Desc: code 767094002,G,KIDNEYDISEASE,COV
All kidney disease,SNOMEDCT_US,148041000146104,Heavy chain deposition disease,-,-,narrow,Desc: code 767094002,G,KIDNEYDISEASE,COV
All kidney disease,SNOMEDCT_US,373607009,Oxalosis,-,-,narrow,Desc: code 767094002,G,KIDNEYDISEASE,COV
All kidney disease,SNOMEDCT_US,40371000119105,Acute nephritis due to another disorder,-,-,narrow,Desc: code 767094002,G,KIDNEYDISEASE,COV
All kidney disease,SNOMEDCT_US,483228761000119106,Recurrent immunoglobulin A nephropathy,-,-,narrow,Desc: code 767094002,G,KIDNEYDISEASE,COV
All kidney disease,SNOMEDCT_US,717053007,Renal tubulopathy with encephalopathy and liver failure syndrome,-,-,narrow,Desc: code 767094002,G,KIDNEYDISEASE,COV
All kidney disease,SNOMEDCT_US,717787005,Familial hypomagnesemia hypercalciuria nephrocalcinosis with severe ocular involvement,-,-,narrow,Desc: code 767094002,G,KIDNEYDISEASE,COV
All kidney disease,SNOMEDCT_US,896831006,Structural abnormality of glomerular capillary,-,-,narrow,Desc: code 767094002,G,KIDNEYDISEASE,COV
All kidney disease,SNOMEDCT_US,896985007,Structural abnormality of renal corpuscle,-,-,narrow,Desc: code 767094002,G,KIDNEYDISEASE,COV
All kidney disease,SNOMEDCT_US,896986008,Structural abnormality of cortex of kidney,-,-,narrow,Desc: code 767094002,G,KIDNEYDISEASE,COV
All kidney disease,SNOMEDCT_US,896987004,Structural abnormality of medulla of kidney,-,-,narrow,Desc: code 767094002,G,KIDNEYDISEASE,COV
All kidney disease,SNOMEDCT_US,897158006,Structural abnormality of glomerular capsule,-,-,narrow,Desc: code 767094002,G,KIDNEYDISEASE,COV
All kidney disease,SNOMEDCT_US,897175000,Structural abnormality of nephron,-,-,narrow,Desc: code 767094002,G,KIDNEYDISEASE,COV
All kidney disease,SNOMEDCT_US,897400004,Structural abnormality of renal tubular basement membrane,-,-,narrow,Desc: code 767094002,G,KIDNEYDISEASE,COV
All kidney disease,SNOMEDCT_US,431581000124100,Disease of renal parenchyma,C1841992,Disorder of renal parenchyma,narrow,,G,KIDNEYDISEASE,COV
All kidney disease,SNOMEDCT_US,816069008,Glomerular fibrosis,C5230863,Glomerular fibrosis,narrow,,G,KIDNEYDISEASE,COV
All kidney disease,SNOMEDCT_US,236424009,Acute renal impairment,C1565662,Acute Kidney Insufficiency,narrow,,G,KIDNEYDISEASE,COV
All kidney disease,SNOMEDCT_US,723189000,Acute renal insufficiency,C1565662,Acute Kidney Insufficiency,narrow,,G,KIDNEYDISEASE,COV
All kidney disease,SNOMEDCT_US,1003861008,Renal tubular dysgenesis due to twin to twin transfusion,C5438872,Renal tubular dysgenesis due to twin to twin transfusion,narrow,,G,KIDNEYDISEASE,COV
All kidney disease,SNOMEDCT_US,399094007,Familial hematuria,C1305904,Familial hematuria,possible,,G,KIDNEYDISEASE,COV
All kidney disease,SNOMEDCT_US,57333009,Alport's syndrome,C1305904,Familial hematuria,narrow,,G,KIDNEYDISEASE,COV
All kidney disease,SNOMEDCT_US,158480002,[D]Deficient urine secretion,C0476299,Deficient urine secretion,possible,,G,KIDNEYDISEASE,COV
All kidney disease,SNOMEDCT_US,207183004,[D]Deficient urine secretion,C0476299,Deficient urine secretion,possible,,G,KIDNEYDISEASE,COV
All kidney disease,SNOMEDCT_US,271846001,Deficient urine secretion,C0476299,Deficient urine secretion,narrow,,G,KIDNEYDISEASE,COV
All kidney disease,SNOMEDCT_US,194779001,Hypertensive heart and renal disease with (congestive) heart failure,C0494575,Hypertensive heart and renal disease with (congestive) heart failure,narrow,,G,KIDNEYDISEASE,COV
All kidney disease,SNOMEDCT_US,194781004,Hypertensive heart and renal disease with both (congestive) heart failure and renal failure,C0494576,Hypertensive heart and renal disease with both (congestive) heart failure and renal failure,narrow,,G,KIDNEYDISEASE,COV
All kidney disease,SNOMEDCT_US,210202005,Kidney injury without mention of open wound into cavity NOS,C0160422,Closed injury of kidney,possible,,G,KIDNEYDISEASE,COV
All kidney disease,SNOMEDCT_US,210198008,"Kidney injury without mention of open wound into cavity, unspecified",C0160422,Closed injury of kidney,possible,,G,KIDNEYDISEASE,COV
All kidney disease,SNOMEDCT_US,210197003,Closed injury of kidney,C0160422,Closed injury of kidney,possible,,G,KIDNEYDISEASE,COV
All kidney disease,SNOMEDCT_US,210199000,"Kidney haematoma without rupture of capsule, without mention of open wound into cavity",C0160423,"Injury to kidney without mention of open wound into cavity, hematoma without rupture of capsule",possible,,G,KIDNEYDISEASE,COV
All kidney disease,SNOMEDCT_US,269158000,Injury to kidney NOS,C0160420,Injury of kidney,narrow,,G,KIDNEYDISEASE,COV
All kidney disease,SNOMEDCT_US,210209001,Ruptured kidney NOS,C0160420,Injury of kidney,narrow,,G,KIDNEYDISEASE,COV
All kidney disease,SNOMEDCT_US,157343006,Injury of kidney,C0160420,Injury of kidney,narrow,,G,KIDNEYDISEASE,COV
All kidney disease,SNOMEDCT_US,40095003,Injury of kidney,C0160420,Injury of kidney,narrow,,G,KIDNEYDISEASE,COV
All kidney disease,SNOMEDCT_US,1263953006,Renal tubular necrosis following ectopic pregnancy,-,-,narrow,Desc: code 40095003,G,KIDNEYDISEASE,COV
All kidney disease,SNOMEDCT_US,1263954000,Renal tubular necrosis following molar pregnancy,-,-,narrow,Desc: code 40095003,G,KIDNEYDISEASE,COV
All kidney disease,SNOMEDCT_US,22470001000004107,Ruptured cyst of kidney,-,-,narrow,Desc: code 40095003,G,KIDNEYDISEASE,COV
All kidney disease,SNOMEDCT_US,446989009,Nephronophthisis type 4,C2959367,Nephronophthisis type 4,narrow,,G,KIDNEYDISEASE,COV
All kidney disease,SNOMEDCT_US,210205007,"Kidney hematoma without rupture of capsule, with open wound into cavity",C0160428,"Kidney hematoma without rupture of capsule, with open wound into cavity",narrow,,G,KIDNEYDISEASE,COV
All kidney disease,SNOMEDCT_US,210206008,Kidney laceration with open wound into cavity,C0160429,Laceration of kidney with open wound into cavity,narrow,,G,KIDNEYDISEASE,COV
All kidney disease,SNOMEDCT_US,210204006,"Kidney injury with open wound into cavity, unspecified",C0160427,Injury to kidney with open wound into cavity,narrow,,G,KIDNEYDISEASE,COV
All kidney disease,SNOMEDCT_US,210208009,Kidney injury with open wound into cavity NOS,C0160427,Injury to kidney with open wound into cavity,narrow,,G,KIDNEYDISEASE,COV
All kidney disease,SNOMEDCT_US,210200002,Kidney laceration without mention of open wound into cavity,C0160424,Laceration of kidney without mention of open wound into cavity,narrow,,G,KIDNEYDISEASE,COV
All kidney disease,SNOMEDCT_US,197808006,Idiopathic retroperitoneal fibrosis,C4048297,Idiopathic retroperitoneal fibrosis,possible,,G,KIDNEYDISEASE,COV
All kidney disease,SNOMEDCT_US,81359005,Tuberculosis of ureter,C0152800,Tuberculosis of ureter,possible,,G,KIDNEYDISEASE,COV
All kidney disease,SNOMEDCT_US,1162265009,Acute exudative glomerulonephritis,C5551243,Acute exudative glomerulonephritis,narrow,,G,KIDNEYDISEASE,COV
All kidney disease,SNOMEDCT_US,190325001,"Diabetes mellitus, juvenile type, with ketoacidosis",C0342294,Ketoacidosis due to type 1 diabetes mellitus,possible,,G,KIDNEYDISEASE,COV
All kidney disease,SNOMEDCT_US,420270002,Ketoacidosis due to type 1 diabetes mellitus,C0342294,Ketoacidosis due to type 1 diabetes mellitus,exclude,,G,KIDNEYDISEASE,COV
All kidney disease,SNOMEDCT_US,371055001,Type I diabetes mellitus with ketoacidosis,C0342294,Ketoacidosis due to type 1 diabetes mellitus,exclude,,G,KIDNEYDISEASE,COV
All kidney disease,SNOMEDCT_US,190326000,"Diabetes mellitus, adult onset, with ketoacidosis",C0342295,Ketoacidosis due to type 2 diabetes mellitus,possible,,G,KIDNEYDISEASE,COV
All kidney disease,SNOMEDCT_US,408660003,Type II diabetes mellitus with ketoacidosis,C0342295,Ketoacidosis due to type 2 diabetes mellitus,exclude,,G,KIDNEYDISEASE,COV
All kidney disease,SNOMEDCT_US,421750000,Ketoacidosis due to type 2 diabetes mellitus,C0342295,Ketoacidosis due to type 2 diabetes mellitus,exclude,,G,KIDNEYDISEASE,COV
All kidney disease,SNOMEDCT_US,1721000119108,Awaiting renal transplant,C3472678,Awaiting transplantation of kidney,narrow,,G,KIDNEYDISEASE,COV
All kidney disease,SNOMEDCT_US,698306007,Awaiting transplantation of kidney,C3472678,Awaiting transplantation of kidney,narrow,,G,KIDNEYDISEASE,COV
All kidney disease,SNOMEDCT_US,597273291000119104,Awaiting transplantation of kidney and pancreas,-,-,narrow,Desc: code 698306007,G,KIDNEYDISEASE,COV
All kidney disease,SNOMEDCT_US,155868000,Kidney calculus,C0392525,Nephrolithiasis,possible,,G,KIDNEYDISEASE,COV
All kidney disease,SNOMEDCT_US,266623004,Nephrolithiasis,C0392525,Nephrolithiasis,narrow,,G,KIDNEYDISEASE,COV
All kidney disease,SNOMEDCT_US,197793002,(Calculus of kidney) or (nephrolithiasis NOS),C0392525,Nephrolithiasis,possible,,G,KIDNEYDISEASE,COV
All kidney disease,SNOMEDCT_US,236707002,Nephrolithiasis NOS,C0392525,Nephrolithiasis,possible,,G,KIDNEYDISEASE,COV
All kidney disease,SNOMEDCT_US,56491003,Nephrolithiasis,C0392525,Nephrolithiasis,possible,,G,KIDNEYDISEASE,COV
All kidney disease,SNOMEDCT_US,155867005,Kidney stone,C0392525,Nephrolithiasis,possible,,G,KIDNEYDISEASE,COV
All kidney disease,SNOMEDCT_US,95570007,Kidney stone,C0392525,Nephrolithiasis,possible,,G,KIDNEYDISEASE,COV
All kidney disease,SNOMEDCT_US,719652007,2p21 microdeletion syndrome,-,-,possible,Desc: code 95570007,G,KIDNEYDISEASE,COV
All kidney disease,SNOMEDCT_US,70826003,Epidemic hemorrhagic fever,C0019101,Hemorrhagic Fever with Renal Syndrome,narrow,,G,KIDNEYDISEASE,COV
All kidney disease,SNOMEDCT_US,364756009,Puumala virus nephropathy,C0019101,Hemorrhagic Fever with Renal Syndrome,narrow,,G,KIDNEYDISEASE,COV
All kidney disease,SNOMEDCT_US,284184004,Lepthangamushi syndrome,-,-,narrow,Desc: code 364756009,G,KIDNEYDISEASE,COV
All kidney disease,SNOMEDCT_US,102455002,Epidemic haemorrhagic fever,C0019101,Hemorrhagic Fever with Renal Syndrome,narrow,,G,KIDNEYDISEASE,COV
All kidney disease,SNOMEDCT_US,186701001,Haemorrhagic fever with renal syndrome,C0019101,Hemorrhagic Fever with Renal Syndrome,narrow,,G,KIDNEYDISEASE,COV
All kidney disease,SNOMEDCT_US,716864001,Hemorrhagic fever with renal syndrome,C0019101,Hemorrhagic Fever with Renal Syndrome,narrow,,G,KIDNEYDISEASE,COV
All kidney disease,SNOMEDCT_US,320681000119102,Tubulointerstitial nephropathy due to Sjogren syndrome,C4041208,Tubulointerstitial nephropathy due to Sjogren syndrome,narrow,,G,KIDNEYDISEASE,COV
All kidney disease,SNOMEDCT_US,764694005,MiT family translocation renal cell carcinoma,C4518356,MiT family translocation renal cell carcinoma,narrow,,G,KIDNEYDISEASE,COV
All kidney disease,SNOMEDCT_US,733881007,MiT family translocation renal cell carcinoma,C4518356,MiT family translocation renal cell carcinoma,narrow,,G,KIDNEYDISEASE,COV
All kidney disease,SNOMEDCT_US,253876004,Fibrocystic renal degeneration,C0345333,Fibrocystic renal degeneration,narrow,,G,KIDNEYDISEASE,COV
All kidney disease,SNOMEDCT_US,204964001,Fibrocystic kidney disease,C0345333,Fibrocystic renal degeneration,narrow,,G,KIDNEYDISEASE,COV
All kidney disease,SNOMEDCT_US,253875000,Congenital calyceal diverticulum,C0345332,Congenital calyceal diverticulum,possible,,G,KIDNEYDISEASE,COV
All kidney disease,SNOMEDCT_US,253869009,Cake kidney,C0345330,Cake Kidney,possible,,G,KIDNEYDISEASE,COV
All kidney disease,SNOMEDCT_US,368451000119100,Chronic kidney disease stage 4 due to drug induced diabetes mellitus,C5437909,Chronic kidney disease stage 4 due to drug induced diabetes mellitus,narrow,,G,KIDNEYDISEASE,COV
All kidney disease,SNOMEDCT_US,368431000119106,Chronic kidney disease stage 2 due to drug induced diabetes mellitus,C5437908,Chronic kidney disease stage 2 due to drug induced diabetes mellitus,narrow,,G,KIDNEYDISEASE,COV
All kidney disease,SNOMEDCT_US,95889002,Mycoplasmal pyelonephritis,C0521838,Mycoplasmal pyelonephritis,narrow,,G,KIDNEYDISEASE,COV
All kidney disease,SNOMEDCT_US,426598005,Amyloid light-chain nephropathy,C1960527,Amyloid light-chain nephropathy,narrow,,G,KIDNEYDISEASE,COV
All kidney disease,SNOMEDCT_US,425879009,AA amyloid nephropathy,C1960526,AA amyloid nephropathy,narrow,,G,KIDNEYDISEASE,COV
All kidney disease,SNOMEDCT_US,771000119108,Chronic kidney disease due to type 2 diabetes mellitus,C3662038,Chronic kidney disease due to type 2 diabetes mellitus,narrow,,G,KIDNEYDISEASE,COV
All kidney disease,SNOMEDCT_US,1332465000,Hypertension in chronic kidney disease stage 3B due to type 2 diabetes mellitus,-,-,narrow,Desc: code 771000119108,G,KIDNEYDISEASE,COV
All kidney disease,SNOMEDCT_US,1332466004,Hypertension in chronic kidney disease stage 3A due to type 2 diabetes mellitus,-,-,narrow,Desc: code 771000119108,G,KIDNEYDISEASE,COV
All kidney disease,SNOMEDCT_US,1332469006,Chronic kidney disease stage 3B due to type 2 diabetes mellitus,-,-,narrow,Desc: code 771000119108,G,KIDNEYDISEASE,COV
All kidney disease,SNOMEDCT_US,1332470007,Chronic kidney disease stage 3A due to type 2 diabetes mellitus,-,-,narrow,Desc: code 771000119108,G,KIDNEYDISEASE,COV
All kidney disease,SNOMEDCT_US,197605007,Nephrotic syndrome due to diabetes mellitus,C3665549,Nephrotic syndrome due to diabetes mellitus,narrow,,G,KIDNEYDISEASE,COV
All kidney disease,SNOMEDCT_US,50909009,Antifreeze oxalosis,C0268168,Antifreeze oxalosis,possible,,G,KIDNEYDISEASE,COV
All kidney disease,SNOMEDCT_US,37497004,Enteric hyperoxaluria,C0268167,Enteric hyperoxaluria,possible,,G,KIDNEYDISEASE,COV
All kidney disease,SNOMEDCT_US,124117005,Deficiency of glycerate dehydrogenase,C0268165,Primary hyperoxaluria type 2,possible,,G,KIDNEYDISEASE,COV
All kidney disease,SNOMEDCT_US,124114003,Deficiency of glyoxylate reductase,C0268165,Primary hyperoxaluria type 2,possible,,G,KIDNEYDISEASE,COV
All kidney disease,SNOMEDCT_US,40951006,"Primary hyperoxaluria, type II",C0268165,Primary hyperoxaluria type 2,narrow,,G,KIDNEYDISEASE,COV
All kidney disease,SNOMEDCT_US,65520001,"Primary hyperoxaluria, type I",C0268164,"Primary hyperoxaluria, type I",narrow,,G,KIDNEYDISEASE,COV
All kidney disease,SNOMEDCT_US,734014001,Clear cell papillary renal cell carcinoma,C4518333,Clear cell papillary renal cell carcinoma,narrow,,G,KIDNEYDISEASE,COV
All kidney disease,SNOMEDCT_US,734015000,Clear cell papillary renal cell carcinoma,C4518333,Clear cell papillary renal cell carcinoma,narrow,,G,KIDNEYDISEASE,COV
All kidney disease,SNOMEDCT_US,445258009,Idiopathic rapidly progressive glomerulonephritis,C2919706,Idiopathic rapidly progressive glomerulonephritis,narrow,,G,KIDNEYDISEASE,COV
All kidney disease,SNOMEDCT_US,698757009,Nephropathy due to acquired urinary tract obstruction,C3698477,Nephropathy due to acquired urinary tract obstruction,narrow,,G,KIDNEYDISEASE,COV
All kidney disease,SNOMEDCT_US,237905007,Iatrogenic hyperphosphatemia,C0342657,Iatrogenic hyperphosphatemia,possible,,G,KIDNEYDISEASE,COV
All kidney disease,SNOMEDCT_US,1056501000112102,Recurrent kidney stone,C1737262,Recurrent kidney stone,possible,,G,KIDNEYDISEASE,COV
All kidney disease,SNOMEDCT_US,111491000119107,Nephritis caused by drug,C5437928,Nephritis caused by drug,narrow,,G,KIDNEYDISEASE,COV
All kidney disease,SNOMEDCT_US,15957501000119101,Bilateral oncocytoma of kidneys,C5437927,Bilateral oncocytoma of kidneys,possible,,G,KIDNEYDISEASE,COV
All kidney disease,SNOMEDCT_US,237904006,Renal failure-associated hyperphosphatemia,C0342656,Renal failure-associated hyperphosphatemia,narrow,,G,KIDNEYDISEASE,COV
All kidney disease,SNOMEDCT_US,92624000,Carcinoma in situ of kidney,C0686172,Carcinoma in situ of kidney,narrow,,G,KIDNEYDISEASE,COV
All kidney disease,SNOMEDCT_US,236461000,Distal renal tubular acidosis,C1704380,Distal Renal Tubular Acidosis,narrow,,G,KIDNEYDISEASE,COV
All kidney disease,SNOMEDCT_US,86210009,Classical renal tubular acidosis,C1704380,Distal Renal Tubular Acidosis,narrow,,G,KIDNEYDISEASE,COV
All kidney disease,SNOMEDCT_US,428648006,Automated peritoneal dialysis,C1997821,Automated peritoneal dialysis,narrow,,G,KIDNEYDISEASE,COV
All kidney disease,SNOMEDCT_US,1157178009,Compression of parenchyma of kidney,C5548435,Compression of parenchyma of kidney,narrow,,G,KIDNEYDISEASE,COV
All kidney disease,SNOMEDCT_US,253879006,Adult type polycystic kidney disease type 2,C2751306,"Polycystic kidney disease, type 2",narrow,,G,KIDNEYDISEASE,COV
All kidney disease,SNOMEDCT_US,724093004,"Nephropathy, deafness, hyperparathyroidism syndrome",C4518325,"Nephropathy, deafness, hyperparathyroidism syndrome",narrow,,G,KIDNEYDISEASE,COV
All kidney disease,SNOMEDCT_US,216877000,"Accidental cut, puncture, perforation or haemorrhage during kidney dialysis or other perfusion",C0261514,"Unintentional cut, puncture, perforation or haemorrhage during kidney dialysis or other perfusion",narrow,,G,KIDNEYDISEASE,COV
All kidney disease,SNOMEDCT_US,223155009,"[X]Unintentional cut, puncture, perforation or haemorrhage during kidney dialysis or other perfusion",C0261514,"Unintentional cut, puncture, perforation or haemorrhage during kidney dialysis or other perfusion",narrow,,G,KIDNEYDISEASE,COV
All kidney disease,SNOMEDCT_US,93425004,Discoloration of kidney,C0686160,Discoloration of kidney,narrow,,G,KIDNEYDISEASE,COV
All kidney disease,SNOMEDCT_US,367581000119107,Hereditary minor glomerular abnormality,C3875436,Hereditary minor glomerular abnormality,narrow,,G,KIDNEYDISEASE,COV
All kidney disease,SNOMEDCT_US,838353009,Acute pyelonephritis caused by bacterium,C2062473,Acute pyelonephritis caused by bacterium,narrow,,G,KIDNEYDISEASE,COV
All kidney disease,SNOMEDCT_US,792926007,Armanni-Ebstein kidney due to diabetes mellitus,C5230812,Armanni-Ebstein kidney due to diabetes mellitus,possible,,G,KIDNEYDISEASE,COV
All kidney disease,SNOMEDCT_US,368461000119103,Chronic kidney disease stage 5 due to drug induced diabetes mellitus,C5437911,Chronic kidney disease stage 5 due to drug induced diabetes mellitus,narrow,,G,KIDNEYDISEASE,COV
All kidney disease,SNOMEDCT_US,368441000119102,Chronic kidney disease stage 3 due to drug induced diabetes mellitus,C5437910,Chronic kidney disease stage 3 due to drug induced diabetes mellitus,narrow,,G,KIDNEYDISEASE,COV
All kidney disease,SNOMEDCT_US,33461007,Complication of peritoneal dialysis,C0274418,Complication of peritoneal dialysis,narrow,,G,KIDNEYDISEASE,COV
All kidney disease,SNOMEDCT_US,114711000119105,Infection due to and following peritoneal dialysis,-,-,narrow,Desc: code 33461007,G,KIDNEYDISEASE,COV
All kidney disease,SNOMEDCT_US,236554001,Pain during inflow of dialysate,-,-,narrow,Desc: code 33461007,G,KIDNEYDISEASE,COV
All kidney disease,SNOMEDCT_US,236555000,Pain during outflow of dialysate,-,-,narrow,Desc: code 33461007,G,KIDNEYDISEASE,COV
All kidney disease,SNOMEDCT_US,236559006,Loss of ultrafiltration,-,-,narrow,Desc: code 33461007,G,KIDNEYDISEASE,COV
All kidney disease,SNOMEDCT_US,236560001,Loss of solute clearance,-,-,narrow,Desc: code 33461007,G,KIDNEYDISEASE,COV
All kidney disease,SNOMEDCT_US,292761003,Peritoneal dialysis solution adverse reaction,-,-,narrow,Desc: code 33461007,G,KIDNEYDISEASE,COV
All kidney disease,SNOMEDCT_US,404813001,Peritoneal dialysis leakage,-,-,narrow,Desc: code 33461007,G,KIDNEYDISEASE,COV
All kidney disease,SNOMEDCT_US,433991000124108,Peritoneal dialysis access failure,-,-,narrow,Desc: code 33461007,G,KIDNEYDISEASE,COV
All kidney disease,SNOMEDCT_US,440228000,Leakage of peritoneal dialysate into subcutaneous tissue of abdominal wall,-,-,narrow,Desc: code 33461007,G,KIDNEYDISEASE,COV
All kidney disease,SNOMEDCT_US,440310004,Leakage of peritoneal dialysate into pleural cavity,-,-,narrow,Desc: code 33461007,G,KIDNEYDISEASE,COV
All kidney disease,SNOMEDCT_US,440663004,Encapsulating peritoneal sclerosis associated with peritoneal dialysis,-,-,narrow,Desc: code 33461007,G,KIDNEYDISEASE,COV
All kidney disease,SNOMEDCT_US,702634004,Inadequate peritoneal dialysis,-,-,narrow,Desc: code 33461007,G,KIDNEYDISEASE,COV
All kidney disease,SNOMEDCT_US,713720009,Sclerosing peritonitis as complication of peritoneal dialysis,-,-,narrow,Desc: code 33461007,G,KIDNEYDISEASE,COV
All kidney disease,SNOMEDCT_US,713721008,Hydrothorax as complication of peritoneal dialysis,-,-,narrow,Desc: code 33461007,G,KIDNEYDISEASE,COV
All kidney disease,SNOMEDCT_US,713724000,Abdominal hernia as complication of peritoneal dialysis,-,-,narrow,Desc: code 33461007,G,KIDNEYDISEASE,COV
All kidney disease,SNOMEDCT_US,713727007,Hemoperitoneum as complication of peritoneal dialysis,-,-,narrow,Desc: code 33461007,G,KIDNEYDISEASE,COV
All kidney disease,SNOMEDCT_US,719501003,Ultrafiltration failure,-,-,narrow,Desc: code 33461007,G,KIDNEYDISEASE,COV
All kidney disease,SNOMEDCT_US,783187005,Aseptic peritoneal eosinophilia after dialysis,-,-,narrow,Desc: code 33461007,G,KIDNEYDISEASE,COV
All kidney disease,SNOMEDCT_US,704205002,Nephropathy induced by tacrolimus,C3875433,Nephropathy induced by tacrolimus,narrow,,G,KIDNEYDISEASE,COV
All kidney disease,SNOMEDCT_US,8468007,Legal abortion with uraemia,C0269473,Legal abortion with uremia,narrow,,G,KIDNEYDISEASE,COV
All kidney disease,SNOMEDCT_US,20483002,Legal abortion with renal tubular necrosis,C0269472,Legal abortion with renal tubular necrosis,narrow,,G,KIDNEYDISEASE,COV
All kidney disease,SNOMEDCT_US,55655006,Azotaemia,C0554309,Prerenal azotemia,possible,,G,KIDNEYDISEASE,COV
All kidney disease,SNOMEDCT_US,445646001,Prerenal azotemia,C0554309,Prerenal azotemia,narrow,,G,KIDNEYDISEASE,COV
All kidney disease,SNOMEDCT_US,373584008,Congenital obstruction of ureteropelvic junction,C1298714,Congenital obstruction of ureteropelvic junction,narrow,,G,KIDNEYDISEASE,COV
All kidney disease,SNOMEDCT_US,733472005,"Microcephalus, glomerulonephritis, marfanoid habitus syndrome",C4518795,"Microcephalus, glomerulonephritis, marfanoid habitus syndrome",narrow,,G,KIDNEYDISEASE,COV
All kidney disease,SNOMEDCT_US,52342006,Legal abortion with acute renal failure,C0269471,Legal abortion with acute renal failure,narrow,,G,KIDNEYDISEASE,COV
All kidney disease,SNOMEDCT_US,36473002,Legal abortion with oliguria,C0269470,Legal abortion with oliguria,possible,,G,KIDNEYDISEASE,COV
All kidney disease,SNOMEDCT_US,19765000,Complication of dialysis,C0274416,Complication of dialysis,narrow,,G,KIDNEYDISEASE,COV
All kidney disease,SNOMEDCT_US,1153581007,Matrix stone formation during renal dialysis,-,-,narrow,Desc: code 19765000,G,KIDNEYDISEASE,COV
All kidney disease,SNOMEDCT_US,1259584009,Post-dialysis dementia,-,-,narrow,Desc: code 19765000,G,KIDNEYDISEASE,COV
All kidney disease,SNOMEDCT_US,12963004,Dialysis-associated ascites,-,-,narrow,Desc: code 19765000,G,KIDNEYDISEASE,COV
All kidney disease,SNOMEDCT_US,133031000119106,Thrombosis of arteriovenous graft caused by hemodialysis arteriovenous access device,-,-,narrow,Desc: code 19765000,G,KIDNEYDISEASE,COV
All kidney disease,SNOMEDCT_US,233766001,Dialysis-associated hypoxia,-,-,narrow,Desc: code 19765000,G,KIDNEYDISEASE,COV
All kidney disease,SNOMEDCT_US,236538004,Acute disorder of hemodialysis,-,-,narrow,Desc: code 19765000,G,KIDNEYDISEASE,COV
All kidney disease,SNOMEDCT_US,236542001,Long-term disorder of dialysis,-,-,narrow,Desc: code 19765000,G,KIDNEYDISEASE,COV
All kidney disease,SNOMEDCT_US,236550005,Polyserositis syndrome of dialysis,-,-,narrow,Desc: code 19765000,G,KIDNEYDISEASE,COV
All kidney disease,SNOMEDCT_US,26944003,Acute megaloblastic anemia due to dialysis,-,-,narrow,Desc: code 19765000,G,KIDNEYDISEASE,COV
All kidney disease,SNOMEDCT_US,292760002,Dialysis fluid adverse reaction,-,-,narrow,Desc: code 19765000,G,KIDNEYDISEASE,COV
All kidney disease,SNOMEDCT_US,292762005,Hemodialysis fluid adverse reaction,-,-,narrow,Desc: code 19765000,G,KIDNEYDISEASE,COV
All kidney disease,SNOMEDCT_US,292763000,Hemofiltration solution adverse reaction,-,-,narrow,Desc: code 19765000,G,KIDNEYDISEASE,COV
All kidney disease,SNOMEDCT_US,32599008,Hemodialysis-associated amyloidosis,-,-,narrow,Desc: code 19765000,G,KIDNEYDISEASE,COV
All kidney disease,SNOMEDCT_US,33603003,Complication of renal dialysis,-,-,narrow,Desc: code 19765000,G,KIDNEYDISEASE,COV
All kidney disease,SNOMEDCT_US,402458002,Hemodialysis-associated secondary amyloidosis of skin,-,-,narrow,Desc: code 19765000,G,KIDNEYDISEASE,COV
All kidney disease,SNOMEDCT_US,402762007,Skin lesion associated with hemodialysis,-,-,narrow,Desc: code 19765000,G,KIDNEYDISEASE,COV
All kidney disease,SNOMEDCT_US,403732009,Hemodialysis-associated pseudoporphyria,-,-,narrow,Desc: code 19765000,G,KIDNEYDISEASE,COV
All kidney disease,SNOMEDCT_US,408667000,Hemodialysis-associated hypotension,-,-,narrow,Desc: code 19765000,G,KIDNEYDISEASE,COV
All kidney disease,SNOMEDCT_US,430333000,Hematoma of dialysis access site,-,-,narrow,Desc: code 19765000,G,KIDNEYDISEASE,COV
All kidney disease,SNOMEDCT_US,434061000124103,Hemodialysis access failure,-,-,narrow,Desc: code 19765000,G,KIDNEYDISEASE,COV
All kidney disease,SNOMEDCT_US,702635003,Inadequate hemodialysis,-,-,narrow,Desc: code 19765000,G,KIDNEYDISEASE,COV
All kidney disease,SNOMEDCT_US,724612006,Osteonecrosis due to and following renal dialysis,-,-,narrow,Desc: code 19765000,G,KIDNEYDISEASE,COV
All kidney disease,SNOMEDCT_US,85223007,Complication of hemodialysis,-,-,narrow,Desc: code 19765000,G,KIDNEYDISEASE,COV
All kidney disease,SNOMEDCT_US,699322002,Matrix stone of kidney,C3697138,Matrix stone of kidney,possible,,G,KIDNEYDISEASE,COV
All kidney disease,SNOMEDCT_US,197592009,Nephrotic syndrome with minimal change glomerulonephritis,C0554307,Nephrotic syndrome with minimal change glomerulonephritis,narrow,,G,KIDNEYDISEASE,COV
All kidney disease,SNOMEDCT_US,266549004,Nephrotic syndrome with minimal change glomerulonephritis,C0554307,Nephrotic syndrome with minimal change glomerulonephritis,narrow,,G,KIDNEYDISEASE,COV
All kidney disease,SNOMEDCT_US,28770003,"Polycystic kidney disease, infantile type",C0085548,Autosomal Recessive Polycystic Kidney Disease,narrow,,G,KIDNEYDISEASE,COV
All kidney disease,SNOMEDCT_US,190766003,Primary hyperoxaluria,C0020501,Primary Hyperoxaluria,possible,,G,KIDNEYDISEASE,COV
All kidney disease,SNOMEDCT_US,17901006,Primary hyperoxaluria,C0020501,Primary Hyperoxaluria,narrow,,G,KIDNEYDISEASE,COV
All kidney disease,SNOMEDCT_US,15959261000119108,Bilateral neoplasm of uncertain behavior of kidneys,C5547123,Bilateral neoplasm of uncertain behavior of kidneys,possible,,G,KIDNEYDISEASE,COV
All kidney disease,SNOMEDCT_US,15959221000119103,Bilateral neoplasm of uncertain behavior of renal pelvises,-,-,possible,Desc: code 15959261000119108,G,KIDNEYDISEASE,COV
All kidney disease,SNOMEDCT_US,367621000119107,Hyperoxaluria,C0020500,Hyperoxaluria,possible,,G,KIDNEYDISEASE,COV
All kidney disease,SNOMEDCT_US,16697291000119100,Bilateral neoplasm of kidneys,C5547124,Bilateral neoplasm of kidneys,possible,,G,KIDNEYDISEASE,COV
All kidney disease,SNOMEDCT_US,724485008,Gestational proteinuria without hypertension,C4510829,Gestational proteinuria without hypertension,narrow,,G,KIDNEYDISEASE,COV
All kidney disease,SNOMEDCT_US,199139003,Pregnancy-induced edema and proteinuria without hypertension,-,-,narrow,Desc: code 724485008,G,KIDNEYDISEASE,COV
All kidney disease,SNOMEDCT_US,405584002,Traumatic rupture of kidney,C1320691,Traumatic rupture of kidney,narrow,,G,KIDNEYDISEASE,COV
All kidney disease,SNOMEDCT_US,733453005,"Congenital nephrotic syndrome, interstitial lung disease, epidermolysis bullosa syndrome",C4518785,"Congenital nephrotic syndrome, interstitial lung disease, epidermolysis bullosa syndrome",narrow,,G,KIDNEYDISEASE,COV
All kidney disease,SNOMEDCT_US,237612000,"Photomyoclonus, diabetes mellitus, deafness, nephropathy and cerebral dysfunction",C1809475,Herrmann syndrome,possible,,G,KIDNEYDISEASE,COV
All kidney disease,SNOMEDCT_US,1365978008,Minimal change nephrotic syndrome,C1704321,"Nephrotic Syndrome, Minimal Change",narrow,,G,KIDNEYDISEASE,COV
All kidney disease,SNOMEDCT_US,44785005,Idiopathic nephrotic syndrome,C1704321,"Nephrotic Syndrome, Minimal Change",narrow,,G,KIDNEYDISEASE,COV
All kidney disease,SNOMEDCT_US,700448000,"EAST (Epilepsy, ataxia, sensorineural deafness, and tubulopathy) syndrome",C2748572,SeSAME syndrome,possible,,G,KIDNEYDISEASE,COV
All kidney disease,SNOMEDCT_US,721207002,"Seizure, sensorineural deafness, ataxia, intellectual disability, electrolyte imbalance syndrome",C2748572,SeSAME syndrome,possible,,G,KIDNEYDISEASE,COV
All kidney disease,SNOMEDCT_US,772125001,Anomaly of fetal kidney,C4722081,Anomaly of fetal kidney,possible,,G,KIDNEYDISEASE,COV
All kidney disease,SNOMEDCT_US,1237342004,Lethal fetal cerebrorenogenitourinary agenesis/hypoplasia syndrome,-,-,possible,Desc: code 772125001,G,KIDNEYDISEASE,COV
All kidney disease,SNOMEDCT_US,18104000,"Metabolic acidosis, NAG, acidifying salts",C0085569,"Metabolic acidosis, NAG, acidifying salts",exclude,,G,KIDNEYDISEASE,COV
All kidney disease,SNOMEDCT_US,71441000119104,Nephrotic syndrome due to type 2 diabetes mellitus,C3875008,Nephrotic syndrome due to type 2 diabetes mellitus,narrow,,G,KIDNEYDISEASE,COV
All kidney disease,SNOMEDCT_US,79827002,Arteriovenous anastomosis for renal dialysis,C0189693,Arteriovenous anastomosis for renal dialysis,narrow,,G,KIDNEYDISEASE,COV
All kidney disease,SNOMEDCT_US,9635004,Late metabolic acidosis of newborn,C0158987,Late metabolic acidosis of newborn,possible,,G,KIDNEYDISEASE,COV
All kidney disease,SNOMEDCT_US,1079001000119106,Angiomyolipoma of right kidney,C4304183,Angiomyolipoma of right kidney,possible,,G,KIDNEYDISEASE,COV
All kidney disease,SNOMEDCT_US,1078991000119106,Angiomyolipoma of left kidney,C4304184,Angiomyolipoma of left kidney,possible,,G,KIDNEYDISEASE,COV
All kidney disease,SNOMEDCT_US,254921004,Angiomyolipoma of kidney,C0241961,Angiomyolipoma of kidney,possible,,G,KIDNEYDISEASE,COV
All kidney disease,SNOMEDCT_US,253867006,Thoracic kidney,C0241965,Thoracic kidney,possible,,G,KIDNEYDISEASE,COV
All kidney disease,SNOMEDCT_US,15911000119103,Primary tubulointerstitial nephritis,C3875487,Primary tubulointerstitial nephritis,narrow,,G,KIDNEYDISEASE,COV
All kidney disease,SNOMEDCT_US,782942003,Renal caliceal diverticuli and deafness syndrome,C5190738,Renal caliceal diverticuli and deafness syndrome,possible,,G,KIDNEYDISEASE,COV
All kidney disease,SNOMEDCT_US,106911000119102,Idiopathic glomerulonephritis,C3875002,Idiopathic glomerulonephritis,narrow,,G,KIDNEYDISEASE,COV
All kidney disease,SNOMEDCT_US,60926001,Chronic tubulointerstitial nephritis,C0238304,Chronic tubulointerstitial nephritis,narrow,,G,KIDNEYDISEASE,COV
All kidney disease,SNOMEDCT_US,13886001,Sickle cell nephropathy,C0238305,Sickle cell nephropathy,narrow,,G,KIDNEYDISEASE,COV
All kidney disease,SNOMEDCT_US,39734002,"Renal glucosuria, type O",C0268190,"Renal glucosuria, type O",narrow,,G,KIDNEYDISEASE,COV
All kidney disease,SNOMEDCT_US,735539005,Metabolic acidosis due to diabetes mellitus,C4543814,Metabolic acidosis due to diabetes mellitus,exclude,,G,KIDNEYDISEASE,COV
All kidney disease,SNOMEDCT_US,721283000,Acidosis due to type 1 diabetes mellitus,-,-,exclude,Desc: code 735539005,G,KIDNEYDISEASE,COV
All kidney disease,SNOMEDCT_US,721284006,Acidosis due to type 2 diabetes mellitus,-,-,exclude,Desc: code 735539005,G,KIDNEYDISEASE,COV
All kidney disease,SNOMEDCT_US,713695001,Nephrotic syndrome co-occurrent with human immunodeficiency virus infection,C4075832,Nephrotic syndrome co-occurrent with human immunodeficiency virus infection,narrow,,G,KIDNEYDISEASE,COV
All kidney disease,SNOMEDCT_US,713696000,Renal failure syndrome co-occurrent with human immunodeficiency virus infection,C4075836,Renal failure syndrome co-occurrent with human immunodeficiency virus infection,narrow,,G,KIDNEYDISEASE,COV
All kidney disease,SNOMEDCT_US,405573009,Acquired obstructive defect of renal pelvis,C1320689,Acquired obstructive defect of renal pelvis,possible,,G,KIDNEYDISEASE,COV
All kidney disease,SNOMEDCT_US,1003850000,Pyruvate dehydrogenase complex E1-alpha subunit deficiency,C5438802,Pyruvate dehydrogenase complex E1-alpha subunit deficiency,exclude,,G,KIDNEYDISEASE,COV
All kidney disease,SNOMEDCT_US,735538002,Lactic acidosis due to diabetes mellitus,C4543813,Lactic acidosis due to diabetes mellitus,narrow,,G,KIDNEYDISEASE,COV
All kidney disease,SNOMEDCT_US,1003849000,Pyruvate dehydrogenase complex E2 subunit deficiency,C5438801,Pyruvate dehydrogenase complex E2 subunit deficiency,exclude,,G,KIDNEYDISEASE,COV
All kidney disease,SNOMEDCT_US,354361000119107,Primary malignant neoplasm of right kidney,C4509807,Primary malignant neoplasm of right kidney,narrow,,G,KIDNEYDISEASE,COV
All kidney disease,SNOMEDCT_US,1259466005,Primary transitional cell carcinoma of right renal pelvis,-,-,narrow,Desc: code 354361000119107,G,KIDNEYDISEASE,COV
All kidney disease,SNOMEDCT_US,1259662001,Primary transitional cell carcinoma of right kidney,-,-,narrow,Desc: code 354361000119107,G,KIDNEYDISEASE,COV
All kidney disease,SNOMEDCT_US,704204003,Nephropathy induced by lead,C3875473,Nephropathy induced by lead,narrow,,G,KIDNEYDISEASE,COV
All kidney disease,SNOMEDCT_US,354351000119105,Primary malignant neoplasm of left kidney,C4509808,Primary malignant neoplasm of left kidney,narrow,,G,KIDNEYDISEASE,COV
All kidney disease,SNOMEDCT_US,1259464008,Primary transitional cell carcinoma of left renal pelvis,-,-,narrow,Desc: code 354351000119105,G,KIDNEYDISEASE,COV
All kidney disease,SNOMEDCT_US,1259664000,Primary transitional cell carcinoma of left kidney,-,-,narrow,Desc: code 354351000119105,G,KIDNEYDISEASE,COV
All kidney disease,SNOMEDCT_US,27929005,Arteriovenous fistulization,C0398221,Arteriovenous fistulization,narrow,,G,KIDNEYDISEASE,COV
All kidney disease,SNOMEDCT_US,1304148003,Percutaneous transluminal construction of deep vein arteriovenous fistula with insertion of stent,-,-,narrow,Desc: code 27929005,G,KIDNEYDISEASE,COV
All kidney disease,SNOMEDCT_US,22600001,Creation of arteriovenous fistula with nonautogenous graft,-,-,narrow,Desc: code 27929005,G,KIDNEYDISEASE,COV
All kidney disease,SNOMEDCT_US,233468004,Creation of Cimino fistula,-,-,narrow,Desc: code 27929005,G,KIDNEYDISEASE,COV
All kidney disease,SNOMEDCT_US,405331002,Creation of upper limb arteriovenous fistula,-,-,narrow,Desc: code 27929005,G,KIDNEYDISEASE,COV
All kidney disease,SNOMEDCT_US,405419000,Creation of lower limb arteriovenous fistula,-,-,narrow,Desc: code 27929005,G,KIDNEYDISEASE,COV
All kidney disease,SNOMEDCT_US,30295007,"Renal glucosuria, type B",C0268189,"Renal glucosuria, type B",narrow,,G,KIDNEYDISEASE,COV
All kidney disease,SNOMEDCT_US,75030003,"Renal glucosuria, type A",C0268188,"Renal glucosuria, type A",narrow,,G,KIDNEYDISEASE,COV
All kidney disease,SNOMEDCT_US,718141008,Genetic steroid-resistant nephrotic syndrome,C4273714,Genetic steroid-resistant nephrotic syndrome,narrow,,G,KIDNEYDISEASE,COV
All kidney disease,SNOMEDCT_US,198532008,[X]Other specified disorders of kidney and ureter,C0029781,Other specified disorders of kidney and ureter,possible,,G,KIDNEYDISEASE,COV
All kidney disease,SNOMEDCT_US,764961009,Hereditary primary clear cell renal cell carcinoma,C1333985,Hereditary primary clear cell renal cell carcinoma,narrow,,G,KIDNEYDISEASE,COV
All kidney disease,SNOMEDCT_US,771509001,Hypertrophic cardiomyopathy and renal tubular disease due to mitochondrial DNA mutation,C4749942,Hypertrophic cardiomyopathy and renal tubular disease due to mitochondrial DNA mutation,narrow,,G,KIDNEYDISEASE,COV
All kidney disease,SNOMEDCT_US,33763006,Hypercalcemic nephropathy,C0152023,Hypercalcemic nephropathy,narrow,,G,KIDNEYDISEASE,COV
All kidney disease,SNOMEDCT_US,95571006,Hemorrhage of kidney,C0392175,Hemorrhage of kidney,narrow,,G,KIDNEYDISEASE,COV
All kidney disease,SNOMEDCT_US,193196004,Uremic polyneuropathy,C0542367,Uremic polyneuropathy,possible,,G,KIDNEYDISEASE,COV
All kidney disease,SNOMEDCT_US,285831000119108,Malignant hypertensive chronic kidney disease,C1719462,Malignant hypertensive chronic kidney disease,narrow,,G,KIDNEYDISEASE,COV
All kidney disease,SNOMEDCT_US,191048009,[X]Unspecified diabetes mellitus with renal complications,C0348450,Unspecified diabetes mellitus with renal complications,narrow,,G,KIDNEYDISEASE,COV
All kidney disease,SNOMEDCT_US,722120008,Drug-induced membranous nephropathy,C4302814,Drug-induced membranous nephropathy,narrow,,G,KIDNEYDISEASE,COV
All kidney disease,SNOMEDCT_US,72613009,Miscarriage with oliguria,C0269418,Miscarriage with oliguria,possible,,G,KIDNEYDISEASE,COV
All kidney disease,SNOMEDCT_US,253897003,"Congenital vesicoureterorenal reflux, bilateral",C0431738,"Congenital vesicoureterorenal reflux, bilateral",narrow,,G,KIDNEYDISEASE,COV
All kidney disease,SNOMEDCT_US,155862004,Acute pyelonephritis,C0520575,Acute pyelonephritis,narrow,,G,KIDNEYDISEASE,COV
All kidney disease,SNOMEDCT_US,266620001,Acute pyelonephritis,C0520575,Acute pyelonephritis,narrow,,G,KIDNEYDISEASE,COV
All kidney disease,SNOMEDCT_US,36689008,Acute pyelonephritis,C0520575,Acute pyelonephritis,narrow,,G,KIDNEYDISEASE,COV
All kidney disease,SNOMEDCT_US,22352007,Acute pyelonephritis,C0520575,Acute pyelonephritis,narrow,,G,KIDNEYDISEASE,COV
All kidney disease,SNOMEDCT_US,197771007,Acute pyelonephritis NOS,C0520575,Acute pyelonephritis,narrow,,G,KIDNEYDISEASE,COV
All kidney disease,SNOMEDCT_US,373637000,Congenital vesicoureterorenal reflux,C0431736,Congenital vesicoureterorenal reflux,narrow,,G,KIDNEYDISEASE,COV
All kidney disease,SNOMEDCT_US,1148888004,Nodular glomerulosclerosis due to heavy chain deposition disease,C5546762,Nodular glomerulosclerosis due to heavy chain deposition disease,narrow,,G,KIDNEYDISEASE,COV
All kidney disease,SNOMEDCT_US,266617009,Glomerulosclerosis,C0178664,Glomerulosclerosis (disorder),narrow,,G,KIDNEYDISEASE,COV
All kidney disease,SNOMEDCT_US,82646005,Glomerulosclerosis,C0178664,Glomerulosclerosis (disorder),narrow,,G,KIDNEYDISEASE,COV
All kidney disease,SNOMEDCT_US,81450008,Intercapillary glomerulosclerosis,-,-,narrow,Desc: code 82646005,G,KIDNEYDISEASE,COV
All kidney disease,SNOMEDCT_US,197661001,Glomerulosclerosis,C0178664,Glomerulosclerosis (disorder),narrow,,G,KIDNEYDISEASE,COV
All kidney disease,SNOMEDCT_US,155858005,Glomerulosclerosis,C0178664,Glomerulosclerosis (disorder),narrow,,G,KIDNEYDISEASE,COV
All kidney disease,SNOMEDCT_US,408642003,Transitional cell carcinoma of kidney,C1319314,Transitional cell carcinoma of kidney,narrow,,G,KIDNEYDISEASE,COV
All kidney disease,SNOMEDCT_US,1259589004,Primary transitional cell carcinoma of kidney,-,-,narrow,Desc: code 408642003,G,KIDNEYDISEASE,COV
All kidney disease,SNOMEDCT_US,1263641009,Metastatic transitional cell carcinoma to kidney,-,-,narrow,Desc: code 408642003,G,KIDNEYDISEASE,COV
All kidney disease,SNOMEDCT_US,1263642002,Metastatic transitional cell carcinoma to left kidney,-,-,narrow,Desc: code 408642003,G,KIDNEYDISEASE,COV
All kidney disease,SNOMEDCT_US,1263643007,Metastatic transitional cell carcinoma to right kidney,-,-,narrow,Desc: code 408642003,G,KIDNEYDISEASE,COV
All kidney disease,SNOMEDCT_US,1263655001,Metastatic transitional cell carcinoma to right renal pelvis,-,-,narrow,Desc: code 408642003,G,KIDNEYDISEASE,COV
All kidney disease,SNOMEDCT_US,1263656000,Metastatic transitional cell carcinoma to left renal pelvis,-,-,narrow,Desc: code 408642003,G,KIDNEYDISEASE,COV
All kidney disease,SNOMEDCT_US,1263659007,Metastatic transitional cell carcinoma to renal pelvis,-,-,narrow,Desc: code 408642003,G,KIDNEYDISEASE,COV
All kidney disease,SNOMEDCT_US,90741000119107,Chronic kidney disease stage 3 due to type 1 diabetes mellitus,C3875050,Chronic kidney disease stage 3 due to type 1 diabetes mellitus,narrow,,G,KIDNEYDISEASE,COV
All kidney disease,SNOMEDCT_US,1332436006,Hypertension in chronic kidney disease stage 3B due to type 1 diabetes mellitus,-,-,narrow,Desc: code 90741000119107,G,KIDNEYDISEASE,COV
All kidney disease,SNOMEDCT_US,1332441003,Hypertension in chronic kidney disease stage 3A due to type 1 diabetes mellitus,-,-,narrow,Desc: code 90741000119107,G,KIDNEYDISEASE,COV
All kidney disease,SNOMEDCT_US,1332442005,Hypertension in chronic kidney disease stage 3 due to type 1 diabetes mellitus,-,-,narrow,Desc: code 90741000119107,G,KIDNEYDISEASE,COV
All kidney disease,SNOMEDCT_US,1332471006,Chronic kidney disease stage 3B due to type 1 diabetes mellitus,-,-,narrow,Desc: code 90741000119107,G,KIDNEYDISEASE,COV
All kidney disease,SNOMEDCT_US,1332472004,Chronic kidney disease stage 3A due to type 1 diabetes mellitus,-,-,narrow,Desc: code 90741000119107,G,KIDNEYDISEASE,COV
All kidney disease,SNOMEDCT_US,722139003,Focal segmental glomerulosclerosis caused by lithium,C4302801,Focal segmental glomerulosclerosis caused by lithium,narrow,,G,KIDNEYDISEASE,COV
All kidney disease,SNOMEDCT_US,700111000,Bartter syndrome type 3,C1846343,"Bartter syndrome, type 3",narrow,,G,KIDNEYDISEASE,COV
All kidney disease,SNOMEDCT_US,733342000,Ischemic contracture of kidney,C4518729,Ischemic contracture of kidney,narrow,,G,KIDNEYDISEASE,COV
All kidney disease,SNOMEDCT_US,197824007,Perinephric hematoma,C0473124,Perinephric hematoma,possible,,G,KIDNEYDISEASE,COV
All kidney disease,SNOMEDCT_US,444699000,Medullary cystic kidney disease type 1,C1868139,Medullary cystic kidney disease 1,narrow,,G,KIDNEYDISEASE,COV
All kidney disease,SNOMEDCT_US,726017001,MUC1-related autosomal dominant tubulointerstitial kidney disease,C1868139,Medullary cystic kidney disease 1,narrow,,G,KIDNEYDISEASE,COV
All kidney disease,SNOMEDCT_US,1148908000,Acquired hydronephrosis due to ureteral orifice obstruction,C5546773,Acquired hydronephrosis due to ureteral orifice obstruction,narrow,,G,KIDNEYDISEASE,COV
All kidney disease,SNOMEDCT_US,1148909008,Acquired hydronephrosis due to ureteral obstruction,C5546774,Acquired hydronephrosis due to ureteral obstruction,narrow,,G,KIDNEYDISEASE,COV
All kidney disease,SNOMEDCT_US,1148919002,Glomerular disease due to double heterozygous sickling disorder,C5546778,Glomerular disease due to double heterozygous sickling disorder,narrow,,G,KIDNEYDISEASE,COV
All kidney disease,SNOMEDCT_US,370491005,Metabolic acidosis due to grain overload,C0267220,Metabolic acidosis due to grain overload,exclude,,G,KIDNEYDISEASE,COV
All kidney disease,SNOMEDCT_US,50619001,Carbohydrate engorgement,C0267220,Metabolic acidosis due to grain overload,exclude,,G,KIDNEYDISEASE,COV
All kidney disease,SNOMEDCT_US,40391000119106,Secondary chronic nephritis,C3875047,Secondary chronic nephritis,narrow,,G,KIDNEYDISEASE,COV
All kidney disease,SNOMEDCT_US,368961000119107,Partial vasopressin resistance,C3875046,Partial vasopressin resistance,narrow,,G,KIDNEYDISEASE,COV
All kidney disease,SNOMEDCT_US,80902009,Neutral 1 amino acid transport defect,C0018609,Hartnup Disease,narrow,,G,KIDNEYDISEASE,COV
All kidney disease,SNOMEDCT_US,427053002,Extracorporeal albumin hemodialysis,C1960576,Extracorporeal albumin hemodialysis,narrow,,G,KIDNEYDISEASE,COV
All kidney disease,SNOMEDCT_US,717770008,Aristolochic acid nephropathy,C4049993,Aristolochic Acid Nephropathy,narrow,,G,KIDNEYDISEASE,COV
All kidney disease,SNOMEDCT_US,707530009,Cystic hamartoma of lung and kidney,C2931468,Graham Boyle Troxell syndrome,possible,,G,KIDNEYDISEASE,COV
All kidney disease,SNOMEDCT_US,8501000119104,Hypertensive heart and chronic kidney disease,C1719469,Hypertensive heart and chronic kidney disease,narrow,,G,KIDNEYDISEASE,COV
All kidney disease,SNOMEDCT_US,120261000119101,Benign hypertensive heart disease and chronic renal disease stage 5,-,-,narrow,Desc: code 8501000119104,G,KIDNEYDISEASE,COV
All kidney disease,SNOMEDCT_US,285041000119107,Benign hypertensive heart disease and chronic renal disease stage 1,-,-,narrow,Desc: code 8501000119104,G,KIDNEYDISEASE,COV
All kidney disease,SNOMEDCT_US,285061000119106,Benign hypertensive heart disease and chronic renal disease stage 2,-,-,narrow,Desc: code 8501000119104,G,KIDNEYDISEASE,COV
All kidney disease,SNOMEDCT_US,285081000119102,Benign hypertensive heart disease and chronic renal disease stage 3,-,-,narrow,Desc: code 8501000119104,G,KIDNEYDISEASE,COV
All kidney disease,SNOMEDCT_US,285101000119109,Benign hypertensive heart disease and chronic renal disease stage 4,-,-,narrow,Desc: code 8501000119104,G,KIDNEYDISEASE,COV
All kidney disease,SNOMEDCT_US,285911000119109,Malignant hypertensive heart disease and chronic renal disease stage 3,-,-,narrow,Desc: code 8501000119104,G,KIDNEYDISEASE,COV
All kidney disease,SNOMEDCT_US,285921000119102,Malignant hypertensive heart disease and chronic renal disease stage 4,-,-,narrow,Desc: code 8501000119104,G,KIDNEYDISEASE,COV
All kidney disease,SNOMEDCT_US,722119002,Idiopathic membranous glomerulonephritis,C0086445,Idiopathic Membranous Glomerulonephritis,narrow,,G,KIDNEYDISEASE,COV
All kidney disease,SNOMEDCT_US,275407001,Double kidney with double pelvis,C0555234,Double kidney with double pelvis,narrow,,G,KIDNEYDISEASE,COV
All kidney disease,SNOMEDCT_US,204982003,Double kidney (& [with double pelvis]),C0555234,Double kidney with double pelvis,possible,,G,KIDNEYDISEASE,COV
All kidney disease,SNOMEDCT_US,1148931000,Cystic renal cell carcinoma of kidney,C5546785,Cystic renal cell carcinoma of kidney,narrow,,G,KIDNEYDISEASE,COV
All kidney disease,SNOMEDCT_US,1148933002,Congenital hydronephrosis due to ureteral orifice obstruction,C5546786,Congenital hydronephrosis due to ureteral orifice obstruction,narrow,,G,KIDNEYDISEASE,COV
All kidney disease,SNOMEDCT_US,1148936005,Hyperphosphatemia due to chronic kidney disease,C5546788,Hyperphosphatemia due to chronic kidney disease,narrow,,G,KIDNEYDISEASE,COV
All kidney disease,SNOMEDCT_US,1148937001,Congenital hydronephrosis due to urinary bladder obstruction,C5546789,Congenital hydronephrosis due to urinary bladder obstruction,narrow,,G,KIDNEYDISEASE,COV
All kidney disease,SNOMEDCT_US,433146000,Chronic kidney disease stage 5,C2316810,Chronic kidney disease stage 5,narrow,,G,KIDNEYDISEASE,COV
All kidney disease,SNOMEDCT_US,1332467008,Hypertension in chronic kidney disease stage 5 due to type 1 diabetes mellitus,-,-,narrow,Desc: code 433146000,G,KIDNEYDISEASE,COV
All kidney disease,SNOMEDCT_US,711413009,Allotransplantation of kidney from non-beating heart cadaver,C4039729,Allotransplantation of kidney from non-beating heart cadaver,narrow,,G,KIDNEYDISEASE,COV
All kidney disease,SNOMEDCT_US,420279001,Renal disorder due to type 2 diabetes mellitus,C1720457,Renal disorder due to type 2 diabetes mellitus,narrow,,G,KIDNEYDISEASE,COV
All kidney disease,SNOMEDCT_US,38542009,Nodular glomerulosclerosis,C4759705,Intracapillary glomerulosclerosis due to diabetes mellitus,narrow,,G,KIDNEYDISEASE,COV
All kidney disease,SNOMEDCT_US,60009009,Diabetic glomerulopathy,C4759705,Intracapillary glomerulosclerosis due to diabetes mellitus,narrow,,G,KIDNEYDISEASE,COV
All kidney disease,SNOMEDCT_US,310387003,Intracapillary glomerulosclerosis of kidney due to diabetes mellitus,C4759705,Intracapillary glomerulosclerosis due to diabetes mellitus,narrow,,G,KIDNEYDISEASE,COV
All kidney disease,SNOMEDCT_US,707221002,Glomerulosclerosis of kidney due to diabetes mellitus,C4759706,Diabetic Glomerulosclerosis,narrow,,G,KIDNEYDISEASE,COV
All kidney disease,SNOMEDCT_US,311366001,Kimmelstiel-Wilson syndrome,C4759706,Diabetic Glomerulosclerosis,narrow,,G,KIDNEYDISEASE,COV
All kidney disease,SNOMEDCT_US,267470000,Kimmelstiel-Wilson synd,C4759706,Diabetic Glomerulosclerosis,narrow,,G,KIDNEYDISEASE,COV
All kidney disease,SNOMEDCT_US,722078002,Acquired obstructive nephropathy due to neurogenic bladder,C4302868,Acquired obstructive nephropathy due to neurogenic bladder,narrow,,G,KIDNEYDISEASE,COV
All kidney disease,SNOMEDCT_US,722081007,Obstructive nephropathy due to prostate cancer,C4302862,Obstructive nephropathy due to prostate cancer,narrow,,G,KIDNEYDISEASE,COV
All kidney disease,SNOMEDCT_US,236426006,Postoperative acute tubular necrosis,C0554310,Postoperative acute tubular necrosis,narrow,,G,KIDNEYDISEASE,COV
All kidney disease,SNOMEDCT_US,309426007,Glomerulopathy due to diabetes mellitus,C4759707,Glomerulopathy due to diabetes mellitus,narrow,,G,KIDNEYDISEASE,COV
All kidney disease,SNOMEDCT_US,266625006,Cyst - kidney,C3887499,Renal cyst,possible,,G,KIDNEYDISEASE,COV
All kidney disease,SNOMEDCT_US,722223000,Cyst of kidney,C3887499,Renal cyst,possible,,G,KIDNEYDISEASE,COV
All kidney disease,SNOMEDCT_US,1263485003,Acquired cystic disease of transplanted kidney,-,-,possible,Desc: code 722223000,G,KIDNEYDISEASE,COV
All kidney disease,SNOMEDCT_US,722082000,Obstructive nephropathy due to prostatic hypertrophy,C4302864,Obstructive nephropathy due to prostatic hypertrophy,narrow,,G,KIDNEYDISEASE,COV
All kidney disease,SNOMEDCT_US,253866002,Crossed ectopia of kidney with fusion anomaly,C0431700,Crossed ectopia of kidney with fusion anomaly,possible,,G,KIDNEYDISEASE,COV
All kidney disease,SNOMEDCT_US,1148939003,Congenital hydronephrosis due to ureteral obstruction,C5546790,Congenital hydronephrosis due to ureteral obstruction,narrow,,G,KIDNEYDISEASE,COV
All kidney disease,SNOMEDCT_US,1092371000119103,Salmonella pyelonephritis,C2880095,Salmonella pyelonephritis,narrow,,G,KIDNEYDISEASE,COV
All kidney disease,SNOMEDCT_US,278531007,Congenital hydrocalicosis,C0431704,Congenital hydrocalicosis,narrow,,G,KIDNEYDISEASE,COV
All kidney disease,SNOMEDCT_US,253874001,Duplex kidney with reflux in both ureters,C0431703,Duplex kidney with reflux in both ureters,possible,,G,KIDNEYDISEASE,COV
All kidney disease,SNOMEDCT_US,253873007,Duplex kidney with reflux in one ureter,C0431702,Duplex kidney with reflux in one ureter,possible,,G,KIDNEYDISEASE,COV
All kidney disease,SNOMEDCT_US,4576001,Legal abortion complicated by renal failure,C0269469,"Legally induced abortion, complicated by renal failure,unspecified",narrow,,G,KIDNEYDISEASE,COV
All kidney disease,SNOMEDCT_US,198695004,Unspecified legal abortion with renal failure,C0269469,"Legally induced abortion, complicated by renal failure,unspecified",narrow,,G,KIDNEYDISEASE,COV
All kidney disease,SNOMEDCT_US,771447009,LAMB2-related infantile-onset nephrotic syndrome,C4749907,LAMB2-related infantile-onset nephrotic syndrome,narrow,,G,KIDNEYDISEASE,COV
All kidney disease,SNOMEDCT_US,79385002,Lowe syndrome,C0028860,Oculocerebrorenal Syndrome,possible,,G,KIDNEYDISEASE,COV
All kidney disease,SNOMEDCT_US,363286005,Renal complication of procedure,C1285417,Renal complication of procedure,narrow,,G,KIDNEYDISEASE,COV
All kidney disease,SNOMEDCT_US,363287001,Renal failure associated with renal vascular disease,C1285418,Renal failure associated with renal vascular disease,narrow,,G,KIDNEYDISEASE,COV
All kidney disease,SNOMEDCT_US,236421001,Benign familial haematuria,C0241908,"Hematuria, Benign Familial",narrow,,G,KIDNEYDISEASE,COV
All kidney disease,SNOMEDCT_US,236418003,Thin basement membrane disease,C0241908,"Hematuria, Benign Familial",narrow,,G,KIDNEYDISEASE,COV
All kidney disease,SNOMEDCT_US,401111003,Type 2 diabetes mellitus with persistent proteinuria,C1719887,Persistent proteinuria due to type 2 diabetes mellitus,narrow,,G,KIDNEYDISEASE,COV
All kidney disease,SNOMEDCT_US,421986006,Persistent proteinuria due to type 2 diabetes mellitus,C1719887,Persistent proteinuria due to type 2 diabetes mellitus,narrow,,G,KIDNEYDISEASE,COV
All kidney disease,SNOMEDCT_US,722086002,Malignancy-associated membranous nephropathy,C4302857,Malignancy-associated membranous nephropathy,narrow,,G,KIDNEYDISEASE,COV
All kidney disease,SNOMEDCT_US,123294004,Nephrogenic diabetes insipidus,C0162283,Nephrogenic Diabetes Insipidus,narrow,,G,KIDNEYDISEASE,COV
All kidney disease,SNOMEDCT_US,111395007,Vasopressin resistance,C0162283,Nephrogenic Diabetes Insipidus,narrow,,G,KIDNEYDISEASE,COV
All kidney disease,SNOMEDCT_US,1296898001,Hereditary vasopressin resistance,-,-,narrow,Desc: code 111395007,G,KIDNEYDISEASE,COV
All kidney disease,SNOMEDCT_US,1296908006,Autosomal dominant vasopressin resistance,-,-,narrow,Desc: code 111395007,G,KIDNEYDISEASE,COV
All kidney disease,SNOMEDCT_US,1296909003,Autosomal recessive vasopressin resistance,-,-,narrow,Desc: code 111395007,G,KIDNEYDISEASE,COV
All kidney disease,SNOMEDCT_US,1296910008,X-linked hereditary vasopressin resistance,-,-,narrow,Desc: code 111395007,G,KIDNEYDISEASE,COV
All kidney disease,SNOMEDCT_US,1296921004,Secondary vasopressin resistance,-,-,narrow,Desc: code 111395007,G,KIDNEYDISEASE,COV
All kidney disease,SNOMEDCT_US,722085003,Renal papillary necrosis due to sickle cell disease,C4302859,Renal papillary necrosis due to sickle cell disease,narrow,,G,KIDNEYDISEASE,COV
All kidney disease,SNOMEDCT_US,736922008,Insertion of tunneled hemodialysis catheter,C4544726,Insertion of tunneled hemodialysis catheter,narrow,,G,KIDNEYDISEASE,COV
All kidney disease,SNOMEDCT_US,155852006,Nephritis - chronic,C0152451,Chronic glomerulonephritis,narrow,,G,KIDNEYDISEASE,COV
All kidney disease,SNOMEDCT_US,20917003,Chronic glomerulonephritis,C0152451,Chronic glomerulonephritis,narrow,,G,KIDNEYDISEASE,COV
All kidney disease,SNOMEDCT_US,266614002,Nephritis - chronic,C0152451,Chronic glomerulonephritis,narrow,,G,KIDNEYDISEASE,COV
All kidney disease,SNOMEDCT_US,197612003,Nephritis - chronic,C0152451,Chronic glomerulonephritis,narrow,,G,KIDNEYDISEASE,COV
All kidney disease,SNOMEDCT_US,197621002,Chronic glomerulonephritis NOS,C0152451,Chronic glomerulonephritis,narrow,,G,KIDNEYDISEASE,COV
All kidney disease,SNOMEDCT_US,12202461000119106,Anuria following procedure,C2112800,Anuria following procedure,possible,,G,KIDNEYDISEASE,COV
All kidney disease,SNOMEDCT_US,129561000119108,Prerenal renal failure,C3854173,Pre-renal acute kidney injury,narrow,,G,KIDNEYDISEASE,COV
All kidney disease,SNOMEDCT_US,1216942009,"Cerebral ventriculomegaly, cystic kidney disease",C1857423,Cystic Kidney Disease with Ventriculomegaly,narrow,,G,KIDNEYDISEASE,COV
All kidney disease,SNOMEDCT_US,418839003,Tubulointerstitial nephritis with uveitis syndrome,C1843273,Tubulointerstitial nephritis and uveitis,narrow,,G,KIDNEYDISEASE,COV
All kidney disease,SNOMEDCT_US,197672006,Acute interstitial nephritis,C1843274,Acute Tubulointerstitial Nephritis,narrow,,G,KIDNEYDISEASE,COV
All kidney disease,SNOMEDCT_US,28637003,Acute tubulointerstitial nephritis,C1843274,Acute Tubulointerstitial Nephritis,narrow,,G,KIDNEYDISEASE,COV
All kidney disease,SNOMEDCT_US,722089009,Obstructive nephropathy due to bladder cancer,C4302840,Obstructive nephropathy due to bladder cancer,narrow,,G,KIDNEYDISEASE,COV
All kidney disease,SNOMEDCT_US,213238002,Oliguria as a complication of care,C0426378,Oliguria as a complication of care,possible,,G,KIDNEYDISEASE,COV
All kidney disease,SNOMEDCT_US,197716006,Isolated proteinuria with specified morphological lesion,C0451774,"Isolated proteinuria with specified morphological lesion, unspecified",narrow,,G,KIDNEYDISEASE,COV
All kidney disease,SNOMEDCT_US,722088001,Obstructive nephropathy due to malignancy,C4302843,Obstructive nephropathy due to malignancy,narrow,,G,KIDNEYDISEASE,COV
All kidney disease,SNOMEDCT_US,37472003,Fluid volume deficit,C0011175,Dehydration,possible,,G,KIDNEYDISEASE,COV
All kidney disease,SNOMEDCT_US,154759001,Dehydration,C0011175,Dehydration,possible,,G,KIDNEYDISEASE,COV
All kidney disease,SNOMEDCT_US,34095006,Dehydration,C0011175,Dehydration,possible,,G,KIDNEYDISEASE,COV
All kidney disease,SNOMEDCT_US,1255269005,Hypothalamic adipsic hypernatremia syndrome,-,-,possible,Desc: code 34095006,G,KIDNEYDISEASE,COV
All kidney disease,SNOMEDCT_US,253886003,Congenital obstructive defect of renal pelvis,C0431723,Congenital obstructive defect of renal pelvis,narrow,,G,KIDNEYDISEASE,COV
All kidney disease,SNOMEDCT_US,438341004,Laparoscopic insertion of peritoneal dialysis catheter,C2585022,Laparoscopic insertion of peritoneal dialysis catheter,narrow,,G,KIDNEYDISEASE,COV
All kidney disease,SNOMEDCT_US,253885004,Medullary sponge kidney without nephrocalcinosis,C0431722,Medullary sponge kidney without nephrocalcinosis,narrow,,G,KIDNEYDISEASE,COV
All kidney disease,SNOMEDCT_US,253884000,Medullary sponge kidney with nephrocalcinosis,C0431721,Medullary sponge kidney with nephrocalcinosis,narrow,,G,KIDNEYDISEASE,COV
All kidney disease,SNOMEDCT_US,72682008,Classical xanthinuria,C0268118,"Xanthinuria, Type I",possible,,G,KIDNEYDISEASE,COV
All kidney disease,SNOMEDCT_US,124147007,Deficiency of xanthine oxidase,C0268118,"Xanthinuria, Type I",narrow,,G,KIDNEYDISEASE,COV
All kidney disease,SNOMEDCT_US,1003367004,Molybdenum cofactor deficiency complementation group A,-,-,narrow,Desc: code 124147007,G,KIDNEYDISEASE,COV
All kidney disease,SNOMEDCT_US,1003368009,Molybdenum cofactor deficiency complementation group B,-,-,narrow,Desc: code 124147007,G,KIDNEYDISEASE,COV
All kidney disease,SNOMEDCT_US,1003387003,Molybdenum cofactor deficiency complementation group C,-,-,narrow,Desc: code 124147007,G,KIDNEYDISEASE,COV
All kidney disease,SNOMEDCT_US,29692004,Combined molybdoflavoprotein enzyme deficiency,-,-,narrow,Desc: code 124147007,G,KIDNEYDISEASE,COV
All kidney disease,SNOMEDCT_US,54627004,Hereditary xanthinuria,-,-,narrow,Desc: code 124147007,G,KIDNEYDISEASE,COV
All kidney disease,SNOMEDCT_US,836343001,Hereditary xanthinuria type 1,C0268118,"Xanthinuria, Type I",possible,,G,KIDNEYDISEASE,COV
All kidney disease,SNOMEDCT_US,243421000119104,Proteinuria due to type 1 diabetes mellitus,C3875089,Proteinuria due to type 1 diabetes mellitus,narrow,,G,KIDNEYDISEASE,COV
All kidney disease,SNOMEDCT_US,46785007,Familial juvenile gout,C0268113,Familial juvenile gout,exclude,,G,KIDNEYDISEASE,COV
All kidney disease,SNOMEDCT_US,236497009,Familial gout with renal failure,C0268113,Familial juvenile gout,narrow,,G,KIDNEYDISEASE,COV
All kidney disease,SNOMEDCT_US,92697000,Carcinoma in situ of renal pelvis,C0347184,Stage 0is Renal Pelvis Cancer AJCC v7,narrow,,G,KIDNEYDISEASE,COV
All kidney disease,SNOMEDCT_US,140131000119102,Hypertension in chronic kidney disease stage 2 due to type 2 diabetes mellitus,C3875086,Hypertension in chronic kidney disease stage 2 due to type 2 diabetes mellitus,narrow,,G,KIDNEYDISEASE,COV
All kidney disease,SNOMEDCT_US,18521000119106,Microalbuminuria due to type 1 diabetes mellitus,C3875080,Microalbuminuria due to type 1 diabetes mellitus,narrow,,G,KIDNEYDISEASE,COV
All kidney disease,SNOMEDCT_US,197788000,Hydronephrosis with renal and ureteral calculous obstruction,C0451770,Hydronephrosis with renal and ureteral calculous obstruction,narrow,,G,KIDNEYDISEASE,COV
All kidney disease,SNOMEDCT_US,90781000119102,Microalbuminuria due to type 2 diabetes mellitus,C3875084,Microalbuminuria due to type 2 diabetes mellitus,narrow,,G,KIDNEYDISEASE,COV
All kidney disease,SNOMEDCT_US,140101000119109,Hypertension in chronic kidney disease stage 5 due to type 2 diabetes mellitus,C3875083,Hypertension in chronic kidney disease stage 5 due to type 2 diabetes mellitus,narrow,,G,KIDNEYDISEASE,COV
All kidney disease,SNOMEDCT_US,96441000119101,Chronic kidney disease due to type 1 diabetes mellitus,C3875082,Chronic kidney disease due to type 1 diabetes mellitus,narrow,,G,KIDNEYDISEASE,COV
All kidney disease,SNOMEDCT_US,1332464001,Hypertension in chronic kidney disease stage 2 due to type 1 diabetes mellitus,-,-,narrow,Desc: code 96441000119101,G,KIDNEYDISEASE,COV
All kidney disease,SNOMEDCT_US,1332468003,Hypertension in chronic kidney disease stage 4 due to type 1 diabetes mellitus,-,-,narrow,Desc: code 96441000119101,G,KIDNEYDISEASE,COV
All kidney disease,SNOMEDCT_US,86463003,Solitary multilocular renal cyst,C0431719,Solitary multilocular renal cyst,possible,,G,KIDNEYDISEASE,COV
All kidney disease,SNOMEDCT_US,253883006,Multiple renal cysts,C0431718,Multiple renal cysts,narrow,,G,KIDNEYDISEASE,COV
All kidney disease,SNOMEDCT_US,722098007,Chronic kidney disease following donor nephrectomy,C4302830,Chronic kidney disease following donor nephrectomy,narrow,,G,KIDNEYDISEASE,COV
All kidney disease,SNOMEDCT_US,722095005,Acute kidney injury due to circulatory failure,C4302832,Acute kidney injury due to circulatory failure,narrow,,G,KIDNEYDISEASE,COV
All kidney disease,SNOMEDCT_US,722096006,Acute kidney injury due to hypovolemia,C4302831,Acute kidney injury due to hypovolemia,narrow,,G,KIDNEYDISEASE,COV
All kidney disease,SNOMEDCT_US,54879000,Hypokalemic nephropathy,C0221042,Hypokalemic nephropathy,narrow,,G,KIDNEYDISEASE,COV
All kidney disease,SNOMEDCT_US,253880009,Autosomal dominant polycystic kidney disease in childhood,C0431711,Autosomal dominant polycystic kidney disease in childhood,narrow,,G,KIDNEYDISEASE,COV
All kidney disease,SNOMEDCT_US,9345005,Dialysis dementia,C0221040,Dialysis dementia,narrow,,G,KIDNEYDISEASE,COV
All kidney disease,SNOMEDCT_US,253882001,Nephronophthisis - medullary cystic disease,C0431716,Nephronophthisis - medullary cystic disease,narrow,,G,KIDNEYDISEASE,COV
All kidney disease,SNOMEDCT_US,270910001,"Medullary cystic disease, adult type",C0431714,"Medullary cystic disease, adult type",narrow,,G,KIDNEYDISEASE,COV
All kidney disease,SNOMEDCT_US,204959000,"Medullary cystic disease, adult type",C0431714,"Medullary cystic disease, adult type",narrow,,G,KIDNEYDISEASE,COV
All kidney disease,SNOMEDCT_US,253881008,Cortical cystic disease,C0431713,Cortical cystic disease,narrow,,G,KIDNEYDISEASE,COV
All kidney disease,SNOMEDCT_US,157141000119108,Proteinuria due to type 2 diabetes mellitus,C3875073,Proteinuria due to type 2 diabetes mellitus,narrow,,G,KIDNEYDISEASE,COV
All kidney disease,SNOMEDCT_US,140121000119100,Hypertension in chronic kidney disease stage 3 due to type 2 diabetes mellitus,C3875072,Hypertension in chronic kidney disease stage 3 due to type 2 diabetes mellitus,narrow,,G,KIDNEYDISEASE,COV
All kidney disease,SNOMEDCT_US,423919000,Acquired caliectasis,C1827645,Acquired caliectasis,possible,,G,KIDNEYDISEASE,COV
All kidney disease,SNOMEDCT_US,85901000,Congenital megacalycosis,C0266317,Megacalycosis,narrow,,G,KIDNEYDISEASE,COV
All kidney disease,SNOMEDCT_US,14178006,Double renal pelvis,C0266318,Double renal pelvis (disorder),narrow,,G,KIDNEYDISEASE,COV
All kidney disease,SNOMEDCT_US,444749006,Adolescent nephronophthisis,C1858392,NEPHRONOPHTHISIS 3,narrow,,G,KIDNEYDISEASE,COV
All kidney disease,SNOMEDCT_US,59758007,Trifid pelvis of kidney,C0266315,Trifid kidney,possible,,G,KIDNEYDISEASE,COV
All kidney disease,SNOMEDCT_US,204986000,Pyelon triplex,C0266315,Trifid kidney,possible,,G,KIDNEYDISEASE,COV
All kidney disease,SNOMEDCT_US,253862000,Trifid kidney,C0266315,Trifid kidney,possible,,G,KIDNEYDISEASE,COV
All kidney disease,SNOMEDCT_US,719840003,Ulbright Hodes syndrome,C1849438,Renal dysplasia - limb defects syndrome,possible,,G,KIDNEYDISEASE,COV
All kidney disease,SNOMEDCT_US,16297002,Congenital hydronephrosis,C0266316,Congenital hydronephrosis,narrow,,G,KIDNEYDISEASE,COV
All kidney disease,SNOMEDCT_US,156974008,Congenital hydronephrosis,C0266316,Congenital hydronephrosis,narrow,,G,KIDNEYDISEASE,COV
All kidney disease,SNOMEDCT_US,702397002,Renal tubular dysgenesis,C0266313,Allanson Pantzar McLeod syndrome,possible,,G,KIDNEYDISEASE,COV
All kidney disease,SNOMEDCT_US,5397007,Congenital anomaly of renal pelvis,C0266314,Congenital anomaly of renal pelvis,narrow,,G,KIDNEYDISEASE,COV
All kidney disease,SNOMEDCT_US,254092004,Saldino-Mainzer dysplasia,C1849437,Mainzer-Saldino Disease,narrow,,G,KIDNEYDISEASE,COV
All kidney disease,SNOMEDCT_US,57088004,Microcystic renal disease,C0266312,Microcystic renal disease,narrow,,G,KIDNEYDISEASE,COV
All kidney disease,SNOMEDCT_US,1003842009,Renal tubular dysgenesis caused by drug,C5438798,Renal tubular dysgenesis caused by drug,narrow,,G,KIDNEYDISEASE,COV
All kidney disease,SNOMEDCT_US,431855005,Chronic kidney disease stage 1,C2316401,Chronic kidney disease stage 1,narrow,,G,KIDNEYDISEASE,COV
All kidney disease,SNOMEDCT_US,726082003,Immunotactoid glomerulonephritis,C2242534,Immunotactoid glomerulonephritis,narrow,,G,KIDNEYDISEASE,COV
All kidney disease,SNOMEDCT_US,51019008,Extracorporeal circulation for hepatic assistance,C0176888,Extracorporeal circulation for hepatic assistance,possible,,G,KIDNEYDISEASE,COV
All kidney disease,SNOMEDCT_US,253870005,Lobulation of kidney,C0266309,congenital lobulation of kidney,possible,,G,KIDNEYDISEASE,COV
All kidney disease,SNOMEDCT_US,13530005,Congenital lobulation of kidney,C0266309,congenital lobulation of kidney,narrow,,G,KIDNEYDISEASE,COV
All kidney disease,SNOMEDCT_US,156979003,Congenital enlarged kidney,C0266306,Congenital enlarged kidney,possible,,G,KIDNEYDISEASE,COV
All kidney disease,SNOMEDCT_US,204987009,Enlarged kidney (&congenital),C0266306,Congenital enlarged kidney,possible,,G,KIDNEYDISEASE,COV
All kidney disease,SNOMEDCT_US,271387005,Congenital enlarged kidney,C0266306,Congenital enlarged kidney,narrow,,G,KIDNEYDISEASE,COV
All kidney disease,SNOMEDCT_US,59780005,Congenital enlarged kidney,C0266306,Congenital enlarged kidney,possible,,G,KIDNEYDISEASE,COV
All kidney disease,SNOMEDCT_US,1162266005,Exudative glomerulonephritis,C0546345,Exudative glomerulonephritis,narrow,,G,KIDNEYDISEASE,COV
All kidney disease,SNOMEDCT_US,55856005,Congenital hyperplasia of kidney,C0266307,Hyperplasia of kidney,possible,,G,KIDNEYDISEASE,COV
All kidney disease,SNOMEDCT_US,204985001,Hyperplasia of kidney,C0266307,Hyperplasia of kidney,possible,,G,KIDNEYDISEASE,COV
All kidney disease,SNOMEDCT_US,123641000119107,Malignant carcinoid tumor of kidney,C2349327,Malignant carcinoid tumor of the kidney,narrow,,G,KIDNEYDISEASE,COV
All kidney disease,SNOMEDCT_US,713574000,Malignant carcinoid tumor of kidney,C2349327,Malignant carcinoid tumor of the kidney,narrow,,G,KIDNEYDISEASE,COV
All kidney disease,SNOMEDCT_US,204978000,Duplication of kidney,C0266304,Double kidney (disorder),possible,,G,KIDNEYDISEASE,COV
All kidney disease,SNOMEDCT_US,156975009,Double kidney,C0266304,Double kidney (disorder),possible,,G,KIDNEYDISEASE,COV
All kidney disease,SNOMEDCT_US,268333008,Double kidney,C0266304,Double kidney (disorder),possible,,G,KIDNEYDISEASE,COV
All kidney disease,SNOMEDCT_US,54967001,Double kidney,C0266304,Double kidney (disorder),possible,,G,KIDNEYDISEASE,COV
All kidney disease,SNOMEDCT_US,204984002,Congenital fusion of kidneys,C0266305,Fused Kidney,possible,,G,KIDNEYDISEASE,COV
All kidney disease,SNOMEDCT_US,42108003,Congenital fusion of kidneys,C0266305,Fused Kidney,possible,,G,KIDNEYDISEASE,COV
All kidney disease,SNOMEDCT_US,74594005,Crossed renal ectopia,C0266302,Crossed renal ectopia,narrow,,G,KIDNEYDISEASE,COV
All kidney disease,SNOMEDCT_US,949921000000100,CKD with GFR category G3a & albuminuria category A2,C0000000,Unassociated custom codes,narrow,,G,KIDNEYDISEASE,COV
All kidney disease,SNOMEDCT_US,949621000000109,CKD with GFR category G2 & albuminuria category A2,C0000000,Unassociated custom codes,narrow,,G,KIDNEYDISEASE,COV
All kidney disease,SNOMEDCT_US,324441000000106,CKD stage 3B without proteinuria,C0000000,Unassociated custom codes,narrow,,G,KIDNEYDISEASE,COV
All kidney disease,SNOMEDCT_US,950211000000107,CKD with GFR category G4 & albuminuria category A1,C0000000,Unassociated custom codes,narrow,,G,KIDNEYDISEASE,COV
All kidney disease,SNOMEDCT_US,324121000000109,Chronic kidney disease stage 1 with proteinuria,C0000000,Unassociated custom codes,narrow,,G,KIDNEYDISEASE,COV
All kidney disease,SNOMEDCT_US,949881000000106,CKD with GFR category G2 & albuminuria category A3,C0000000,Unassociated custom codes,narrow,,G,KIDNEYDISEASE,COV
All kidney disease,SNOMEDCT_US,324251000000105,Chronic kidney disease stage 3 with proteinuria,C0000000,Unassociated custom codes,narrow,,G,KIDNEYDISEASE,COV
All kidney disease,SNOMEDCT_US,324311000000101,Chronic kidney disease stage 3A with proteinuria,C0000000,Unassociated custom codes,narrow,,G,KIDNEYDISEASE,COV
All kidney disease,SNOMEDCT_US,324501000000107,Chronic kidney disease stage 5 with proteinuria,C0000000,Unassociated custom codes,narrow,,G,KIDNEYDISEASE,COV
All kidney disease,SNOMEDCT_US,324341000000100,Chronic kidney disease stage 3A with proteinuria,C0000000,Unassociated custom codes,narrow,,G,KIDNEYDISEASE,COV
All kidney disease,SNOMEDCT_US,949901000000109,CKD with GFR category G3a & albuminuria category A1,C0000000,Unassociated custom codes,narrow,,G,KIDNEYDISEASE,COV
All kidney disease,SNOMEDCT_US,324151000000104,CKD stage 1 without proteinuria,C0000000,Unassociated custom codes,narrow,,G,KIDNEYDISEASE,COV
All kidney disease,SNOMEDCT_US,950081000000107,CKD with GFR category G3b & albuminuria category A1,C0000000,Unassociated custom codes,narrow,,G,KIDNEYDISEASE,COV
All kidney disease,SNOMEDCT_US,324181000000105,Chronic kidney disease stage 2 with proteinuria,C0000000,Unassociated custom codes,narrow,,G,KIDNEYDISEASE,COV
All kidney disease,SNOMEDCT_US,324281000000104,Chronic kidney disease stage 3 with proteinuria,C0000000,Unassociated custom codes,narrow,,G,KIDNEYDISEASE,COV
All kidney disease,SNOMEDCT_US,949421000000107,CKD with GFR category G1 & albuminuria category A1,C0000000,Unassociated custom codes,narrow,,G,KIDNEYDISEASE,COV
All kidney disease,SNOMEDCT_US,324211000000106,CKD stage 2 with proteinuria,C0000000,Unassociated custom codes,narrow,,G,KIDNEYDISEASE,COV
All kidney disease,SNOMEDCT_US,324471000000100,CKD stage 4 with proteinuria,C0000000,Unassociated custom codes,narrow,,G,KIDNEYDISEASE,COV
All kidney disease,SNOMEDCT_US,950291000000103,CKD with GFR category G5 & albuminuria category A1,C0000000,Unassociated custom codes,narrow,,G,KIDNEYDISEASE,COV
All kidney disease,SNOMEDCT_US,949401000000103,CKD with GFR category G1 & albuminuria category A1,C0000000,Unassociated custom codes,narrow,,G,KIDNEYDISEASE,COV
All kidney disease,SNOMEDCT_US,950181000000106,CKD with GFR category G3b & albuminuria category A3,C0000000,Unassociated custom codes,narrow,,G,KIDNEYDISEASE,COV
All kidney disease,SNOMEDCT_US,324371000000106,Chronic kidney disease stage 3B with proteinuria,C0000000,Unassociated custom codes,narrow,,G,KIDNEYDISEASE,COV
All kidney disease,SNOMEDCT_US,950061000000103,CKD with GFR category G3a & albuminuria category A3,C0000000,Unassociated custom codes,narrow,,G,KIDNEYDISEASE,COV
All kidney disease,SNOMEDCT_US,950251000000106,CKD with GFR category G4 & albuminuria category A3,C0000000,Unassociated custom codes,narrow,,G,KIDNEYDISEASE,COV
All kidney disease,SNOMEDCT_US,949481000000108,CKD with GFR category G1 & albuminuria category A2,C0000000,Unassociated custom codes,narrow,,G,KIDNEYDISEASE,COV
All kidney disease,SNOMEDCT_US,324541000000105,CKD stage 5 with proteinuria,C0000000,Unassociated custom codes,narrow,,G,KIDNEYDISEASE,COV
All kidney disease,SNOMEDCT_US,950101000000101,CKD with GFR category G3b & albuminuria category A2,C0000000,Unassociated custom codes,narrow,,G,KIDNEYDISEASE,COV
All kidney disease,SNOMEDCT_US,950231000000104,CKD with GFR category G4 & albuminuria category A3,C0000000,Unassociated custom codes,narrow,,G,KIDNEYDISEASE,COV
All kidney disease,SNOMEDCT_US,324411000000105,Chronic kidney disease stage 3B without proteinuria,C0000000,Unassociated custom codes,narrow,,G,KIDNEYDISEASE,COV
All kidney disease,SNOMEDCT_US,949561000000100,CKD with GFR category G2 & albuminuria category A1,C0000000,Unassociated custom codes,narrow,,G,KIDNEYDISEASE,COV
All kidney disease,SNOMEDCT_US,950311000000102,CKD with GFR category G5 & albuminuria category A3,C0000000,Unassociated custom codes,narrow,,G,KIDNEYDISEASE,COV
All kidney disease,SNOMEDCT_US,204979008,Congenital calculus of kidney,C0266300,Congenital calculus of kidney,possible,,G,KIDNEYDISEASE,COV
All kidney disease,SNOMEDCT_US,48061001,Congenital calculus of kidney,C0266300,Congenital calculus of kidney,possible,,G,KIDNEYDISEASE,COV
All kidney disease,SNOMEDCT_US,194774006,Hypertensive renal disease with renal failure,C0348860,Hypertensive renal disease with renal failure,narrow,,G,KIDNEYDISEASE,COV
All kidney disease,SNOMEDCT_US,204980006,Congenital displaced kidney,C0266301,Congenital malposition of kidney,possible,,G,KIDNEYDISEASE,COV
All kidney disease,SNOMEDCT_US,55536001,Congenital malposition of kidney,C0266301,Congenital malposition of kidney,possible,,G,KIDNEYDISEASE,COV
All kidney disease,SNOMEDCT_US,433036004,Diverticulum of renal calyx,C2315541,Diverticulum of renal calyx,possible,,G,KIDNEYDISEASE,COV
All kidney disease,SNOMEDCT_US,448215006,Carcinoma of renal pelvis,C3163938,Malignant epithelial neoplasm of renal pelvis,narrow,,G,KIDNEYDISEASE,COV
All kidney disease,SNOMEDCT_US,827644581000119108,Clear cell adenocarcinoma of Mullerian origin of renal pelvis,-,-,narrow,Desc: code 448215006,G,KIDNEYDISEASE,COV
All kidney disease,SNOMEDCT_US,194780003,Hypertensive heart and renal disease with renal failure,C0348879,Hypertensive heart and renal disease with renal failure,narrow,,G,KIDNEYDISEASE,COV
All kidney disease,SNOMEDCT_US,736993008,Nephropathy following eclampsia,C4544774,Nephropathy following eclampsia,narrow,,G,KIDNEYDISEASE,COV
All kidney disease,SNOMEDCT_US,149941000119100,Vesicoureteral reflux without reflux nephropathy,C2902942,Vesicoureteral reflux without reflux nephropathy,narrow,,G,KIDNEYDISEASE,COV
All kidney disease,SNOMEDCT_US,373422007,Diarrhea-negative hemolytic uremic syndrome,C1268937,Diarrhea-negative hemolytic uremic syndrome,possible,,G,KIDNEYDISEASE,COV
All kidney disease,SNOMEDCT_US,373421000,Diarrhea-associated hemolytic uremic syndrome,C1268936,Diarrhea-associated hemolytic uremic syndrome,possible,,G,KIDNEYDISEASE,COV
All kidney disease,SNOMEDCT_US,199007008,"Pre-existing hypertensive heart and renal disease complicating pregnancy, childbirth and the puerperium",C0348877,"Pre-existing hypertensive heart and renal disease complicating pregnancy, childbirth and the puerperium",narrow,,G,KIDNEYDISEASE,COV
All kidney disease,SNOMEDCT_US,368941000119108,Hereditary nephropathy co-occurrent with membranoproliferative glomerulonephritis type III,C4076291,Hereditary nephropathy co-occurrent with membranoproliferative glomerulonephritis type III,narrow,,G,KIDNEYDISEASE,COV
All kidney disease,SNOMEDCT_US,736992003,Nephropathy following pre-eclampsia,C4544773,Nephropathy following pre-eclampsia,narrow,,G,KIDNEYDISEASE,COV
All kidney disease,SNOMEDCT_US,773737004,NPHP3-related Meckel-like syndrome,C2673885,Renal hepatic pancreatic dysplasia Dandy Walker cyst,possible,,G,KIDNEYDISEASE,COV
All kidney disease,SNOMEDCT_US,1003847003,Pyruvate dehydrogenase phosphatase deficiency,C1837429,Pyruvate dehydrogenase phosphatase deficiency,exclude,,G,KIDNEYDISEASE,COV
All kidney disease,SNOMEDCT_US,763891005,Renal hepatic pancreatic dysplasia,C2673883,RENAL-HEPATIC-PANCREATIC DYSPLASIA,possible,,G,KIDNEYDISEASE,COV
All kidney disease,SNOMEDCT_US,311496007,Extravasation of urine from kidney,C0589077,Extravasation of urine from kidney,narrow,,G,KIDNEYDISEASE,COV
All kidney disease,SNOMEDCT_US,763280005,"Encephalopathy, hypertrophic cardiomyopathy, renal tubular disease syndrome",C4706367,"Encephalopathy, hypertrophic cardiomyopathy, renal tubular disease syndrome",narrow,,G,KIDNEYDISEASE,COV
All kidney disease,SNOMEDCT_US,16067811000119101,Benign carcinoid tumor of left kidney,C5546319,Benign carcinoid tumor of left kidney,possible,,G,KIDNEYDISEASE,COV
All kidney disease,SNOMEDCT_US,16067851000119100,Benign carcinoid tumor of right kidney,C5546318,Benign carcinoid tumor of right kidney,possible,,G,KIDNEYDISEASE,COV
All kidney disease,SNOMEDCT_US,386330008,Hypovolemia management,C0150256,Hypovolemia management,exclude,,G,KIDNEYDISEASE,COV
All kidney disease,SNOMEDCT_US,15957661000119104,Bilateral benign neoplasm of kidneys,C5546311,Bilateral benign neoplasm of kidneys,possible,,G,KIDNEYDISEASE,COV
All kidney disease,SNOMEDCT_US,38046004,Diffuse glomerulosclerosis of kidney due to diabetes mellitus,C0271700,Diffuse glomerulosclerosis of kidney due to diabetes mellitus,narrow,,G,KIDNEYDISEASE,COV
All kidney disease,SNOMEDCT_US,427555000,Glomerulonephritis due to granulomatosis with polyangiitis,C1960182,Glomerulonephritis due to granulomatosis with polyangiitis,narrow,,G,KIDNEYDISEASE,COV
All kidney disease,SNOMEDCT_US,425455002,Diabetic glomerulonephritis,C1960181,Diabetic glomerulonephritis,narrow,,G,KIDNEYDISEASE,COV
All kidney disease,SNOMEDCT_US,445170001,Macroalbuminuric nephropathy due to diabetes mellitus,C2919365,Macroalbuminuric nephropathy due to diabetes mellitus,narrow,,G,KIDNEYDISEASE,COV
All kidney disease,SNOMEDCT_US,702718005,Acute on chronic tubulointerstitial nephritis,C3839808,Acute on chronic tubulointerstitial nephritis,narrow,,G,KIDNEYDISEASE,COV
All kidney disease,SNOMEDCT_US,239932005,Primary pauci-immune necrotizing and crescentic glomerulonephritis,C0343196,Primary pauci-immune necrotizing and crescentic glomerulonephritis,narrow,,G,KIDNEYDISEASE,COV
All kidney disease,SNOMEDCT_US,441815006,Proliferative glomerulonephritis,C0235618,Proliferative glomerulonephritis,narrow,,G,KIDNEYDISEASE,COV
All kidney disease,SNOMEDCT_US,94181000119108,Duplicated collecting system without obstruction,C3872438,Duplicated collecting system without obstruction,narrow,,G,KIDNEYDISEASE,COV
All kidney disease,SNOMEDCT_US,1080561000119103,Primary leiomyosarcoma of left kidney,C5546305,Primary leiomyosarcoma of left kidney,narrow,,G,KIDNEYDISEASE,COV
All kidney disease,SNOMEDCT_US,430535006,Acute renal failure with oliguria,C2315519,Acute renal failure with oliguria,narrow,,G,KIDNEYDISEASE,COV
All kidney disease,SNOMEDCT_US,11801451000119106,Left kidney traumatic injury,C5566791,Left kidney traumatic injury,narrow,,G,KIDNEYDISEASE,COV
All kidney disease,SNOMEDCT_US,11801411000119105,Right kidney traumatic injury,C5566792,Right kidney traumatic injury,narrow,,G,KIDNEYDISEASE,COV
All kidney disease,SNOMEDCT_US,733608000,Papillary renal cell carcinoma,C1306837,Papillary Renal Cell Carcinoma,narrow,,G,KIDNEYDISEASE,COV
All kidney disease,SNOMEDCT_US,4797003,Papillary renal cell carcinoma,C1306837,Papillary Renal Cell Carcinoma,narrow,,G,KIDNEYDISEASE,COV
All kidney disease,SNOMEDCT_US,1186613009,Low-grade papillary adenocarcinoma,-,-,narrow,Desc: code 4797003,G,KIDNEYDISEASE,COV
All kidney disease,SNOMEDCT_US,1295490007,Solid variant of papillary thyroid carcinoma,-,-,narrow,Desc: code 4797003,G,KIDNEYDISEASE,COV
All kidney disease,SNOMEDCT_US,1336196002,Papillary thyroid carcinoma,-,-,narrow,Desc: code 4797003,G,KIDNEYDISEASE,COV
All kidney disease,SNOMEDCT_US,1336197006,Diffuse sclerosing papillary thyroid carcinoma,-,-,narrow,Desc: code 4797003,G,KIDNEYDISEASE,COV
All kidney disease,SNOMEDCT_US,421414006,"Papillary carcinoma, macrofollicular",-,-,narrow,Desc: code 4797003,G,KIDNEYDISEASE,COV
All kidney disease,SNOMEDCT_US,421630008,"Papillary carcinoma, clear cell",-,-,narrow,Desc: code 4797003,G,KIDNEYDISEASE,COV
All kidney disease,SNOMEDCT_US,421658000,"Papillary carcinoma, Warthin-like",-,-,narrow,Desc: code 4797003,G,KIDNEYDISEASE,COV
All kidney disease,SNOMEDCT_US,421918000,"Papillary carcinoma, diffuse follicular",-,-,narrow,Desc: code 4797003,G,KIDNEYDISEASE,COV
All kidney disease,SNOMEDCT_US,422238009,"Papillary carcinoma, cribriform-morular",-,-,narrow,Desc: code 4797003,G,KIDNEYDISEASE,COV
All kidney disease,SNOMEDCT_US,708939001,"Papillary adenocarcinoma, metastatic",-,-,narrow,Desc: code 4797003,G,KIDNEYDISEASE,COV
All kidney disease,SNOMEDCT_US,709191009,Metastatic papillary thyroid carcinoma,-,-,narrow,Desc: code 4797003,G,KIDNEYDISEASE,COV
All kidney disease,SNOMEDCT_US,733607005,Papillary renal cell carcinoma,C1306837,Papillary Renal Cell Carcinoma,narrow,,G,KIDNEYDISEASE,COV
All kidney disease,SNOMEDCT_US,698810000,Hypertensive renal disease with end stage renal failure,C3697607,Hypertensive renal disease with end stage renal failure,narrow,,G,KIDNEYDISEASE,COV
All kidney disease,SNOMEDCT_US,39925003,"Juvenile myopathy, encephalopathy, lactic acidosis, stroke",C0162671,MELAS Syndrome,possible,,G,KIDNEYDISEASE,COV
All kidney disease,SNOMEDCT_US,240097009,"Mitochondrial encephalopathy, lactic acidosis and stroke-like episodes",C0162671,MELAS Syndrome,possible,,G,KIDNEYDISEASE,COV
All kidney disease,SNOMEDCT_US,725592009,Congenital membranous nephropathy due to maternal anti-neutral endopeptidase alloimmunization,C4511239,Congenital membranous nephropathy due to maternal anti-neutral endopeptidase alloimmunization,narrow,,G,KIDNEYDISEASE,COV
All kidney disease,SNOMEDCT_US,31005002,Hepatorenal syndrome due to a procedure,C0274387,Hepatorenal syndrome due to a procedure,possible,,G,KIDNEYDISEASE,COV
All kidney disease,SNOMEDCT_US,716999001,Joubert syndrome with renal defect,C4274117,Joubert syndrome with renal defect,possible,,G,KIDNEYDISEASE,COV
All kidney disease,SNOMEDCT_US,36225005,Acute renal failure due to procedure,C0274392,Acute renal failure due to procedure,narrow,,G,KIDNEYDISEASE,COV
All kidney disease,SNOMEDCT_US,123753008,Nephrotoxic serum nephritis,C0948908,Nephrotoxic serum nephritis,narrow,,G,KIDNEYDISEASE,COV
All kidney disease,SNOMEDCT_US,42927005,Cholemic nephrosis,C0699858,Cholemic nephrosis,narrow,,G,KIDNEYDISEASE,COV
All kidney disease,SNOMEDCT_US,765331004,Autosomal dominant polycystic kidney disease type 1 with tuberous sclerosis,C1838327,"Polycystic kidneys, severe infantile with tuberous sclerosis",narrow,,G,KIDNEYDISEASE,COV
All kidney disease,SNOMEDCT_US,204952009,Dysplasia of kidney NOS,C3536714,Renal dysplasia,possible,,G,KIDNEYDISEASE,COV
All kidney disease,SNOMEDCT_US,204949001,Renal dysplasia,C3536714,Renal dysplasia,possible,,G,KIDNEYDISEASE,COV
All kidney disease,SNOMEDCT_US,77794002,Congenital renal dysplasia,C3536714,Renal dysplasia,possible,,G,KIDNEYDISEASE,COV
All kidney disease,SNOMEDCT_US,254916002,Cystadenocarcinoma of kidney,C0346249,Cystadenocarcinoma of kidney,narrow,,G,KIDNEYDISEASE,COV
All kidney disease,SNOMEDCT_US,188250002,Malignant neoplasm of kidney parenchyma,C0346248,Malignant neoplasm of kidney parenchyma,narrow,,G,KIDNEYDISEASE,COV
All kidney disease,SNOMEDCT_US,254914004,Neoplasm of parenchyma of kidney,C0346247,Neoplasm of parenchyma of kidney,possible,,G,KIDNEYDISEASE,COV
All kidney disease,SNOMEDCT_US,726106004,X-linked diffuse leiomyomatosis with Alport syndrome,C4511693,X-linked diffuse leiomyomatosis with Alport syndrome,narrow,,G,KIDNEYDISEASE,COV
All kidney disease,SNOMEDCT_US,4495005,Congenital hypertrophy of ureteric valve,C0266333,Congenital hypertrophy of ureteric valve,exclude,,G,KIDNEYDISEASE,COV
All kidney disease,SNOMEDCT_US,189144007,Benign neoplasm of kidney,C0346252,Benign neoplasm of renal parenchyma,possible,,G,KIDNEYDISEASE,COV
All kidney disease,SNOMEDCT_US,269489006,Benign neoplasm of renal parenchyma,C0346252,Benign neoplasm of renal parenchyma,possible,,G,KIDNEYDISEASE,COV
All kidney disease,SNOMEDCT_US,254918001,Sarcoma of kidney,C0346251,Sarcoma of kidney,narrow,,G,KIDNEYDISEASE,COV
All kidney disease,SNOMEDCT_US,1268543003,Primary clear cell sarcoma of kidney,-,-,narrow,Desc: code 254918001,G,KIDNEYDISEASE,COV
All kidney disease,SNOMEDCT_US,12897005,Congenital stricture of ureteropelvic junction,C0266331,Congenital stricture of ureteropelvic junction,narrow,,G,KIDNEYDISEASE,COV
All kidney disease,SNOMEDCT_US,254917006,Papillary cystadenocarcinoma of kidney,C0346250,Papillary cystadenocarcinoma of kidney,narrow,,G,KIDNEYDISEASE,COV
All kidney disease,SNOMEDCT_US,372114004,Assessment of hypovolemia risk factors,C1269826,Assessment of hypovolemia risk factors,possible,,G,KIDNEYDISEASE,COV
All kidney disease,SNOMEDCT_US,254925008,Benign neoplasm of renal calyx,C0346259,Benign neoplasm of renal calyx,possible,,G,KIDNEYDISEASE,COV
All kidney disease,SNOMEDCT_US,197781006,Pyonephrosis unspecified,C0034216,Pyonephrosis,narrow,,G,KIDNEYDISEASE,COV
All kidney disease,SNOMEDCT_US,48631008,Pyonephrosis,C0034216,Pyonephrosis,narrow,,G,KIDNEYDISEASE,COV
All kidney disease,SNOMEDCT_US,188252005,Malignant neoplasm of renal calyx,C0346258,Malignant neoplasm of renal calyx,narrow,,G,KIDNEYDISEASE,COV
All kidney disease,SNOMEDCT_US,254924007,Neoplasm of renal calyx,C0346257,Neoplasm of renal calyx,possible,,G,KIDNEYDISEASE,COV
All kidney disease,SNOMEDCT_US,254923001,Solitary fibrous tumor of kidney,C0346256,Kidney Solitary Fibrous Tumor,narrow,,G,KIDNEYDISEASE,COV
All kidney disease,SNOMEDCT_US,254922006,Oncocytoma of kidney,C0346255,"Oncocytoma, renal",narrow,,G,KIDNEYDISEASE,COV
All kidney disease,SNOMEDCT_US,724094005,"Neonatal diabetes, congenital hypothyroidism, congenital glaucoma, hepatic fibrosis, polycystic kidney syndrome",C4510367,"Neonatal diabetes, congenital hypothyroidism, congenital glaucoma, hepatic fibrosis, polycystic kidney syndrome",narrow,,G,KIDNEYDISEASE,COV
All kidney disease,SNOMEDCT_US,254920003,Cystadenoma of kidney,C0346254,Cystadenoma of kidney,narrow,,G,KIDNEYDISEASE,COV
All kidney disease,SNOMEDCT_US,254919009,Cortical adenoma of kidney,C0346253,Cortical adenoma of kidney,possible,,G,KIDNEYDISEASE,COV
All kidney disease,SNOMEDCT_US,724099000,Acquired monoclonal immunoglobulin light chain-associated Fanconi syndrome,C4510369,Acquired monoclonal immunoglobulin light chain-associated Fanconi syndrome,possible,,G,KIDNEYDISEASE,COV
All kidney disease,SNOMEDCT_US,713313000,Chronic kidney disease mineral and bone disorder,C4076240,Chronic kidney disease mineral and bone disorder,narrow,,G,KIDNEYDISEASE,COV
All kidney disease,SNOMEDCT_US,764990003,Mucinous tubular and spindle cell renal carcinoma,C4707257,Mucinous tubular and spindle cell renal carcinoma,narrow,,G,KIDNEYDISEASE,COV
All kidney disease,SNOMEDCT_US,764991004,Renal mucinous tubular and spindle cell carcinoma,C4707257,Mucinous tubular and spindle cell renal carcinoma,narrow,,G,KIDNEYDISEASE,COV
All kidney disease,SNOMEDCT_US,233591003,Hemoperfusion,C0019063,Hemoperfusion,exclude,,G,KIDNEYDISEASE,COV
All kidney disease,SNOMEDCT_US,111407006,Hemolytic uremic syndrome,C0019061,Hemolytic-Uremic Syndrome,narrow,,G,KIDNEYDISEASE,COV
All kidney disease,SNOMEDCT_US,1269225005,Hemolytic uremic syndrome with DGKE deficiency,-,-,narrow,Desc: code 111407006,G,KIDNEYDISEASE,COV
All kidney disease,SNOMEDCT_US,1269270002,Infection-related hemolytic uremic syndrome,-,-,narrow,Desc: code 111407006,G,KIDNEYDISEASE,COV
All kidney disease,SNOMEDCT_US,1293264009,Atypical hemolytic uremic syndrome with complement gene abnormality,-,-,narrow,Desc: code 111407006,G,KIDNEYDISEASE,COV
All kidney disease,SNOMEDCT_US,1295220004,Atypical hemolytic uremic syndrome with anti-factor H antibodies,-,-,narrow,Desc: code 111407006,G,KIDNEYDISEASE,COV
All kidney disease,SNOMEDCT_US,123308008,Haemolytic uraemic syndrome,C0019061,Hemolytic-Uremic Syndrome,narrow,,G,KIDNEYDISEASE,COV
All kidney disease,SNOMEDCT_US,254927000,Benign papilloma of renal pelvis,C0346263,Benign papilloma of renal pelvis,possible,,G,KIDNEYDISEASE,COV
All kidney disease,SNOMEDCT_US,191269003,Anaemia secondary to renal failure,C0588179,Anemia secondary to renal failure,narrow,,G,KIDNEYDISEASE,COV
All kidney disease,SNOMEDCT_US,310647000,Anemia secondary to renal failure,C0588179,Anemia secondary to renal failure,narrow,,G,KIDNEYDISEASE,COV
All kidney disease,SNOMEDCT_US,713886006,BK virus nephropathy,C1697878,BK virus nephropathy,narrow,,G,KIDNEYDISEASE,COV
All kidney disease,SNOMEDCT_US,1255627000,Post-renal transplant nephropathy caused by BK polyomavirus,-,-,narrow,Desc: code 713886006,G,KIDNEYDISEASE,COV
All kidney disease,SNOMEDCT_US,254926009,Tumor of renal pelvis,C0346260,Neoplasm of renal pelvis,possible,,G,KIDNEYDISEASE,COV
All kidney disease,SNOMEDCT_US,126881002,Neoplasm of renal pelvis,C0346260,Neoplasm of renal pelvis,possible,,G,KIDNEYDISEASE,COV
All kidney disease,SNOMEDCT_US,710565001,Ischemic nephropathy,C2721575,Ischemic nephropathy,narrow,,G,KIDNEYDISEASE,COV
All kidney disease,SNOMEDCT_US,197821004,Ureteric polyp,C0346269,Ureteric polyp,possible,,G,KIDNEYDISEASE,COV
All kidney disease,SNOMEDCT_US,253893004,Congenital polyp of ureter,-,-,possible,Desc: code 197821004,G,KIDNEYDISEASE,COV
All kidney disease,SNOMEDCT_US,188253000,Malignant neoplasm of ureteropelvic junction,C0346265,Malignant neoplasm of ureteropelvic junction,narrow,,G,KIDNEYDISEASE,COV
All kidney disease,SNOMEDCT_US,254928005,Neoplasm of ureteropelvic junction,C0346264,Neoplasm of ureteropelvic junction,possible,,G,KIDNEYDISEASE,COV
All kidney disease,SNOMEDCT_US,717760006,Multi-drug resistant nephrotic syndrome,C4305538,Multi-Drug Resistant Nephrotic Syndrome,narrow,,G,KIDNEYDISEASE,COV
All kidney disease,SNOMEDCT_US,717776002,Acquired hydronephrosis due to urinary bladder obstruction,C4305535,Acquired hydronephrosis due to urinary bladder obstruction,narrow,,G,KIDNEYDISEASE,COV
All kidney disease,SNOMEDCT_US,241484009,US scan of transplant kidney,C0412548,US scan of transplant kidney,possible,,G,KIDNEYDISEASE,COV
All kidney disease,SNOMEDCT_US,1334075008,Ultrasonography of transplanted left kidney with contrast,-,-,possible,Desc: code 241484009,G,KIDNEYDISEASE,COV
All kidney disease,SNOMEDCT_US,1334076009,Ultrasonography of transplanted right kidney with contrast,-,-,possible,Desc: code 241484009,G,KIDNEYDISEASE,COV
All kidney disease,SNOMEDCT_US,1334077000,Ultrasonography of transplanted bilateral kidneys with contrast,-,-,possible,Desc: code 241484009,G,KIDNEYDISEASE,COV
All kidney disease,SNOMEDCT_US,431988002,Doppler ultrasonography of transplanted kidney,-,-,possible,Desc: code 241484009,G,KIDNEYDISEASE,COV
All kidney disease,SNOMEDCT_US,927531000000100,Ultrasonography of transplanted kidney with contrast,-,-,possible,Desc: code 241484009,G,KIDNEYDISEASE,COV
All kidney disease,SNOMEDCT_US,236443009,Medullary sponge kidney,C0022681,Medullary sponge kidney,narrow,,G,KIDNEYDISEASE,COV
All kidney disease,SNOMEDCT_US,204954005,Fibrocystic kidney,C0022681,Medullary sponge kidney,narrow,,G,KIDNEYDISEASE,COV
All kidney disease,SNOMEDCT_US,29780007,Medullary cystic disease of the kidney,C0022681,Medullary sponge kidney,narrow,,G,KIDNEYDISEASE,COV
All kidney disease,SNOMEDCT_US,1187553006,Glomerular disorder due to secondary systemic amyloidosis,C5569061,Glomerular disorder due to secondary systemic amyloidosis,narrow,,G,KIDNEYDISEASE,COV
All kidney disease,SNOMEDCT_US,1187555004,Glomerular disorder due to organ-limited amyloidosis,C5569060,Glomerular disorder due to organ-limited amyloidosis,narrow,,G,KIDNEYDISEASE,COV
All kidney disease,SNOMEDCT_US,198647008,Renal failure due to and following incomplete miscarriage,C0404922,Renal failure due to and following incomplete miscarriage,narrow,,G,KIDNEYDISEASE,COV
All kidney disease,SNOMEDCT_US,700109009,Bartter syndrome antenatal type 2,C1855849,"Bartter syndrome, antenatal , type 2",narrow,,G,KIDNEYDISEASE,COV
All kidney disease,SNOMEDCT_US,236592000,Stenosis of calyceal neck,C0403605,Stenosis of calyceal neck,possible,,G,KIDNEYDISEASE,COV
All kidney disease,SNOMEDCT_US,737327002,Renal failure following molar pregnancy,C2112562,Renal failure following molar pregnancy,narrow,,G,KIDNEYDISEASE,COV
All kidney disease,SNOMEDCT_US,1263956003,Acute renal failure following molar pregnancy,-,-,narrow,Desc: code 737327002,G,KIDNEYDISEASE,COV
All kidney disease,SNOMEDCT_US,128073008,Disorder of ureter,C0403608,Disorder of ureter,narrow,,G,KIDNEYDISEASE,COV
All kidney disease,SNOMEDCT_US,1003547009,Agenesis of ureter,-,-,narrow,Desc: code 128073008,G,KIDNEYDISEASE,COV
All kidney disease,SNOMEDCT_US,1046004,Ureteritis glandularis,-,-,narrow,Desc: code 128073008,G,KIDNEYDISEASE,COV
All kidney disease,SNOMEDCT_US,10581000087102,Injury of ureter during surgery,-,-,narrow,Desc: code 128073008,G,KIDNEYDISEASE,COV
All kidney disease,SNOMEDCT_US,1082291000119108,Transitional cell carcinoma of left ureter,-,-,narrow,Desc: code 128073008,G,KIDNEYDISEASE,COV
All kidney disease,SNOMEDCT_US,1082311000119107,Transitional cell carcinoma of right ureter,-,-,narrow,Desc: code 128073008,G,KIDNEYDISEASE,COV
All kidney disease,SNOMEDCT_US,1087041000119107,Gonorrhea of kidney and ureter,-,-,narrow,Desc: code 128073008,G,KIDNEYDISEASE,COV
All kidney disease,SNOMEDCT_US,111405003,Ureteritis,-,-,narrow,Desc: code 128073008,G,KIDNEYDISEASE,COV
All kidney disease,SNOMEDCT_US,1144866007,Congenital hypoplasia of ureter,-,-,narrow,Desc: code 128073008,G,KIDNEYDISEASE,COV
All kidney disease,SNOMEDCT_US,1149516009,Obstruction of ureteral orifice,-,-,narrow,Desc: code 128073008,G,KIDNEYDISEASE,COV
All kidney disease,SNOMEDCT_US,1156217009,Congenital obstruction of ureter,-,-,narrow,Desc: code 128073008,G,KIDNEYDISEASE,COV
All kidney disease,SNOMEDCT_US,11801571000119103,Laceration of right ureter,-,-,narrow,Desc: code 128073008,G,KIDNEYDISEASE,COV
All kidney disease,SNOMEDCT_US,11801611000119107,Laceration of left ureter,-,-,narrow,Desc: code 128073008,G,KIDNEYDISEASE,COV
All kidney disease,SNOMEDCT_US,11801651000119108,Injury of right ureter,-,-,narrow,Desc: code 128073008,G,KIDNEYDISEASE,COV
All kidney disease,SNOMEDCT_US,11801691000119103,Injury of left ureter,-,-,narrow,Desc: code 128073008,G,KIDNEYDISEASE,COV
All kidney disease,SNOMEDCT_US,1217020002,Sarcomatoid urothelial carcinoma of ureter,-,-,narrow,Desc: code 128073008,G,KIDNEYDISEASE,COV
All kidney disease,SNOMEDCT_US,1259246004,Hemorrhage of ureteral orifice,-,-,narrow,Desc: code 128073008,G,KIDNEYDISEASE,COV
All kidney disease,SNOMEDCT_US,1259359005,Stenosis of vesicoureteric junction,-,-,narrow,Desc: code 128073008,G,KIDNEYDISEASE,COV
All kidney disease,SNOMEDCT_US,1259362008,Stricture of vesicoureteric junction,-,-,narrow,Desc: code 128073008,G,KIDNEYDISEASE,COV
All kidney disease,SNOMEDCT_US,1259363003,Obstruction of vesicoureteric junction,-,-,narrow,Desc: code 128073008,G,KIDNEYDISEASE,COV
All kidney disease,SNOMEDCT_US,1259365005,Postoperative fistula of ureter,-,-,narrow,Desc: code 128073008,G,KIDNEYDISEASE,COV
All kidney disease,SNOMEDCT_US,1259423003,Primary transitional cell carcinoma of ureter,-,-,narrow,Desc: code 128073008,G,KIDNEYDISEASE,COV
All kidney disease,SNOMEDCT_US,1259450008,Primary transitional cell carcinoma of left ureter,-,-,narrow,Desc: code 128073008,G,KIDNEYDISEASE,COV
All kidney disease,SNOMEDCT_US,1259468006,Primary transitional cell carcinoma of right ureter,-,-,narrow,Desc: code 128073008,G,KIDNEYDISEASE,COV
All kidney disease,SNOMEDCT_US,1259707002,Primary sarcomatoid urothelial carcinoma of ureter,-,-,narrow,Desc: code 128073008,G,KIDNEYDISEASE,COV
All kidney disease,SNOMEDCT_US,1263657009,Metastatic transitional cell carcinoma to ureter,-,-,narrow,Desc: code 128073008,G,KIDNEYDISEASE,COV
All kidney disease,SNOMEDCT_US,1263658004,Metastatic transitional cell carcinoma to left ureter,-,-,narrow,Desc: code 128073008,G,KIDNEYDISEASE,COV
All kidney disease,SNOMEDCT_US,126882009,Neoplasm of ureter,-,-,narrow,Desc: code 128073008,G,KIDNEYDISEASE,COV
All kidney disease,SNOMEDCT_US,126892001,Neoplasm of ureteric orifice of urinary bladder,-,-,narrow,Desc: code 128073008,G,KIDNEYDISEASE,COV
All kidney disease,SNOMEDCT_US,12818004,Ureterocele,-,-,narrow,Desc: code 128073008,G,KIDNEYDISEASE,COV
All kidney disease,SNOMEDCT_US,12908005,Extrinsic ureteral obstruction,-,-,narrow,Desc: code 128073008,G,KIDNEYDISEASE,COV
All kidney disease,SNOMEDCT_US,1338018007,Acquired deviation of ureter,-,-,narrow,Desc: code 128073008,G,KIDNEYDISEASE,COV
All kidney disease,SNOMEDCT_US,13491000119101,Vesicoureteric reflux due to duplicated collecting system,-,-,narrow,Desc: code 128073008,G,KIDNEYDISEASE,COV
All kidney disease,SNOMEDCT_US,15933821000119100,Congenital occlusion of ureterovesical orifice,-,-,narrow,Desc: code 128073008,G,KIDNEYDISEASE,COV
All kidney disease,SNOMEDCT_US,15959581000119101,Bilateral neoplasm of uncertain behavior of ureters,-,-,narrow,Desc: code 128073008,G,KIDNEYDISEASE,COV
All kidney disease,SNOMEDCT_US,16619007,Congenital occlusion of ureter,-,-,narrow,Desc: code 128073008,G,KIDNEYDISEASE,COV
All kidney disease,SNOMEDCT_US,188245008,Malignant neoplasm of ureteral orifice,-,-,narrow,Desc: code 128073008,G,KIDNEYDISEASE,COV
All kidney disease,SNOMEDCT_US,19703005,Ureteral sludge,-,-,narrow,Desc: code 128073008,G,KIDNEYDISEASE,COV
All kidney disease,SNOMEDCT_US,204973009,Simple ureterocele,-,-,narrow,Desc: code 128073008,G,KIDNEYDISEASE,COV
All kidney disease,SNOMEDCT_US,204974003,Impervious ureter,-,-,narrow,Desc: code 128073008,G,KIDNEYDISEASE,COV
All kidney disease,SNOMEDCT_US,204991004,Deviation of ureter,-,-,narrow,Desc: code 128073008,G,KIDNEYDISEASE,COV
All kidney disease,SNOMEDCT_US,210220001,Injury of ureter with open wound into abdominal cavity,-,-,narrow,Desc: code 128073008,G,KIDNEYDISEASE,COV
All kidney disease,SNOMEDCT_US,23402009,Congenital stricture of ureterovesical orifice,-,-,narrow,Desc: code 128073008,G,KIDNEYDISEASE,COV
All kidney disease,SNOMEDCT_US,235782002,Ureteric fistula to small intestine,-,-,narrow,Desc: code 128073008,G,KIDNEYDISEASE,COV
All kidney disease,SNOMEDCT_US,235783007,Ureteric fistula to colon,-,-,narrow,Desc: code 128073008,G,KIDNEYDISEASE,COV
All kidney disease,SNOMEDCT_US,235785000,Ureteric fistula to rectum,-,-,narrow,Desc: code 128073008,G,KIDNEYDISEASE,COV
All kidney disease,SNOMEDCT_US,236594004,Obstructive hydroureter,-,-,narrow,Desc: code 128073008,G,KIDNEYDISEASE,COV
All kidney disease,SNOMEDCT_US,236595003,Non-obstructive hydroureter,-,-,narrow,Desc: code 128073008,G,KIDNEYDISEASE,COV
All kidney disease,SNOMEDCT_US,236601006,Hydroureter due to necrotic papilla in ureter,-,-,narrow,Desc: code 128073008,G,KIDNEYDISEASE,COV
All kidney disease,SNOMEDCT_US,236602004,Tuberculous stricture of ureter,-,-,narrow,Desc: code 128073008,G,KIDNEYDISEASE,COV
All kidney disease,SNOMEDCT_US,236603009,Kinking of ureter,-,-,narrow,Desc: code 128073008,G,KIDNEYDISEASE,COV
All kidney disease,SNOMEDCT_US,236604003,Foreign body in ureter,-,-,narrow,Desc: code 128073008,G,KIDNEYDISEASE,COV
All kidney disease,SNOMEDCT_US,236605002,Ischemic necrosis of ureter,-,-,narrow,Desc: code 128073008,G,KIDNEYDISEASE,COV
All kidney disease,SNOMEDCT_US,236606001,Hemorrhage from ureter,-,-,narrow,Desc: code 128073008,G,KIDNEYDISEASE,COV
All kidney disease,SNOMEDCT_US,236607005,Escape of urine from ureter,-,-,narrow,Desc: code 128073008,G,KIDNEYDISEASE,COV
All kidney disease,SNOMEDCT_US,236610003,Escape of urine from transplanted ureter,-,-,narrow,Desc: code 128073008,G,KIDNEYDISEASE,COV
All kidney disease,SNOMEDCT_US,236611004,Ureteric fistula to skin,-,-,narrow,Desc: code 128073008,G,KIDNEYDISEASE,COV
All kidney disease,SNOMEDCT_US,236612006,Ureteric fistula to cervix,-,-,narrow,Desc: code 128073008,G,KIDNEYDISEASE,COV
All kidney disease,SNOMEDCT_US,236613001,Ureteric fistula to urethra,-,-,narrow,Desc: code 128073008,G,KIDNEYDISEASE,COV
All kidney disease,SNOMEDCT_US,236615008,Primary vesicoureteric reflux,-,-,narrow,Desc: code 128073008,G,KIDNEYDISEASE,COV
All kidney disease,SNOMEDCT_US,236616009,Secondary vesicoureteric reflux,-,-,narrow,Desc: code 128073008,G,KIDNEYDISEASE,COV
All kidney disease,SNOMEDCT_US,236617000,Neuropathic vesicoureteric reflux,-,-,narrow,Desc: code 128073008,G,KIDNEYDISEASE,COV
All kidney disease,SNOMEDCT_US,236618005,Obstructive vesicoureteric reflux,-,-,narrow,Desc: code 128073008,G,KIDNEYDISEASE,COV
All kidney disease,SNOMEDCT_US,236619002,Post-surgical vesicoureteric reflux,-,-,narrow,Desc: code 128073008,G,KIDNEYDISEASE,COV
All kidney disease,SNOMEDCT_US,236712001,Steinstrasse,-,-,narrow,Desc: code 128073008,G,KIDNEYDISEASE,COV
All kidney disease,SNOMEDCT_US,23841000119104,Orthotopic ureterocele,-,-,narrow,Desc: code 128073008,G,KIDNEYDISEASE,COV
All kidney disease,SNOMEDCT_US,24850009,Injury of ureter,-,-,narrow,Desc: code 128073008,G,KIDNEYDISEASE,COV
All kidney disease,SNOMEDCT_US,253887007,Congenital ureteric valves,-,-,narrow,Desc: code 128073008,G,KIDNEYDISEASE,COV
All kidney disease,SNOMEDCT_US,253888002,Triplex ureter,-,-,narrow,Desc: code 128073008,G,KIDNEYDISEASE,COV
All kidney disease,SNOMEDCT_US,253890001,Crossed ectopic ureter,-,-,narrow,Desc: code 128073008,G,KIDNEYDISEASE,COV
All kidney disease,SNOMEDCT_US,253891002,Transcaval ureter,-,-,narrow,Desc: code 128073008,G,KIDNEYDISEASE,COV
All kidney disease,SNOMEDCT_US,253892009,Congenital diverticulum of ureter,-,-,narrow,Desc: code 128073008,G,KIDNEYDISEASE,COV
All kidney disease,SNOMEDCT_US,253894005,Ectopic ureterocele,-,-,narrow,Desc: code 128073008,G,KIDNEYDISEASE,COV
All kidney disease,SNOMEDCT_US,253904001,Megacystis-megaureter syndrome,-,-,narrow,Desc: code 128073008,G,KIDNEYDISEASE,COV
All kidney disease,SNOMEDCT_US,25463000,Occlusion of ureter due to calculus,-,-,narrow,Desc: code 128073008,G,KIDNEYDISEASE,COV
All kidney disease,SNOMEDCT_US,262895002,Rupture of ureter,-,-,narrow,Desc: code 128073008,G,KIDNEYDISEASE,COV
All kidney disease,SNOMEDCT_US,262896001,Perforation of ureter,-,-,narrow,Desc: code 128073008,G,KIDNEYDISEASE,COV
All kidney disease,SNOMEDCT_US,262897005,Transection of ureter,-,-,narrow,Desc: code 128073008,G,KIDNEYDISEASE,COV
All kidney disease,SNOMEDCT_US,262898000,Injury to ureteric wall,-,-,narrow,Desc: code 128073008,G,KIDNEYDISEASE,COV
All kidney disease,SNOMEDCT_US,262899008,False passage of ureter,-,-,narrow,Desc: code 128073008,G,KIDNEYDISEASE,COV
All kidney disease,SNOMEDCT_US,264917009,Upper moiety ureter of duplex kidney,-,-,narrow,Desc: code 128073008,G,KIDNEYDISEASE,COV
All kidney disease,SNOMEDCT_US,264918004,Lower moiety ureter of duplex kidney,-,-,narrow,Desc: code 128073008,G,KIDNEYDISEASE,COV
All kidney disease,SNOMEDCT_US,266558006,Acquired stricture of ureter,-,-,narrow,Desc: code 128073008,G,KIDNEYDISEASE,COV
All kidney disease,SNOMEDCT_US,271975008,Disorder of ureter repair graft,-,-,narrow,Desc: code 128073008,G,KIDNEYDISEASE,COV
All kidney disease,SNOMEDCT_US,282357008,Amyloid of ureter,-,-,narrow,Desc: code 128073008,G,KIDNEYDISEASE,COV
All kidney disease,SNOMEDCT_US,283906006,Contusion of ureter,-,-,narrow,Desc: code 128073008,G,KIDNEYDISEASE,COV
All kidney disease,SNOMEDCT_US,283907002,Hematoma of ureter,-,-,narrow,Desc: code 128073008,G,KIDNEYDISEASE,COV
All kidney disease,SNOMEDCT_US,283908007,Laceration of ureter,-,-,narrow,Desc: code 128073008,G,KIDNEYDISEASE,COV
All kidney disease,SNOMEDCT_US,283909004,Cut of ureter,-,-,narrow,Desc: code 128073008,G,KIDNEYDISEASE,COV
All kidney disease,SNOMEDCT_US,300988009,Transitional cell carcinoma of ureter,-,-,narrow,Desc: code 128073008,G,KIDNEYDISEASE,COV
All kidney disease,SNOMEDCT_US,301792001,Vesicoureteric junction calculus,-,-,narrow,Desc: code 128073008,G,KIDNEYDISEASE,COV
All kidney disease,SNOMEDCT_US,31054009,Ureteric stone,-,-,narrow,Desc: code 128073008,G,KIDNEYDISEASE,COV
All kidney disease,SNOMEDCT_US,31290005,Congenital hydroureter,-,-,narrow,Desc: code 128073008,G,KIDNEYDISEASE,COV
All kidney disease,SNOMEDCT_US,31915006,Congenital deviation of ureter,-,-,narrow,Desc: code 128073008,G,KIDNEYDISEASE,COV
All kidney disease,SNOMEDCT_US,351291000119108,Benign neoplasm of right ureter,-,-,narrow,Desc: code 128073008,G,KIDNEYDISEASE,COV
All kidney disease,SNOMEDCT_US,351581000119108,Neoplasm of uncertain behavior of left ureter,-,-,narrow,Desc: code 128073008,G,KIDNEYDISEASE,COV
All kidney disease,SNOMEDCT_US,351641000119102,Neoplasm of uncertain behavior of right ureter,-,-,narrow,Desc: code 128073008,G,KIDNEYDISEASE,COV
All kidney disease,SNOMEDCT_US,354061000119105,Benign neoplasm of left ureter,-,-,narrow,Desc: code 128073008,G,KIDNEYDISEASE,COV
All kidney disease,SNOMEDCT_US,363458004,Malignant neoplasm of ureter,-,-,narrow,Desc: code 128073008,G,KIDNEYDISEASE,COV
All kidney disease,SNOMEDCT_US,367151000119109,Stricture of ureter co-occurrent and due to crossing vessel,-,-,narrow,Desc: code 128073008,G,KIDNEYDISEASE,COV
All kidney disease,SNOMEDCT_US,36775008,Displaced ureteric orifice,-,-,narrow,Desc: code 128073008,G,KIDNEYDISEASE,COV
All kidney disease,SNOMEDCT_US,369463005,Malignant tumor involving ureter by direct extension from bladder,-,-,narrow,Desc: code 128073008,G,KIDNEYDISEASE,COV
All kidney disease,SNOMEDCT_US,373583002,Congenital obstructive megaureter,-,-,narrow,Desc: code 128073008,G,KIDNEYDISEASE,COV
All kidney disease,SNOMEDCT_US,373585009,Congenital obstruction of ureteral orifice,-,-,narrow,Desc: code 128073008,G,KIDNEYDISEASE,COV
All kidney disease,SNOMEDCT_US,37532005,Ureterovaginal fistula,-,-,narrow,Desc: code 128073008,G,KIDNEYDISEASE,COV
All kidney disease,SNOMEDCT_US,429191000124106,Partial duplication of ureter,-,-,narrow,Desc: code 128073008,G,KIDNEYDISEASE,COV
All kidney disease,SNOMEDCT_US,430091000124101,Primary right vesicoureteral reflux,-,-,narrow,Desc: code 128073008,G,KIDNEYDISEASE,COV
All kidney disease,SNOMEDCT_US,430101000124107,Primary right vesicoureteral reflux grade 1,-,-,narrow,Desc: code 128073008,G,KIDNEYDISEASE,COV
All kidney disease,SNOMEDCT_US,430111000124105,Primary right vesicoureteral reflux grade 1 measured by radionuclide cystogram,-,-,narrow,Desc: code 128073008,G,KIDNEYDISEASE,COV
All kidney disease,SNOMEDCT_US,430121000124102,Primary right vesicoureteral reflux grade 2,-,-,narrow,Desc: code 128073008,G,KIDNEYDISEASE,COV
All kidney disease,SNOMEDCT_US,430131000124104,Primary right vesicoureteral reflux grade 3,-,-,narrow,Desc: code 128073008,G,KIDNEYDISEASE,COV
All kidney disease,SNOMEDCT_US,430141000124109,Primary right vesicoureteral reflux grade 4,-,-,narrow,Desc: code 128073008,G,KIDNEYDISEASE,COV
All kidney disease,SNOMEDCT_US,430151000124106,Primary right vesicoureteral reflux grade 5,-,-,narrow,Desc: code 128073008,G,KIDNEYDISEASE,COV
All kidney disease,SNOMEDCT_US,430161000124108,Primary right vesicoureteral reflux grade 2 measured by radionuclide cystogram,-,-,narrow,Desc: code 128073008,G,KIDNEYDISEASE,COV
All kidney disease,SNOMEDCT_US,430171000124101,Primary right vesicoureteral reflux grade 3 measured by radionuclide cystogram,-,-,narrow,Desc: code 128073008,G,KIDNEYDISEASE,COV
All kidney disease,SNOMEDCT_US,430181000124103,Primary right vesicoureteral reflux grade 1 measured by voiding cystourethrography,-,-,narrow,Desc: code 128073008,G,KIDNEYDISEASE,COV
All kidney disease,SNOMEDCT_US,430191000124100,Primary right vesicoureteral reflux grade 2 measured by voiding cystourethrography,-,-,narrow,Desc: code 128073008,G,KIDNEYDISEASE,COV
All kidney disease,SNOMEDCT_US,430201000124102,Primary right vesicoureteral reflux grade 3 measured by voiding cystourethrography,-,-,narrow,Desc: code 128073008,G,KIDNEYDISEASE,COV
All kidney disease,SNOMEDCT_US,430211000124104,Primary right vesicoureteral reflux grade 4 measured by voiding cystourethrography,-,-,narrow,Desc: code 128073008,G,KIDNEYDISEASE,COV
All kidney disease,SNOMEDCT_US,430221000124107,Primary right vesicoureteral reflux grade 5 measured by voiding cystourethrography,-,-,narrow,Desc: code 128073008,G,KIDNEYDISEASE,COV
All kidney disease,SNOMEDCT_US,430231000124105,Primary left vesicoureteral reflux,-,-,narrow,Desc: code 128073008,G,KIDNEYDISEASE,COV
All kidney disease,SNOMEDCT_US,430241000124100,Primary left vesicoureteral reflux grade 1,-,-,narrow,Desc: code 128073008,G,KIDNEYDISEASE,COV
All kidney disease,SNOMEDCT_US,430251000124103,Primary left vesicoureteral reflux grade 2,-,-,narrow,Desc: code 128073008,G,KIDNEYDISEASE,COV
All kidney disease,SNOMEDCT_US,430261000124101,Primary left vesicoureteral reflux grade 3,-,-,narrow,Desc: code 128073008,G,KIDNEYDISEASE,COV
All kidney disease,SNOMEDCT_US,430271000124108,Primary left vesicoureteral reflux grade 4,-,-,narrow,Desc: code 128073008,G,KIDNEYDISEASE,COV
All kidney disease,SNOMEDCT_US,430281000124106,Primary left vesicoureteral reflux grade 5,-,-,narrow,Desc: code 128073008,G,KIDNEYDISEASE,COV
All kidney disease,SNOMEDCT_US,430291000124109,Primary left vesicoureteral reflux grade 1 measured by radionuclide cystogram,-,-,narrow,Desc: code 128073008,G,KIDNEYDISEASE,COV
All kidney disease,SNOMEDCT_US,430301000124105,Primary left vesicoureteral reflux grade 2 measured by radionuclide cystogram,-,-,narrow,Desc: code 128073008,G,KIDNEYDISEASE,COV
All kidney disease,SNOMEDCT_US,430311000124108,Primary left vesicoureteral reflux grade 3 measured by radionuclide cystogram,-,-,narrow,Desc: code 128073008,G,KIDNEYDISEASE,COV
All kidney disease,SNOMEDCT_US,430321000124100,Primary left vesicoureteral reflux grade 1 measured by voiding cystourethrography,-,-,narrow,Desc: code 128073008,G,KIDNEYDISEASE,COV
All kidney disease,SNOMEDCT_US,430331000124102,Primary left vesicoureteral reflux grade 2 measured by voiding cystourethrography,-,-,narrow,Desc: code 128073008,G,KIDNEYDISEASE,COV
All kidney disease,SNOMEDCT_US,430341000124107,Primary left vesicoureteral reflux grade 3 measured by voiding cystourethrography,-,-,narrow,Desc: code 128073008,G,KIDNEYDISEASE,COV
All kidney disease,SNOMEDCT_US,430351000124109,Primary left vesicoureteral reflux grade 4 measured by voiding cystourethrography,-,-,narrow,Desc: code 128073008,G,KIDNEYDISEASE,COV
All kidney disease,SNOMEDCT_US,430361000124106,Primary left vesicoureteral reflux grade 5 measured by voiding cystourethrography,-,-,narrow,Desc: code 128073008,G,KIDNEYDISEASE,COV
All kidney disease,SNOMEDCT_US,430391000124103,Secondary left vesicoureteral reflux,-,-,narrow,Desc: code 128073008,G,KIDNEYDISEASE,COV
All kidney disease,SNOMEDCT_US,430401000124101,Secondary right vesicoureteral reflux,-,-,narrow,Desc: code 128073008,G,KIDNEYDISEASE,COV
All kidney disease,SNOMEDCT_US,430411000124103,Secondary left vesicoureteral reflux grade 1,-,-,narrow,Desc: code 128073008,G,KIDNEYDISEASE,COV
All kidney disease,SNOMEDCT_US,430421000124106,Secondary left vesicoureteral reflux grade 2,-,-,narrow,Desc: code 128073008,G,KIDNEYDISEASE,COV
All kidney disease,SNOMEDCT_US,430431000124109,Secondary left vesicoureteral reflux grade 3,-,-,narrow,Desc: code 128073008,G,KIDNEYDISEASE,COV
All kidney disease,SNOMEDCT_US,430441000124104,Secondary left vesicoureteral reflux grade 4,-,-,narrow,Desc: code 128073008,G,KIDNEYDISEASE,COV
All kidney disease,SNOMEDCT_US,430451000124102,Secondary left vesicoureteral reflux grade 5,-,-,narrow,Desc: code 128073008,G,KIDNEYDISEASE,COV
All kidney disease,SNOMEDCT_US,430461000124100,Secondary right vesicoureteral reflux grade 1,-,-,narrow,Desc: code 128073008,G,KIDNEYDISEASE,COV
All kidney disease,SNOMEDCT_US,430471000124107,Secondary right vesicoureteral reflux grade 2,-,-,narrow,Desc: code 128073008,G,KIDNEYDISEASE,COV
All kidney disease,SNOMEDCT_US,430481000124105,Secondary right vesicoureteral reflux grade 3,-,-,narrow,Desc: code 128073008,G,KIDNEYDISEASE,COV
All kidney disease,SNOMEDCT_US,430491000124108,Secondary right vesicoureteral reflux grade 4,-,-,narrow,Desc: code 128073008,G,KIDNEYDISEASE,COV
All kidney disease,SNOMEDCT_US,430501000124100,Secondary right vesicoureteral reflux grade 5,-,-,narrow,Desc: code 128073008,G,KIDNEYDISEASE,COV
All kidney disease,SNOMEDCT_US,430511000124102,Secondary right vesicoureteral reflux grade 1 measured by radionuclide cystogram,-,-,narrow,Desc: code 128073008,G,KIDNEYDISEASE,COV
All kidney disease,SNOMEDCT_US,430521000124105,Secondary right vesicoureteral reflux grade 2 measured by radionuclide cystogram,-,-,narrow,Desc: code 128073008,G,KIDNEYDISEASE,COV
All kidney disease,SNOMEDCT_US,430531000124108,Secondary right vesicoureteral reflux grade 3 measured by radionuclide cystogram,-,-,narrow,Desc: code 128073008,G,KIDNEYDISEASE,COV
All kidney disease,SNOMEDCT_US,430541000124103,Secondary left vesicoureteral reflux grade 1 measured by radionuclide cystogram,-,-,narrow,Desc: code 128073008,G,KIDNEYDISEASE,COV
All kidney disease,SNOMEDCT_US,430551000124101,Secondary left vesicoureteral reflux grade 3 measured by radionuclide cystogram,-,-,narrow,Desc: code 128073008,G,KIDNEYDISEASE,COV
All kidney disease,SNOMEDCT_US,430561000124104,Secondary left vesicoureteral reflux grade 2 measured by radionuclide cystogram,-,-,narrow,Desc: code 128073008,G,KIDNEYDISEASE,COV
All kidney disease,SNOMEDCT_US,430571000124106,Secondary right vesicoureteral reflux grade 1 measured by voiding cystourethrography,-,-,narrow,Desc: code 128073008,G,KIDNEYDISEASE,COV
All kidney disease,SNOMEDCT_US,430581000124109,Secondary right vesicoureteral reflux grade 2 measured by voiding cystourethrography,-,-,narrow,Desc: code 128073008,G,KIDNEYDISEASE,COV
All kidney disease,SNOMEDCT_US,430591000124107,Secondary right vesicoureteral reflux grade 3 measured by voiding cystourethrography,-,-,narrow,Desc: code 128073008,G,KIDNEYDISEASE,COV
All kidney disease,SNOMEDCT_US,430601000124104,Secondary right vesicoureteral reflux grade 4 measured by voiding cystourethrography,-,-,narrow,Desc: code 128073008,G,KIDNEYDISEASE,COV
All kidney disease,SNOMEDCT_US,430611000124101,Secondary right vesicoureteral reflux grade 5 measured by voiding cystourethrography,-,-,narrow,Desc: code 128073008,G,KIDNEYDISEASE,COV
All kidney disease,SNOMEDCT_US,430621000124109,Secondary left vesicoureteral reflux grade 1 measured by voiding cystourethrography,-,-,narrow,Desc: code 128073008,G,KIDNEYDISEASE,COV
All kidney disease,SNOMEDCT_US,430631000124107,Secondary left vesicoureteral reflux grade 2 measured by voiding cystourethrography,-,-,narrow,Desc: code 128073008,G,KIDNEYDISEASE,COV
All kidney disease,SNOMEDCT_US,430641000124102,Secondary left vesicoureteral reflux grade 3 measured by voiding cystourethrography,-,-,narrow,Desc: code 128073008,G,KIDNEYDISEASE,COV
All kidney disease,SNOMEDCT_US,430651000124100,Secondary left vesicoureteral reflux grade 4 measured by voiding cystourethrography,-,-,narrow,Desc: code 128073008,G,KIDNEYDISEASE,COV
All kidney disease,SNOMEDCT_US,430661000124103,Secondary left vesicoureteral reflux grade 5 measured by voiding cystourethrography,-,-,narrow,Desc: code 128073008,G,KIDNEYDISEASE,COV
All kidney disease,SNOMEDCT_US,431771000124109,Hutch diverticulum,-,-,narrow,Desc: code 128073008,G,KIDNEYDISEASE,COV
All kidney disease,SNOMEDCT_US,431981000124109,Primary refluxing megaureter,-,-,narrow,Desc: code 128073008,G,KIDNEYDISEASE,COV
All kidney disease,SNOMEDCT_US,434271000124104,Congenital obstructive megaureter without reflux,-,-,narrow,Desc: code 128073008,G,KIDNEYDISEASE,COV
All kidney disease,SNOMEDCT_US,447043009,Ureteric stone of lower third of ureter,-,-,narrow,Desc: code 128073008,G,KIDNEYDISEASE,COV
All kidney disease,SNOMEDCT_US,447189000,Residual ureterocele,-,-,narrow,Desc: code 128073008,G,KIDNEYDISEASE,COV
All kidney disease,SNOMEDCT_US,44796002,Ectopic ureter,-,-,narrow,Desc: code 128073008,G,KIDNEYDISEASE,COV
All kidney disease,SNOMEDCT_US,448864006,Carcinoma of ureter,-,-,narrow,Desc: code 128073008,G,KIDNEYDISEASE,COV
All kidney disease,SNOMEDCT_US,46328008,Injury of ureter without open wound into abdominal cavity,-,-,narrow,Desc: code 128073008,G,KIDNEYDISEASE,COV
All kidney disease,SNOMEDCT_US,472816004,Eosinophilic ureteritis,-,-,narrow,Desc: code 128073008,G,KIDNEYDISEASE,COV
All kidney disease,SNOMEDCT_US,472823003,Cecoureterocele,-,-,narrow,Desc: code 128073008,G,KIDNEYDISEASE,COV
All kidney disease,SNOMEDCT_US,473156005,Retained ureteric stent,-,-,narrow,Desc: code 128073008,G,KIDNEYDISEASE,COV
All kidney disease,SNOMEDCT_US,49496001,Double ureter,-,-,narrow,Desc: code 128073008,G,KIDNEYDISEASE,COV
All kidney disease,SNOMEDCT_US,49534003,Congenital atresia of ureter,-,-,narrow,Desc: code 128073008,G,KIDNEYDISEASE,COV
All kidney disease,SNOMEDCT_US,51794008,Congenital anomaly of ureter,-,-,narrow,Desc: code 128073008,G,KIDNEYDISEASE,COV
All kidney disease,SNOMEDCT_US,64727007,Accessory ureter,-,-,narrow,Desc: code 128073008,G,KIDNEYDISEASE,COV
All kidney disease,SNOMEDCT_US,682041000119100,Primary adenocarcinoma of ureteral orifice,-,-,narrow,Desc: code 128073008,G,KIDNEYDISEASE,COV
All kidney disease,SNOMEDCT_US,689441000119102,Primary squamous cell carcinoma of ureteral orifice,-,-,narrow,Desc: code 128073008,G,KIDNEYDISEASE,COV
All kidney disease,SNOMEDCT_US,689851000119102,Primary transitional cell carcinoma of ureteral orifice,-,-,narrow,Desc: code 128073008,G,KIDNEYDISEASE,COV
All kidney disease,SNOMEDCT_US,703048006,Post-renal transplant vesicoureteric reflux,-,-,narrow,Desc: code 128073008,G,KIDNEYDISEASE,COV
All kidney disease,SNOMEDCT_US,717459000,Congenital primary megaureter,-,-,narrow,Desc: code 128073008,G,KIDNEYDISEASE,COV
All kidney disease,SNOMEDCT_US,717758009,Congenital atresia and stenosis of ureter,-,-,narrow,Desc: code 128073008,G,KIDNEYDISEASE,COV
All kidney disease,SNOMEDCT_US,718485003,Congenital dilatation of ureter,-,-,narrow,Desc: code 128073008,G,KIDNEYDISEASE,COV
All kidney disease,SNOMEDCT_US,735472008,Kinking of ureter without obstruction,-,-,narrow,Desc: code 128073008,G,KIDNEYDISEASE,COV
All kidney disease,SNOMEDCT_US,735473003,Deviation of ureter without obstruction,-,-,narrow,Desc: code 128073008,G,KIDNEYDISEASE,COV
All kidney disease,SNOMEDCT_US,74919005,Congenital stricture of ureter,-,-,narrow,Desc: code 128073008,G,KIDNEYDISEASE,COV
All kidney disease,SNOMEDCT_US,763716008,Familial vesicoureteral reflux,-,-,narrow,Desc: code 128073008,G,KIDNEYDISEASE,COV
All kidney disease,SNOMEDCT_US,767016004,Complete occlusion of ureter by external compression,-,-,narrow,Desc: code 128073008,G,KIDNEYDISEASE,COV
All kidney disease,SNOMEDCT_US,773974461000119109,Lesion of ureter,-,-,narrow,Desc: code 128073008,G,KIDNEYDISEASE,COV
All kidney disease,SNOMEDCT_US,77761000,Congenital absence of ureter,-,-,narrow,Desc: code 128073008,G,KIDNEYDISEASE,COV
All kidney disease,SNOMEDCT_US,80969003,Postoperative kinking of ureter,-,-,narrow,Desc: code 128073008,G,KIDNEYDISEASE,COV
All kidney disease,SNOMEDCT_US,840490005,Congenital refluxing megaureter,-,-,narrow,Desc: code 128073008,G,KIDNEYDISEASE,COV
All kidney disease,SNOMEDCT_US,85884009,Pyoureter,-,-,narrow,Desc: code 128073008,G,KIDNEYDISEASE,COV
All kidney disease,SNOMEDCT_US,87553000,Uteroureteric fistula,-,-,narrow,Desc: code 128073008,G,KIDNEYDISEASE,COV
All kidney disease,SNOMEDCT_US,895354002,Primary malignant neoplasm of left ureter,-,-,narrow,Desc: code 128073008,G,KIDNEYDISEASE,COV
All kidney disease,SNOMEDCT_US,895355001,Primary malignant neoplasm of right ureter,-,-,narrow,Desc: code 128073008,G,KIDNEYDISEASE,COV
All kidney disease,SNOMEDCT_US,895356000,Bilateral primary malignant neoplasm of ureters,-,-,narrow,Desc: code 128073008,G,KIDNEYDISEASE,COV
All kidney disease,SNOMEDCT_US,92464009,Benign neoplasm of ureter,-,-,narrow,Desc: code 128073008,G,KIDNEYDISEASE,COV
All kidney disease,SNOMEDCT_US,92465005,Benign neoplasm of ureteric orifice of urinary bladder,-,-,narrow,Desc: code 128073008,G,KIDNEYDISEASE,COV
All kidney disease,SNOMEDCT_US,92782006,Carcinoma in situ of ureter,-,-,narrow,Desc: code 128073008,G,KIDNEYDISEASE,COV
All kidney disease,SNOMEDCT_US,92783001,Carcinoma in situ of ureteric orifice of urinary bladder,-,-,narrow,Desc: code 128073008,G,KIDNEYDISEASE,COV
All kidney disease,SNOMEDCT_US,93044000,Congenital convoluted ureter,-,-,narrow,Desc: code 128073008,G,KIDNEYDISEASE,COV
All kidney disease,SNOMEDCT_US,94121005,Primary malignant neoplasm of ureter,-,-,narrow,Desc: code 128073008,G,KIDNEYDISEASE,COV
All kidney disease,SNOMEDCT_US,94122003,Primary malignant neoplasm of ureteric orifice of urinary bladder,-,-,narrow,Desc: code 128073008,G,KIDNEYDISEASE,COV
All kidney disease,SNOMEDCT_US,94659001,Metastatic malignant neoplasm to ureter,-,-,narrow,Desc: code 128073008,G,KIDNEYDISEASE,COV
All kidney disease,SNOMEDCT_US,94660006,Metastatic malignant neoplasm to ureteric orifice of urinary bladder,-,-,narrow,Desc: code 128073008,G,KIDNEYDISEASE,COV
All kidney disease,SNOMEDCT_US,95161002,Neoplasm of uncertain behavior of ureter,-,-,narrow,Desc: code 128073008,G,KIDNEYDISEASE,COV
All kidney disease,SNOMEDCT_US,95162009,Neoplasm of uncertain behavior of ureteric orifice of urinary bladder,-,-,narrow,Desc: code 128073008,G,KIDNEYDISEASE,COV
All kidney disease,SNOMEDCT_US,95233002,Retrocaval ureter,-,-,narrow,Desc: code 128073008,G,KIDNEYDISEASE,COV
All kidney disease,SNOMEDCT_US,95574003,Stenosis of ureter,-,-,narrow,Desc: code 128073008,G,KIDNEYDISEASE,COV
All kidney disease,SNOMEDCT_US,198747002,Incomplete illegal abortion with renal failure,C0404939,Incomplete illegal termination of pregnancy with renal failure,narrow,,G,KIDNEYDISEASE,COV
All kidney disease,SNOMEDCT_US,236596002,Idiopathic dilation of ureter,C0403609,Idiopathic dilation of ureter,exclude,,G,KIDNEYDISEASE,COV
All kidney disease,SNOMEDCT_US,197822006,Idiopathic dilation of ureter,C0403609,Idiopathic dilation of ureter,possible,,G,KIDNEYDISEASE,COV
All kidney disease,SNOMEDCT_US,438546008,Ligation of arteriovenous dialysis fistula,C2585612,Ligation of arteriovenous dialysis fistula,narrow,,G,KIDNEYDISEASE,COV
All kidney disease,SNOMEDCT_US,236588007,Transplant glomerulopathy - early form,C0403602,Transplant glomerulopathy - early form,narrow,,G,KIDNEYDISEASE,COV
All kidney disease,SNOMEDCT_US,236589004,Transplant glomerulopathy - late form,C0403603,Transplant glomerulopathy - late form,narrow,,G,KIDNEYDISEASE,COV
All kidney disease,SNOMEDCT_US,236586006,De novo glomerulonephritis,C0403600,De novo glomerulonephritis,narrow,,G,KIDNEYDISEASE,COV
All kidney disease,SNOMEDCT_US,198759003,Complete illegal abortion with renal failure,C0404931,Complete illegal termination of pregnancy with renal failure,narrow,,G,KIDNEYDISEASE,COV
All kidney disease,SNOMEDCT_US,236587002,Transplant glomerulopathy,C0403601,Transplant glomerulopathy,narrow,,G,KIDNEYDISEASE,COV
All kidney disease,SNOMEDCT_US,236469003,Fanconi-like syndrome,C0151638,Fanconi like syndrome,possible,,G,KIDNEYDISEASE,COV
All kidney disease,SNOMEDCT_US,198809000,Failed attempted termination of pregnancy with renal failure,C0404947,Failed attempted termination of pregnancy with renal failure,narrow,,G,KIDNEYDISEASE,COV
All kidney disease,SNOMEDCT_US,238318009,Continuous ambulatory peritoneal dialysis,C0031140,"Peritoneal Dialysis, Continuous Ambulatory",narrow,,G,KIDNEYDISEASE,COV
All kidney disease,SNOMEDCT_US,233581009,Hemofiltration,C0019014,Hemofiltration,possible,,G,KIDNEYDISEASE,COV
All kidney disease,SNOMEDCT_US,233582002,Intermittent hemofiltration,-,-,possible,Desc: code 233581009,G,KIDNEYDISEASE,COV
All kidney disease,SNOMEDCT_US,233583007,Continuous hemofiltration,-,-,possible,Desc: code 233581009,G,KIDNEYDISEASE,COV
All kidney disease,SNOMEDCT_US,233584001,Continuous arteriovenous hemofiltration,-,-,possible,Desc: code 233581009,G,KIDNEYDISEASE,COV
All kidney disease,SNOMEDCT_US,233586004,Hemodiafiltration,-,-,possible,Desc: code 233581009,G,KIDNEYDISEASE,COV
All kidney disease,SNOMEDCT_US,233587008,Intermittent hemodiafiltration,-,-,possible,Desc: code 233581009,G,KIDNEYDISEASE,COV
All kidney disease,SNOMEDCT_US,233588003,Continuous hemodiafiltration,-,-,possible,Desc: code 233581009,G,KIDNEYDISEASE,COV
All kidney disease,SNOMEDCT_US,233589006,Continuous arteriovenous hemodiafiltration,-,-,possible,Desc: code 233581009,G,KIDNEYDISEASE,COV
All kidney disease,SNOMEDCT_US,233590002,Continuous venovenous hemodiafiltration,-,-,possible,Desc: code 233581009,G,KIDNEYDISEASE,COV
All kidney disease,SNOMEDCT_US,708930002,Maintenance hemodiafiltration,-,-,possible,Desc: code 233581009,G,KIDNEYDISEASE,COV
All kidney disease,SNOMEDCT_US,708933000,Emergency hemodiafiltration,-,-,possible,Desc: code 233581009,G,KIDNEYDISEASE,COV
All kidney disease,SNOMEDCT_US,708934006,Maintenance hemofiltration,-,-,possible,Desc: code 233581009,G,KIDNEYDISEASE,COV
All kidney disease,SNOMEDCT_US,715743002,Emergency hemofiltration,-,-,possible,Desc: code 233581009,G,KIDNEYDISEASE,COV
All kidney disease,SNOMEDCT_US,126880001,Neoplasm of kidney,C0022665,Kidney Neoplasm,possible,,G,KIDNEYDISEASE,COV
All kidney disease,SNOMEDCT_US,108101000119101,Malignant melanoma metastatic to kidney,-,-,possible,Desc: code 126880001,G,KIDNEYDISEASE,COV
All kidney disease,SNOMEDCT_US,108131000119108,Small cell carcinoma metastatic to kidney,-,-,possible,Desc: code 126880001,G,KIDNEYDISEASE,COV
All kidney disease,SNOMEDCT_US,108201000119105,Secondary undifferentiated large cell malignant neoplasm of kidney,-,-,possible,Desc: code 126880001,G,KIDNEYDISEASE,COV
All kidney disease,SNOMEDCT_US,108211000119108,Secondary adenocarcinoma of kidney,-,-,possible,Desc: code 126880001,G,KIDNEYDISEASE,COV
All kidney disease,SNOMEDCT_US,1255194004,Primary papillary thyroid carcinoma with renal papillary neoplasia,-,-,possible,Desc: code 126880001,G,KIDNEYDISEASE,COV
All kidney disease,SNOMEDCT_US,1260181000,Benign metanephric tumor,-,-,possible,Desc: code 126880001,G,KIDNEYDISEASE,COV
All kidney disease,SNOMEDCT_US,1268499002,Primary collecting duct carcinoma of kidney,-,-,possible,Desc: code 126880001,G,KIDNEYDISEASE,COV
All kidney disease,SNOMEDCT_US,1288032009,Well-differentiated neuroendocrine tumor of kidney,-,-,possible,Desc: code 126880001,G,KIDNEYDISEASE,COV
All kidney disease,SNOMEDCT_US,1290072001,Well-differentiated neuroendocrine tumor of left kidney,-,-,possible,Desc: code 126880001,G,KIDNEYDISEASE,COV
All kidney disease,SNOMEDCT_US,1290073006,Well-differentiated neuroendocrine tumor of right kidney,-,-,possible,Desc: code 126880001,G,KIDNEYDISEASE,COV
All kidney disease,SNOMEDCT_US,130181000119100,Benign neuroendocrine tumor of kidney,-,-,possible,Desc: code 126880001,G,KIDNEYDISEASE,COV
All kidney disease,SNOMEDCT_US,1351917001,Hemangioblastoma of kidney,-,-,possible,Desc: code 126880001,G,KIDNEYDISEASE,COV
All kidney disease,SNOMEDCT_US,353961000119108,Benign neoplasm of right kidney,-,-,possible,Desc: code 126880001,G,KIDNEYDISEASE,COV
All kidney disease,SNOMEDCT_US,354121000119104,Benign neoplasm of left kidney,-,-,possible,Desc: code 126880001,G,KIDNEYDISEASE,COV
All kidney disease,SNOMEDCT_US,1086071000119103,Diphtheria tubulointerstitial nephropathy,C3873545,Diphtheria tubulointerstitial nephropathy,narrow,,G,KIDNEYDISEASE,COV
All kidney disease,SNOMEDCT_US,282364005,IgA nephropathy associated with liver disease,C0560258,IgA nephropathy associated with liver disease,narrow,,G,KIDNEYDISEASE,COV
All kidney disease,SNOMEDCT_US,90241004,Papillary necrosis,C0022667,Kidney Papillary Necrosis,narrow,,G,KIDNEYDISEASE,COV
All kidney disease,SNOMEDCT_US,197651008,Acute renal medullary necrosis,C0022667,Kidney Papillary Necrosis,narrow,,G,KIDNEYDISEASE,COV
All kidney disease,SNOMEDCT_US,140111000119107,Hypertension in chronic kidney disease stage 4 due to type 2 diabetes mellitus,C3874878,Hypertension in chronic kidney disease stage 4 due to type 2 diabetes mellitus,narrow,,G,KIDNEYDISEASE,COV
All kidney disease,SNOMEDCT_US,438783006,Acute postoperative renal failure,C2585625,Acute postoperative renal failure,narrow,,G,KIDNEYDISEASE,COV
All kidney disease,SNOMEDCT_US,197654000,Chronic renal failure,C0022661,"Kidney Failure, Chronic",narrow,,G,KIDNEYDISEASE,COV
All kidney disease,SNOMEDCT_US,197655004,End stage renal failure,C0022661,"Kidney Failure, Chronic",narrow,,G,KIDNEYDISEASE,COV
All kidney disease,SNOMEDCT_US,155856009,Chronic renal failure,C0022661,"Kidney Failure, Chronic",narrow,,G,KIDNEYDISEASE,COV
All kidney disease,SNOMEDCT_US,90688005,Chronic renal failure,C0022661,"Kidney Failure, Chronic",narrow,,G,KIDNEYDISEASE,COV
All kidney disease,SNOMEDCT_US,46177005,End-stage renal disease,C0022661,"Kidney Failure, Chronic",narrow,,G,KIDNEYDISEASE,COV
All kidney disease,SNOMEDCT_US,197755007,End stage renal failure,C0022661,"Kidney Failure, Chronic",narrow,,G,KIDNEYDISEASE,COV
All kidney disease,SNOMEDCT_US,197783009,Pyelitis associated with another disorder,C1670766,Pyelitis associated with another disorder,narrow,,G,KIDNEYDISEASE,COV
All kidney disease,SNOMEDCT_US,708127008,Collagenofibrotic glomerulopathy,C3872695,Collagenofibrotic glomerulopathy,narrow,,G,KIDNEYDISEASE,COV
All kidney disease,SNOMEDCT_US,197782004,Pyelonephritis associated with another disorder,C1670765,Pyelonephritis associated with another disorder,narrow,,G,KIDNEYDISEASE,COV
All kidney disease,SNOMEDCT_US,155855008,Acute renal failure,C0022660,"Kidney Failure, Acute",narrow,,G,KIDNEYDISEASE,COV
All kidney disease,SNOMEDCT_US,197653006,Acute renal failure NOS,C0022660,"Kidney Failure, Acute",narrow,,G,KIDNEYDISEASE,COV
All kidney disease,SNOMEDCT_US,14669001,Acute kidney injury,C0022660,"Kidney Failure, Acute",narrow,,G,KIDNEYDISEASE,COV
All kidney disease,SNOMEDCT_US,12245621000119102,Postprocedural acute renal failure,-,-,narrow,Desc: code 14669001,G,KIDNEYDISEASE,COV
All kidney disease,SNOMEDCT_US,1263955004,Acute renal failure following ectopic pregnancy,-,-,narrow,Desc: code 14669001,G,KIDNEYDISEASE,COV
All kidney disease,SNOMEDCT_US,57469000,Miscarriage with acute renal failure,-,-,narrow,Desc: code 14669001,G,KIDNEYDISEASE,COV
All kidney disease,SNOMEDCT_US,197818001,Adhesions of ureter,C0403610,Adhesions of ureter,possible,,G,KIDNEYDISEASE,COV
All kidney disease,SNOMEDCT_US,197823001,Acquired megaureter,C0403612,Acquired megaureter,possible,,G,KIDNEYDISEASE,COV
All kidney disease,SNOMEDCT_US,122586001,Peritoneal dialysis fluid specimen,C0444134,Peritoneal dialysate specimen,narrow,,G,KIDNEYDISEASE,COV
All kidney disease,SNOMEDCT_US,145370008,Peritoneal dialysate sample,C0444134,Peritoneal dialysate specimen,narrow,,G,KIDNEYDISEASE,COV
All kidney disease,SNOMEDCT_US,168140004,Peritoneal dialysate specimen,C0444134,Peritoneal dialysate specimen,narrow,,G,KIDNEYDISEASE,COV
All kidney disease,SNOMEDCT_US,444959000,Peritoneal dialysis fluid specimen obtained before dialysis,-,-,narrow,Desc: code 168140004,G,KIDNEYDISEASE,COV
All kidney disease,SNOMEDCT_US,445069004,Peritoneal dialysis fluid specimen obtained after dialysis,-,-,narrow,Desc: code 168140004,G,KIDNEYDISEASE,COV
All kidney disease,SNOMEDCT_US,1913007,Familial renal glucosuria,C3245525,Familial renal glucosuria,narrow,,G,KIDNEYDISEASE,COV
All kidney disease,SNOMEDCT_US,226309007,Familial renal glucosuria,C3245525,Familial renal glucosuria,narrow,,G,KIDNEYDISEASE,COV
All kidney disease,SNOMEDCT_US,154738008,Cystinuria,C0010691,Cystinuria,possible,,G,KIDNEYDISEASE,COV
All kidney disease,SNOMEDCT_US,85020001,Cystinuria,C0010691,Cystinuria,narrow,,G,KIDNEYDISEASE,COV
All kidney disease,SNOMEDCT_US,267498002,Cystinuria,C0010691,Cystinuria,possible,,G,KIDNEYDISEASE,COV
All kidney disease,SNOMEDCT_US,707148007,Recurrent renal disease following transplantation of kidney,C3873534,Recurrent renal disease following transplantation of kidney,narrow,,G,KIDNEYDISEASE,COV
All kidney disease,SNOMEDCT_US,35455006,Acute tubular necrosis,C0022672,Acute Kidney Tubular Necrosis,narrow,,G,KIDNEYDISEASE,COV
All kidney disease,SNOMEDCT_US,23697004,Acute tubular necrosis,C0022672,Acute Kidney Tubular Necrosis,narrow,,G,KIDNEYDISEASE,COV
All kidney disease,SNOMEDCT_US,197649009,Acute tubular necrosis,C0022672,Acute Kidney Tubular Necrosis,narrow,,G,KIDNEYDISEASE,COV
All kidney disease,SNOMEDCT_US,70536003,Transplant of kidney,C0022671,Kidney Transplantation,narrow,,G,KIDNEYDISEASE,COV
All kidney disease,SNOMEDCT_US,6471000179103,Transplantation of kidney and pancreas,-,-,narrow,Desc: code 70536003,G,KIDNEYDISEASE,COV
All kidney disease,SNOMEDCT_US,782655004,Laparoscopic transplant of kidney using robotic assistance,-,-,narrow,Desc: code 70536003,G,KIDNEYDISEASE,COV
All kidney disease,SNOMEDCT_US,149586006,Renal transplant,C0022671,Kidney Transplantation,narrow,,G,KIDNEYDISEASE,COV
All kidney disease,SNOMEDCT_US,175904004,Transplantation of kidney NOS,C0022671,Kidney Transplantation,narrow,,G,KIDNEYDISEASE,COV
All kidney disease,SNOMEDCT_US,284991000119104,Chronic kidney disease stage 3 due to benign hypertension,C4040037,Chronic kidney disease stage 3 due to benign hypertension,narrow,,G,KIDNEYDISEASE,COV
All kidney disease,SNOMEDCT_US,1144897006,Chronic tubulointerstitial nephritis due to metabolic disease,C5546390,Chronic tubulointerstitial nephritis due to metabolic disease,narrow,,G,KIDNEYDISEASE,COV
All kidney disease,SNOMEDCT_US,17121006,Mumps nephritis,C0276319,Mumps nephritis,narrow,,G,KIDNEYDISEASE,COV
All kidney disease,SNOMEDCT_US,151055004,Peritoneal dialysis,C0031139,Peritoneal Dialysis,narrow,,G,KIDNEYDISEASE,COV
All kidney disease,SNOMEDCT_US,71192002,Peritoneal dialysis,C0031139,Peritoneal Dialysis,narrow,,G,KIDNEYDISEASE,COV
All kidney disease,SNOMEDCT_US,14684005,Peritoneal dialysis excluding cannulation,-,-,narrow,Desc: code 71192002,G,KIDNEYDISEASE,COV
All kidney disease,SNOMEDCT_US,225230008,Chronic peritoneal dialysis,-,-,narrow,Desc: code 71192002,G,KIDNEYDISEASE,COV
All kidney disease,SNOMEDCT_US,225231007,Stab peritoneal dialysis,-,-,narrow,Desc: code 71192002,G,KIDNEYDISEASE,COV
All kidney disease,SNOMEDCT_US,238319001,Continuous cycling peritoneal dialysis,-,-,narrow,Desc: code 71192002,G,KIDNEYDISEASE,COV
All kidney disease,SNOMEDCT_US,238321006,Intermittent peritoneal dialysis,-,-,narrow,Desc: code 71192002,G,KIDNEYDISEASE,COV
All kidney disease,SNOMEDCT_US,238322004,Tidal peritoneal dialysis,-,-,narrow,Desc: code 71192002,G,KIDNEYDISEASE,COV
All kidney disease,SNOMEDCT_US,3257008,Empty and measure peritoneal dialysis fluid,-,-,narrow,Desc: code 71192002,G,KIDNEYDISEASE,COV
All kidney disease,SNOMEDCT_US,541000124108,Increase number of perfusion exchanges per 24 hours,-,-,narrow,Desc: code 71192002,G,KIDNEYDISEASE,COV
All kidney disease,SNOMEDCT_US,676002,Peritoneal dialysis including cannulation,-,-,narrow,Desc: code 71192002,G,KIDNEYDISEASE,COV
All kidney disease,SNOMEDCT_US,73257006,Peritoneal dialysis catheter maintenance,-,-,narrow,Desc: code 71192002,G,KIDNEYDISEASE,COV
All kidney disease,SNOMEDCT_US,75712001,Renal coccidiosis,C0276798,Renal coccidiosis,narrow,,G,KIDNEYDISEASE,COV
All kidney disease,SNOMEDCT_US,351391000119103,Neoplasm of uncertain behavior of left renal pelvis,C2869610,Neoplasm of uncertain behavior of left renal pelvis,possible,,G,KIDNEYDISEASE,COV
All kidney disease,SNOMEDCT_US,197785002,Infection of kidney NOS,C0021313,Infection of kidney,narrow,,G,KIDNEYDISEASE,COV
All kidney disease,SNOMEDCT_US,129128006,Infectious disorder of kidney,C0021313,Infection of kidney,narrow,,G,KIDNEYDISEASE,COV
All kidney disease,SNOMEDCT_US,1366183005,Viral kidney infection,-,-,narrow,Desc: code 129128006,G,KIDNEYDISEASE,COV
All kidney disease,SNOMEDCT_US,266618004,Infection - kidney,C0021313,Infection of kidney,narrow,,G,KIDNEYDISEASE,COV
All kidney disease,SNOMEDCT_US,155865002,Infection of kidney NOS,C0021313,Infection of kidney,narrow,,G,KIDNEYDISEASE,COV
All kidney disease,SNOMEDCT_US,204958008,Familial juvenile medullary cystic kidney disease,C0687120,Nephronophthisis,narrow,,G,KIDNEYDISEASE,COV
All kidney disease,SNOMEDCT_US,423533009,Acute renal failure due to ischemia,C1828256,Acute renal failure due to ischemia,narrow,,G,KIDNEYDISEASE,COV
All kidney disease,SNOMEDCT_US,10752771000119100,Renal failure after ectopic pregnancy,C3839215,Renal failure after ectopic pregnancy,narrow,,G,KIDNEYDISEASE,COV
All kidney disease,SNOMEDCT_US,352961000119103,Primary malignant neoplasm of right renal pelvis,C5546385,Primary malignant neoplasm of right renal pelvis,narrow,,G,KIDNEYDISEASE,COV
All kidney disease,SNOMEDCT_US,353111000119108,Primary malignant neoplasm of left renal pelvis,C5546384,Primary malignant neoplasm of left renal pelvis,narrow,,G,KIDNEYDISEASE,COV
All kidney disease,SNOMEDCT_US,1155732005,Cystic dysplasia of kidney,C1834931,Cystic dysplasia of kidney,narrow,,G,KIDNEYDISEASE,COV
All kidney disease,SNOMEDCT_US,151048001,Dialysis - renal,C0019004,Hemodialysis,narrow,,G,KIDNEYDISEASE,COV
All kidney disease,SNOMEDCT_US,302497006,Hemodialysis,C0019004,Hemodialysis,narrow,,G,KIDNEYDISEASE,COV
All kidney disease,SNOMEDCT_US,11932001,Stabilizing hemodialysis,-,-,narrow,Desc: code 302497006,G,KIDNEYDISEASE,COV
All kidney disease,SNOMEDCT_US,1231768001,Nocturnal home hemodialysis,-,-,narrow,Desc: code 302497006,G,KIDNEYDISEASE,COV
All kidney disease,SNOMEDCT_US,233575001,Intermittent hemodialysis,-,-,narrow,Desc: code 302497006,G,KIDNEYDISEASE,COV
All kidney disease,SNOMEDCT_US,233576000,Intermittent hemodialysis with sequential ultrafiltration,-,-,narrow,Desc: code 302497006,G,KIDNEYDISEASE,COV
All kidney disease,SNOMEDCT_US,233577009,Intermittent hemodialysis with continuous ultrafiltration,-,-,narrow,Desc: code 302497006,G,KIDNEYDISEASE,COV
All kidney disease,SNOMEDCT_US,233578004,Continuous hemodialysis,-,-,narrow,Desc: code 302497006,G,KIDNEYDISEASE,COV
All kidney disease,SNOMEDCT_US,233579007,Continuous arteriovenous hemodialysis,-,-,narrow,Desc: code 302497006,G,KIDNEYDISEASE,COV
All kidney disease,SNOMEDCT_US,233580005,Continuous venovenous hemodialysis,-,-,narrow,Desc: code 302497006,G,KIDNEYDISEASE,COV
All kidney disease,SNOMEDCT_US,34897002,"Hemodialysis, maintenance in hospital",-,-,narrow,Desc: code 302497006,G,KIDNEYDISEASE,COV
All kidney disease,SNOMEDCT_US,381000124105,Increase dialyzer size for hemodialysis,-,-,narrow,Desc: code 302497006,G,KIDNEYDISEASE,COV
All kidney disease,SNOMEDCT_US,57274006,Initial hemodialysis,-,-,narrow,Desc: code 302497006,G,KIDNEYDISEASE,COV
All kidney disease,SNOMEDCT_US,68341005,"Hemodialysis, supervision at home",-,-,narrow,Desc: code 302497006,G,KIDNEYDISEASE,COV
All kidney disease,SNOMEDCT_US,708932005,Emergency hemodialysis,-,-,narrow,Desc: code 302497006,G,KIDNEYDISEASE,COV
All kidney disease,SNOMEDCT_US,309432002,Haemodialysis,C0019004,Hemodialysis,narrow,,G,KIDNEYDISEASE,COV
All kidney disease,SNOMEDCT_US,266809003,Dialysis - renal,C0019004,Hemodialysis,narrow,,G,KIDNEYDISEASE,COV
All kidney disease,SNOMEDCT_US,27392003,Artificial kidney dialysis,C0019004,Hemodialysis,narrow,,G,KIDNEYDISEASE,COV
All kidney disease,SNOMEDCT_US,429224003,Acute renal failure due to acute cortical necrosis,C1998147,Acute renal failure due to acute cortical necrosis,narrow,,G,KIDNEYDISEASE,COV
All kidney disease,SNOMEDCT_US,274108006,Kidney disease NOS,C0022658,Kidney Diseases,narrow,,G,KIDNEYDISEASE,COV
All kidney disease,SNOMEDCT_US,266612003,Genitourinary system diseases (& [kidney] or [urinary]),C0022658,Kidney Diseases,possible,,G,KIDNEYDISEASE,COV
All kidney disease,SNOMEDCT_US,266624005,Kidney &/or ureter disorder NOS,C0022658,Kidney Diseases,narrow,,G,KIDNEYDISEASE,COV
All kidney disease,SNOMEDCT_US,266627003,Renal disease NOS,C0022658,Kidney Diseases,narrow,,G,KIDNEYDISEASE,COV
All kidney disease,SNOMEDCT_US,155871008,Kidney &/or ureter disorder NOS,C0022658,Kidney Diseases,possible,,G,KIDNEYDISEASE,COV
All kidney disease,SNOMEDCT_US,90708001,Kidney disease,C0022658,Kidney Diseases,narrow,,G,KIDNEYDISEASE,COV
All kidney disease,SNOMEDCT_US,111438007,Hypertension secondary to renal disease in obstetric context,-,-,narrow,Desc: code 90708001,G,KIDNEYDISEASE,COV
All kidney disease,SNOMEDCT_US,1144325002,Bilateral atrophy of kidney,-,-,narrow,Desc: code 90708001,G,KIDNEYDISEASE,COV
All kidney disease,SNOMEDCT_US,1220586000,Incomplete induced termination of pregnancy complicated by renal failure,-,-,narrow,Desc: code 90708001,G,KIDNEYDISEASE,COV
All kidney disease,SNOMEDCT_US,1220648003,Renal failure due to and following complete induced termination of pregnancy,-,-,narrow,Desc: code 90708001,G,KIDNEYDISEASE,COV
All kidney disease,SNOMEDCT_US,1228881003,ALECT2 amyloidosis,-,-,narrow,Desc: code 90708001,G,KIDNEYDISEASE,COV
All kidney disease,SNOMEDCT_US,1255620003,Obstructive hydronephrosis,-,-,narrow,Desc: code 90708001,G,KIDNEYDISEASE,COV
All kidney disease,SNOMEDCT_US,1259460004,Postoperative renal impairment,-,-,narrow,Desc: code 90708001,G,KIDNEYDISEASE,COV
All kidney disease,SNOMEDCT_US,1260142000,"Congenital vertebral, cardiac, renal anomalies syndrome",-,-,narrow,Desc: code 90708001,G,KIDNEYDISEASE,COV
All kidney disease,SNOMEDCT_US,1263949009,Oliguria following molar pregnancy,-,-,narrow,Desc: code 90708001,G,KIDNEYDISEASE,COV
All kidney disease,SNOMEDCT_US,1263950009,Oliguria following ectopic pregnancy,-,-,narrow,Desc: code 90708001,G,KIDNEYDISEASE,COV
All kidney disease,SNOMEDCT_US,126551000119103,Nephropathy due to secondary diabetes mellitus,-,-,narrow,Desc: code 90708001,G,KIDNEYDISEASE,COV
All kidney disease,SNOMEDCT_US,1367805008,Monoclonal gammopathy of renal significance,-,-,narrow,Desc: code 90708001,G,KIDNEYDISEASE,COV
All kidney disease,SNOMEDCT_US,1367961003,Chronic lithium nephrotoxicity,-,-,narrow,Desc: code 90708001,G,KIDNEYDISEASE,COV
All kidney disease,SNOMEDCT_US,1370818002,Monoclonal immunoglobulin-associated kidney disease,-,-,narrow,Desc: code 90708001,G,KIDNEYDISEASE,COV
All kidney disease,SNOMEDCT_US,16731801000119102,Leakage from nephrostomy catheter,-,-,narrow,Desc: code 90708001,G,KIDNEYDISEASE,COV
All kidney disease,SNOMEDCT_US,26078007,Hypertension secondary to renal disease complicating AND/OR reason for care during childbirth,-,-,narrow,Desc: code 90708001,G,KIDNEYDISEASE,COV
All kidney disease,SNOMEDCT_US,288280591000119107,Congenital asymmetry of kidneys,-,-,narrow,Desc: code 90708001,G,KIDNEYDISEASE,COV
All kidney disease,SNOMEDCT_US,30275001,Accessory kidney,-,-,narrow,Desc: code 90708001,G,KIDNEYDISEASE,COV
All kidney disease,SNOMEDCT_US,39727004,Hypertension secondary to renal disease complicating AND/OR reason for care during puerperium,-,-,narrow,Desc: code 90708001,G,KIDNEYDISEASE,COV
All kidney disease,SNOMEDCT_US,43258006,Milk alkali syndrome,-,-,narrow,Desc: code 90708001,G,KIDNEYDISEASE,COV
All kidney disease,SNOMEDCT_US,449631000124102,Benign hypertensive heart disease and chronic renal disease,-,-,narrow,Desc: code 90708001,G,KIDNEYDISEASE,COV
All kidney disease,SNOMEDCT_US,48552006,Hypertension secondary to renal disease complicating AND/OR reason for care during pregnancy,-,-,narrow,Desc: code 90708001,G,KIDNEYDISEASE,COV
All kidney disease,SNOMEDCT_US,771477003,15q overgrowth syndrome,-,-,narrow,Desc: code 90708001,G,KIDNEYDISEASE,COV
All kidney disease,SNOMEDCT_US,79131000119100,Kidney lesion,-,-,narrow,Desc: code 90708001,G,KIDNEYDISEASE,COV
All kidney disease,SNOMEDCT_US,896983000,Structural abnormality of renal calyx,-,-,narrow,Desc: code 90708001,G,KIDNEYDISEASE,COV
All kidney disease,SNOMEDCT_US,896984006,Structural abnormality of renal collecting system,-,-,narrow,Desc: code 90708001,G,KIDNEYDISEASE,COV
All kidney disease,SNOMEDCT_US,977021461000119108,Renal scarring due to vesicoureteral reflux,-,-,narrow,Desc: code 90708001,G,KIDNEYDISEASE,COV
All kidney disease,SNOMEDCT_US,45456005,Renal infarction,C0022656,Kidney Cortex Necrosis,narrow,,G,KIDNEYDISEASE,COV
All kidney disease,SNOMEDCT_US,236490006,Renal infarction - arterial,-,-,narrow,Desc: code 45456005,G,KIDNEYDISEASE,COV
All kidney disease,SNOMEDCT_US,236491005,Renal infarction - venous,-,-,narrow,Desc: code 45456005,G,KIDNEYDISEASE,COV
All kidney disease,SNOMEDCT_US,444691002,Renal cortical necrosis,C0022656,Kidney Cortex Necrosis,narrow,,G,KIDNEYDISEASE,COV
All kidney disease,SNOMEDCT_US,198659007,Complete miscarriage with renal failure,C0404905,Complete miscarriage with renal failure,narrow,,G,KIDNEYDISEASE,COV
All kidney disease,SNOMEDCT_US,792925006,Armanni-Ebstein kidney,C0546391,Armanni-Ebstein kidney,possible,,G,KIDNEYDISEASE,COV
All kidney disease,SNOMEDCT_US,110996009,Armanni-Ebstein change,C0546391,Armanni-Ebstein kidney,possible,,G,KIDNEYDISEASE,COV
All kidney disease,SNOMEDCT_US,717767009,Alport syndrome autosomal recessive,C1567744,"Alport Syndrome, Autosomal Recessive",narrow,,G,KIDNEYDISEASE,COV
All kidney disease,SNOMEDCT_US,717766000,Alport syndrome autosomal dominant,C1567743,"Alport Syndrome, Autosomal Dominant",narrow,,G,KIDNEYDISEASE,COV
All kidney disease,SNOMEDCT_US,717768004,Alport syndrome X-linked,C1567742,"Alport Syndrome, X-Linked",narrow,,G,KIDNEYDISEASE,COV
All kidney disease,SNOMEDCT_US,156978006,Alport's syndrome,C1567741,Alport Syndrome,narrow,,G,KIDNEYDISEASE,COV
All kidney disease,SNOMEDCT_US,205827004,Alport's syndrome,C1567741,Alport Syndrome,narrow,,G,KIDNEYDISEASE,COV
All kidney disease,SNOMEDCT_US,770414008,Alport syndrome,C1567741,Alport Syndrome,narrow,,G,KIDNEYDISEASE,COV
All kidney disease,SNOMEDCT_US,399340005,Alport's syndrome,C1567741,Alport Syndrome,narrow,,G,KIDNEYDISEASE,COV
All kidney disease,SNOMEDCT_US,197630005,Alport's syndrome,C1567741,Alport Syndrome,narrow,,G,KIDNEYDISEASE,COV
All kidney disease,SNOMEDCT_US,717735006,Renal cell carcinoma of kidney except renal pelvis,C4305551,Renal cell carcinoma of kidney except renal pelvis,narrow,,G,KIDNEYDISEASE,COV
All kidney disease,SNOMEDCT_US,717742006,Primary renal dysplasia,C4305550,Primary renal dysplasia,possible,,G,KIDNEYDISEASE,COV
All kidney disease,SNOMEDCT_US,717744007,Secondary renal dysplasia,C4305549,Secondary renal dysplasia,possible,,G,KIDNEYDISEASE,COV
All kidney disease,SNOMEDCT_US,717745008,Bilateral secondary renal dysplasia,C4305548,Bilateral secondary renal dysplasia,possible,,G,KIDNEYDISEASE,COV
All kidney disease,SNOMEDCT_US,717748005,Bilateral medullary sponge kidney,C4305547,Bilateral medullary sponge kidney,possible,,G,KIDNEYDISEASE,COV
All kidney disease,SNOMEDCT_US,717750002,Bilateral congenital primary hydronephrosis,C4305546,Bilateral congenital primary hydronephrosis,narrow,,G,KIDNEYDISEASE,COV
All kidney disease,SNOMEDCT_US,446991001,Nephronophthisis type 5,C2960499,Nephronophthisis type 5,narrow,,G,KIDNEYDISEASE,COV
All kidney disease,SNOMEDCT_US,724282009,"Hypoparathyroidism, deafness, renal disease syndrome",C1840333,Barakat syndrome,narrow,,G,KIDNEYDISEASE,COV
All kidney disease,SNOMEDCT_US,718192000,Non-amyloid fibrillary glomerulonephritis,C4273674,Non-amyloid fibrillary glomerulonephritis,narrow,,G,KIDNEYDISEASE,COV
All kidney disease,SNOMEDCT_US,204953004,Renal agenesis or dysgenesis NOS,C0158699,Renal agenesis and dysgenesis,narrow,,G,KIDNEYDISEASE,COV
All kidney disease,SNOMEDCT_US,204938007,Renal agenesis and dysgenesis,C0158699,Renal agenesis and dysgenesis,narrow,,G,KIDNEYDISEASE,COV
All kidney disease,SNOMEDCT_US,268331005,Absent kidney,C0158699,Renal agenesis and dysgenesis,narrow,,G,KIDNEYDISEASE,COV
All kidney disease,SNOMEDCT_US,156972007,Absent kidney,C0158699,Renal agenesis and dysgenesis,narrow,,G,KIDNEYDISEASE,COV
All kidney disease,SNOMEDCT_US,197577008,"Nephritis, nephrosis and nephrotic syndrome",C0178287,"NEPHRITIS, NEPHROTIC SYNDROME, AND NEPHROSIS",narrow,,G,KIDNEYDISEASE,COV
All kidney disease,SNOMEDCT_US,197758009,"Nephritis, nephrosis and nephrotic syndrome NOS",C0178287,"NEPHRITIS, NEPHROTIC SYNDROME, AND NEPHROSIS",narrow,,G,KIDNEYDISEASE,COV
All kidney disease,SNOMEDCT_US,155849003,"Nephritis, nephrosis and nephrotic syndrome",C0178287,"NEPHRITIS, NEPHROTIC SYNDROME, AND NEPHROSIS",narrow,,G,KIDNEYDISEASE,COV
All kidney disease,SNOMEDCT_US,197749002,Drug- and heavy-metal-induced tubulo-interstitial and tubular conditions,C0451754,Drug- and heavy-metal-induced tubulo-interstitial and tubular conditions,narrow,,G,KIDNEYDISEASE,COV
All kidney disease,SNOMEDCT_US,197745008,Renal tubulo-interstitial disorders in systemic connective tissue disorders,C0451753,Renal tubulo-interstitial disorders in systemic connective tissue disorders,narrow,,G,KIDNEYDISEASE,COV
All kidney disease,SNOMEDCT_US,197744007,Renal tubulo-interstitial disorders in metabolic diseases,C0451752,Renal tubulo-interstitial disorders in metabolic diseases,narrow,,G,KIDNEYDISEASE,COV
All kidney disease,SNOMEDCT_US,197743001,Renal tubulo-interstitial disorders in blood diseases and disorders involving the immune mechanism,C0451751,Renal tubulo-interstitial disorders in blood diseases and disorders involving the immune mechanism,narrow,,G,KIDNEYDISEASE,COV
All kidney disease,SNOMEDCT_US,609512008,Induced termination of pregnancy complicated by oliguria,C3662140,Induced termination of pregnancy complicated by oliguria,possible,,G,KIDNEYDISEASE,COV
All kidney disease,SNOMEDCT_US,276634002,Idiopathic hyperphosphatasemia,C0475729,Idiopathic hyperphosphatasemia,narrow,,G,KIDNEYDISEASE,COV
All kidney disease,SNOMEDCT_US,609472002,Induced termination of pregnancy complicated by acute renal failure with oliguria,C3662144,Induced termination of pregnancy complicated by acute renal failure with oliguria,narrow,,G,KIDNEYDISEASE,COV
All kidney disease,SNOMEDCT_US,783157004,Infantile subacute necrotising encephalopathy with nephrotic syndrome,C5190833,Leigh syndrome with nephrotic syndrome,narrow,,G,KIDNEYDISEASE,COV
All kidney disease,SNOMEDCT_US,197742006,Renal tubulo-interstitial disorders in neoplastic diseases,C0451750,Renal tubulo-interstitial disorders in neoplastic diseases,narrow,,G,KIDNEYDISEASE,COV
All kidney disease,SNOMEDCT_US,717734005,Papillary thyroid carcinoma with renal papillary neoplasia,C1854104,"Thyroid Carcinoma, Papillary, With Papillary Renal Neoplasia",narrow,,G,KIDNEYDISEASE,COV
All kidney disease,SNOMEDCT_US,429691000124100,Open injury of kidney grade I,C3494769,Open injury of kidney grade I,narrow,,G,KIDNEYDISEASE,COV
All kidney disease,SNOMEDCT_US,197753000,Nephropathy caused by heavy metals,C0451769,Nephropathy caused by heavy metals,narrow,,G,KIDNEYDISEASE,COV
All kidney disease,SNOMEDCT_US,368871000119106,Acute nephritic syndrome co-occurrent and due to membranoproliferative glomerulonephritis type III,C4075976,Acute nephritic syndrome co-occurrent and due to membranoproliferative glomerulonephritis type III,narrow,,G,KIDNEYDISEASE,COV
All kidney disease,SNOMEDCT_US,197664009,Phosphate-losing tubular disorders,C0341679,Phosphate-losing tubular disorders,narrow,,G,KIDNEYDISEASE,COV
All kidney disease,SNOMEDCT_US,197751003,"Nephropathy induced by other drugs, medicaments and biological substances",C0451767,"Nephropathy induced by other drugs, medicaments and biological substances",narrow,,G,KIDNEYDISEASE,COV
All kidney disease,SNOMEDCT_US,197739000,Glomerular disorders in blood diseases and disorders involving the immune mechanism,C0451766,Glomerular disorders in blood diseases and disorders involving the immune mechanism,narrow,,G,KIDNEYDISEASE,COV
All kidney disease,SNOMEDCT_US,197738008,Glomerular disorders in neoplastic diseases,C0451765,Glomerular disorders in neoplastic diseases,narrow,,G,KIDNEYDISEASE,COV
All kidney disease,SNOMEDCT_US,233585000,Continuous venovenous hemofiltration,C0472684,Continuous venovenous hemofiltration,possible,,G,KIDNEYDISEASE,COV
All kidney disease,SNOMEDCT_US,213150003,Kidney transplant failure and rejection,C0451764,Kidney transplant failure and rejection,narrow,,G,KIDNEYDISEASE,COV
All kidney disease,SNOMEDCT_US,197820003,Dilatation of renal pelvis,C0341676,Pyelectasia,narrow,,G,KIDNEYDISEASE,COV
All kidney disease,SNOMEDCT_US,197663003,Impaired renal function disorder,C0341677,renal impairment; disorder resulting from,narrow,,G,KIDNEYDISEASE,COV
All kidney disease,SNOMEDCT_US,197674007,Impaired renal function disorder NOS,C0341677,renal impairment; disorder resulting from,narrow,,G,KIDNEYDISEASE,COV
All kidney disease,SNOMEDCT_US,439073006,Peritoneal dialysis catheter in situ,C2585210,Peritoneal dialysis catheter in situ,narrow,,G,KIDNEYDISEASE,COV
All kidney disease,SNOMEDCT_US,440926006,Temporary peritoneal dialysis catheter in situ,-,-,narrow,Desc: code 439073006,G,KIDNEYDISEASE,COV
All kidney disease,SNOMEDCT_US,894171571000119107,Primary renal cell carcinoma of right kidney,C5547214,Primary renal cell carcinoma of right kidney,narrow,,G,KIDNEYDISEASE,COV
All kidney disease,SNOMEDCT_US,429731000124108,Open injury of kidney grade V,C3494773,Open injury of kidney grade V,narrow,,G,KIDNEYDISEASE,COV
All kidney disease,SNOMEDCT_US,763101411000119100,Primary renal cell carcinoma of left kidney,C5547215,Primary renal cell carcinoma of left kidney,narrow,,G,KIDNEYDISEASE,COV
All kidney disease,SNOMEDCT_US,90731000119103,Chronic kidney disease stage 2 due to type 1 diabetes mellitus,C3875335,Chronic kidney disease stage 2 due to type 1 diabetes mellitus,narrow,,G,KIDNEYDISEASE,COV
All kidney disease,SNOMEDCT_US,429701000124100,Open injury of kidney grade II,C3494770,Open injury of kidney grade II,narrow,,G,KIDNEYDISEASE,COV
All kidney disease,SNOMEDCT_US,429711000124102,Open injury of kidney grade III,C3494771,Open injury of kidney grade III,narrow,,G,KIDNEYDISEASE,COV
All kidney disease,SNOMEDCT_US,429721000124105,Open injury of kidney grade IV,C3494772,Open injury of kidney grade IV,narrow,,G,KIDNEYDISEASE,COV
All kidney disease,SNOMEDCT_US,704203009,Nephropathy induced by cyclosporine,C3875332,Nephropathy induced by cyclosporine,narrow,,G,KIDNEYDISEASE,COV
All kidney disease,SNOMEDCT_US,197585004,Acute diffuse nephritis,C0341689,Acute diffuse nephritis,narrow,,G,KIDNEYDISEASE,COV
All kidney disease,SNOMEDCT_US,197697005,"Rapidly progressive nephritic syndrome, diffuse crescentic glomerulonephritis",C0451736,"Rapidly progressive nephritic syndrome, diffuse crescentic glomerulonephritis",narrow,,G,KIDNEYDISEASE,COV
All kidney disease,SNOMEDCT_US,197696001,"Rapidly progressive nephritic syndrome, dense deposit disease",C0451735,"Rapidly progressive nephritic syndrome, dense deposit disease",narrow,,G,KIDNEYDISEASE,COV
All kidney disease,SNOMEDCT_US,197695002,"Rapidly progressive nephritic syndrome, diffuse mesangiocapillary glomerulonephritis",C0451734,"Rapidly progressive nephritic syndrome, diffuse mesangiocapillary glomerulonephritis",narrow,,G,KIDNEYDISEASE,COV
All kidney disease,SNOMEDCT_US,197694003,"Rapidly progressive nephritic syndrome, diffuse endocapillary proliferative glomerulonephritis",C0451733,"Rapidly progressive nephritic syndrome, diffuse endocapillary proliferative glomerulonephritis",narrow,,G,KIDNEYDISEASE,COV
All kidney disease,SNOMEDCT_US,69982006,Malarial nephrosis,C0341685,Nephrotic syndrome in malaria,narrow,,G,KIDNEYDISEASE,COV
All kidney disease,SNOMEDCT_US,197606008,Nephrotic syndrome in malaria,C0341685,Nephrotic syndrome in malaria,narrow,,G,KIDNEYDISEASE,COV
All kidney disease,SNOMEDCT_US,197693009,"Rapidly progressive nephritic syndrome, diffuse mesangial proliferative glomerulonephritis",C0451732,"Rapidly progressive nephritic syndrome, diffuse mesangial proliferative glomerulonephritis",narrow,,G,KIDNEYDISEASE,COV
All kidney disease,SNOMEDCT_US,197692004,"Rapidly progressive nephritic syndrome, diffuse membranous glomerulonephritis",C0451731,"Rapidly progressive nephritic syndrome, diffuse membranous glomerulonephritis",narrow,,G,KIDNEYDISEASE,COV
All kidney disease,SNOMEDCT_US,197604006,Nephrotic syndrome in amyloidosis,C0341687,Nephrotic syndrome in amyloidosis,narrow,,G,KIDNEYDISEASE,COV
All kidney disease,SNOMEDCT_US,197691006,"Rapidly progressive nephritic syndrome, focal and segmental glomerular lesions",C0451730,"Rapidly progressive nephritic syndrome, focal and segmental glomerular lesions",narrow,,G,KIDNEYDISEASE,COV
All kidney disease,SNOMEDCT_US,714152005,Chronic kidney disease stage 5 on dialysis,C4075526,Chronic kidney disease stage 5 on dialysis,narrow,,G,KIDNEYDISEASE,COV
All kidney disease,SNOMEDCT_US,707770004,Congenital duplication of renal collecting system,C3873149,Congenital duplication of renal collecting system,narrow,,G,KIDNEYDISEASE,COV
All kidney disease,SNOMEDCT_US,171234009,Nephropathy screening,C0740222,Nephropathy screen,possible,,G,KIDNEYDISEASE,COV
All kidney disease,SNOMEDCT_US,451181000124105,Diabetic nephropathy screening,-,-,possible,Desc: code 171234009,G,KIDNEYDISEASE,COV
All kidney disease,SNOMEDCT_US,148449004,Nephropathy screening,C0740222,Nephropathy screen,possible,,G,KIDNEYDISEASE,COV
All kidney disease,SNOMEDCT_US,609482001,Induced termination of pregnancy complicated by renal tubular necrosis,C3662160,Induced termination of pregnancy complicated by renal tubular necrosis,narrow,,G,KIDNEYDISEASE,COV
All kidney disease,SNOMEDCT_US,93849006,Primary malignant neoplasm of kidney,C1306058,Primary malignant neoplasm of kidney,narrow,,G,KIDNEYDISEASE,COV
All kidney disease,SNOMEDCT_US,197683002,"Acute nephritic syndrome, diffuse membranous glomerulonephritis",C0451739,"Acute nephritic syndrome, diffuse membranous glomerulonephritis",narrow,,G,KIDNEYDISEASE,COV
All kidney disease,SNOMEDCT_US,198506002,Renal tubulo-interstitial disease,C0041349,"Nephritis, Tubulointerstitial",narrow,,G,KIDNEYDISEASE,COV
All kidney disease,SNOMEDCT_US,428255004,Tubulointerstitial nephritis,C0041349,"Nephritis, Tubulointerstitial",narrow,,G,KIDNEYDISEASE,COV
All kidney disease,SNOMEDCT_US,28689008,Renal tubulo-interstitial disease,C0041349,"Nephritis, Tubulointerstitial",narrow,,G,KIDNEYDISEASE,COV
All kidney disease,SNOMEDCT_US,197682007,"Acute nephritic syndrome, focal and segmental glomerular lesions",C0451738,"Acute nephritic syndrome, focal and segmental glomerular lesions",narrow,,G,KIDNEYDISEASE,COV
All kidney disease,SNOMEDCT_US,197681000,"Acute nephritic syndrome, minor glomerular abnormality",C0451737,"Acute nephritic syndrome, minor glomerular abnormality",narrow,,G,KIDNEYDISEASE,COV
All kidney disease,SNOMEDCT_US,722077007,Renal papillary necrosis caused by analgesic drug,C4304260,Renal papillary necrosis caused by analgesic drug,narrow,,G,KIDNEYDISEASE,COV
All kidney disease,SNOMEDCT_US,197762003,Chronic pyelitis,C0341681,Chronic pyelitis,narrow,,G,KIDNEYDISEASE,COV
All kidney disease,SNOMEDCT_US,271418008,Chronic ambulatory peritoneal dialysis catheter procedure,C0405876,Chronic ambulatory peritoneal dialysis catheter procedure,narrow,,G,KIDNEYDISEASE,COV
All kidney disease,SNOMEDCT_US,238314006,Renewal of chronic ambulatory peritoneal dialysis catheter,-,-,narrow,Desc: code 271418008,G,KIDNEYDISEASE,COV
All kidney disease,SNOMEDCT_US,238315007,Adjustment of chronic ambulatory peritoneal dialysis catheter,-,-,narrow,Desc: code 271418008,G,KIDNEYDISEASE,COV
All kidney disease,SNOMEDCT_US,238316008,Aspiration of chronic ambulatory peritoneal dialysis catheter,-,-,narrow,Desc: code 271418008,G,KIDNEYDISEASE,COV
All kidney disease,SNOMEDCT_US,197770008,Acute pyonephrosis,C0341682,Acute pyonephrosis,narrow,,G,KIDNEYDISEASE,COV
All kidney disease,SNOMEDCT_US,187144000,Hydatid cyst of kidney,C0341683,Hydatid cyst of kidney,narrow,,G,KIDNEYDISEASE,COV
All kidney disease,SNOMEDCT_US,236378005,Candida pyelonephritis,C0341684,Candida pyelonephritis,narrow,,G,KIDNEYDISEASE,COV
All kidney disease,SNOMEDCT_US,180277007,Insertion of temporary peritoneal dialysis catheter,C0405873,Insertion of temporary peritoneal dialysis catheter,narrow,,G,KIDNEYDISEASE,COV
All kidney disease,SNOMEDCT_US,180272001,Insertion of chronic ambulatory peritoneal dialysis catheter,C0405879,Insertion of chronic ambulatory peritoneal dialysis catheter,narrow,,G,KIDNEYDISEASE,COV
All kidney disease,SNOMEDCT_US,197714009,"Chronic nephritic syndrome, dense deposit disease",C0451747,"Chronic nephritic syndrome, dense deposit disease",narrow,,G,KIDNEYDISEASE,COV
All kidney disease,SNOMEDCT_US,197713003,"Chronic nephritic syndrome, diffuse mesangiocapillary glomerulonephritis",C0451746,"Chronic nephritic syndrome, diffuse mesangiocapillary glomerulonephritis",narrow,,G,KIDNEYDISEASE,COV
All kidney disease,SNOMEDCT_US,197712008,"Chronic nephritic syndrome, diffuse endocapillary proliferative glomerulonephritis",C0451745,"Chronic nephritic syndrome, diffuse endocapillary proliferative glomerulonephritis",narrow,,G,KIDNEYDISEASE,COV
All kidney disease,SNOMEDCT_US,368911000119109,Nephrotic syndrome co-occurrent and due to membranoproliferative glomerulonephritis type III,C4075996,Nephrotic syndrome co-occurrent and due to membranoproliferative glomerulonephritis type III,narrow,,G,KIDNEYDISEASE,COV
All kidney disease,SNOMEDCT_US,105462002,Donor of kidney for transplant,C0260788,Donor of kidney for transplant (person),possible,,G,KIDNEYDISEASE,COV
All kidney disease,SNOMEDCT_US,713369009,Live related kidney donor,-,-,possible,Desc: code 105462002,G,KIDNEYDISEASE,COV
All kidney disease,SNOMEDCT_US,718723009,Live donor of kidney,-,-,possible,Desc: code 105462002,G,KIDNEYDISEASE,COV
All kidney disease,SNOMEDCT_US,197709005,"Chronic nephritic syndrome, focal and segmental glomerular lesions",C0451744,"Chronic nephritic syndrome, focal and segmental glomerular lesions",narrow,,G,KIDNEYDISEASE,COV
All kidney disease,SNOMEDCT_US,699055002,Prominent renal pelvis,C3697253,Prominent renal pelvis,narrow,,G,KIDNEYDISEASE,COV
All kidney disease,SNOMEDCT_US,723363009,"Hypotrichosis, lymphedema, telangiectasia, renal defect syndrome",C4317151,"Hypotrichosis, lymphedema, telangiectasia, renal defect syndrome",possible,,G,KIDNEYDISEASE,COV
All kidney disease,SNOMEDCT_US,197687001,"Acute nephritic syndrome, dense deposit disease",C0451743,"Acute nephritic syndrome, dense deposit disease",narrow,,G,KIDNEYDISEASE,COV
All kidney disease,SNOMEDCT_US,197686005,"Acute nephritic syndrome, diffuse mesangiocapillary glomerulonephritis",C0451742,"Acute nephritic syndrome, diffuse mesangiocapillary glomerulonephritis",narrow,,G,KIDNEYDISEASE,COV
All kidney disease,SNOMEDCT_US,714153000,Chronic kidney disease stage 5 with transplant,C4075517,Chronic kidney disease stage 5 with transplant,narrow,,G,KIDNEYDISEASE,COV
All kidney disease,SNOMEDCT_US,197659005,Atrophy of kidney,C0341698,Atrophy of kidney,possible,,G,KIDNEYDISEASE,COV
All kidney disease,SNOMEDCT_US,63463003,Contracted kidney,C0341698,Atrophy of kidney,possible,,G,KIDNEYDISEASE,COV
All kidney disease,SNOMEDCT_US,197676009,Atrophy of kidney,C0341698,Atrophy of kidney,possible,,G,KIDNEYDISEASE,COV
All kidney disease,SNOMEDCT_US,197685009,"Acute nephritic syndrome, diffuse endocapillary proliferative glomerulonephritis",C0451741,"Acute nephritic syndrome, diffuse endocapillary proliferative glomerulonephritis",narrow,,G,KIDNEYDISEASE,COV
All kidney disease,SNOMEDCT_US,236458001,Granulomatous tubulointerstitial nephritis,C0341699,Granulomatous tubulointerstitial nephritis,narrow,,G,KIDNEYDISEASE,COV
All kidney disease,SNOMEDCT_US,197684008,"Acute nephritic syndrome, diffuse mesangial proliferative glomerulonephritis",C0451740,"Acute nephritic syndrome, diffuse mesangial proliferative glomerulonephritis",narrow,,G,KIDNEYDISEASE,COV
All kidney disease,SNOMEDCT_US,198721006,Complete legal abortion with renal failure,C0156478,"Legally induced abortion, complicated by renal failure, complete",narrow,,G,KIDNEYDISEASE,COV
All kidney disease,SNOMEDCT_US,609490001,Induced termination of pregnancy complicated by uremia,C3662177,Induced termination of pregnancy complicated by uremia,narrow,,G,KIDNEYDISEASE,COV
All kidney disease,SNOMEDCT_US,197740003,Renal tubulo-interstitial disorders in diseases classified elsewhere,C0451749,Renal tubulo-interstitial disorders in diseases classified elsewhere,narrow,,G,KIDNEYDISEASE,COV
All kidney disease,SNOMEDCT_US,197715005,"Chronic nephritic syndrome, diffuse crescentic glomerulonephritis",C0451748,"Chronic nephritic syndrome, diffuse crescentic glomerulonephritis",narrow,,G,KIDNEYDISEASE,COV
All kidney disease,SNOMEDCT_US,716200002,Schofer Beetz Bohl syndrome,C2931070,Schofer Beetz Bohl syndrome,possible,,G,KIDNEYDISEASE,COV
All kidney disease,SNOMEDCT_US,108241001,Dialysis procedure,C0011946,Dialysis procedure,narrow,,G,KIDNEYDISEASE,COV
All kidney disease,SNOMEDCT_US,14130001000004103,Aquapheresis,-,-,narrow,Desc: code 108241001,G,KIDNEYDISEASE,COV
All kidney disease,SNOMEDCT_US,182750009,Ultrafiltration,-,-,narrow,Desc: code 108241001,G,KIDNEYDISEASE,COV
All kidney disease,SNOMEDCT_US,19647005,Therapeutic plasmapheresis using plasma as major replacement fluid,-,-,narrow,Desc: code 108241001,G,KIDNEYDISEASE,COV
All kidney disease,SNOMEDCT_US,20720000,Plasmapheresis,-,-,narrow,Desc: code 108241001,G,KIDNEYDISEASE,COV
All kidney disease,SNOMEDCT_US,225067007,Therapeutic plasma exchange,-,-,narrow,Desc: code 108241001,G,KIDNEYDISEASE,COV
All kidney disease,SNOMEDCT_US,233574002,Extracorporeal carbon dioxide removal,-,-,narrow,Desc: code 108241001,G,KIDNEYDISEASE,COV
All kidney disease,SNOMEDCT_US,233592005,Plasma filtration,-,-,narrow,Desc: code 108241001,G,KIDNEYDISEASE,COV
All kidney disease,SNOMEDCT_US,233595007,Intravenous gas exchange,-,-,narrow,Desc: code 108241001,G,KIDNEYDISEASE,COV
All kidney disease,SNOMEDCT_US,288182009,Extracorporeal kidney,-,-,narrow,Desc: code 108241001,G,KIDNEYDISEASE,COV
All kidney disease,SNOMEDCT_US,341939001,Extracorporeal hemofiltration,-,-,narrow,Desc: code 108241001,G,KIDNEYDISEASE,COV
All kidney disease,SNOMEDCT_US,429091000124105,Palliative dialysis,-,-,narrow,Desc: code 108241001,G,KIDNEYDISEASE,COV
All kidney disease,SNOMEDCT_US,48781000175105,Nocturnal dialysis,-,-,narrow,Desc: code 108241001,G,KIDNEYDISEASE,COV
All kidney disease,SNOMEDCT_US,698074000,Sustained low-efficiency dialysis,-,-,narrow,Desc: code 108241001,G,KIDNEYDISEASE,COV
All kidney disease,SNOMEDCT_US,714749008,Continuous renal replacement therapy,-,-,narrow,Desc: code 108241001,G,KIDNEYDISEASE,COV
All kidney disease,SNOMEDCT_US,786451004,Venoarterial extracorporeal membrane oxygenation,-,-,narrow,Desc: code 108241001,G,KIDNEYDISEASE,COV
All kidney disease,SNOMEDCT_US,786452006,Arteriovenous extracorporeal membrane oxygenation,-,-,narrow,Desc: code 108241001,G,KIDNEYDISEASE,COV
All kidney disease,SNOMEDCT_US,786453001,Venovenous extracorporeal membrane oxygenation,-,-,narrow,Desc: code 108241001,G,KIDNEYDISEASE,COV
All kidney disease,SNOMEDCT_US,895382009,Prolonged intermittent renal replacement therapy,-,-,narrow,Desc: code 108241001,G,KIDNEYDISEASE,COV
All kidney disease,SNOMEDCT_US,198708004,Incomplete legal abortion with renal failure,C0156477,"Legally induced abortion, complicated by renal failure, incomplete",narrow,,G,KIDNEYDISEASE,COV
All kidney disease,SNOMEDCT_US,424188009,Idiopathic interstitial tubulonephritis,C1828273,Idiopathic interstitial tubulonephritis,narrow,,G,KIDNEYDISEASE,COV
All kidney disease,SNOMEDCT_US,180273006,Removal of chronic ambulatory peritoneal dialysis catheter,C0405880,Removal of chronic ambulatory peritoneal dialysis catheter,narrow,,G,KIDNEYDISEASE,COV
All kidney disease,SNOMEDCT_US,704055002,Nephropathy induced by amphotericin,C3875310,Nephropathy induced by amphotericin,narrow,,G,KIDNEYDISEASE,COV
All kidney disease,SNOMEDCT_US,197579006,Acute proliferative glomerulonephritis,C0341692,Acute proliferative glomerulonephritis,narrow,,G,KIDNEYDISEASE,COV
All kidney disease,SNOMEDCT_US,351421000119105,Neoplasm of uncertain behavior of left kidney,C2869607,Neoplasm of uncertain behavior of left kidney,possible,,G,KIDNEYDISEASE,COV
All kidney disease,SNOMEDCT_US,197617009,Chronic exudative glomerulonephritis,C0341693,Chronic exudative glomerulonephritis,narrow,,G,KIDNEYDISEASE,COV
All kidney disease,SNOMEDCT_US,351611000119101,Neoplasm of uncertain behavior of right kidney,C2869606,Neoplasm of uncertain behavior of right kidney,possible,,G,KIDNEYDISEASE,COV
All kidney disease,SNOMEDCT_US,9264002,Laceration of kidney with open wound into abdominal cavity,C0273200,Laceration of kidney with open wound into abdominal cavity,narrow,,G,KIDNEYDISEASE,COV
All kidney disease,SNOMEDCT_US,197614002,Chronic rapidly progressive glomerulonephritis,C0341694,Chronic glomerulonephritis with lesion of rapidly progressive glomerulonephritis,narrow,,G,KIDNEYDISEASE,COV
All kidney disease,SNOMEDCT_US,351621000119108,Neoplasm of uncertain behavior of right renal pelvis,C2869609,Neoplasm of uncertain behavior of right renal pelvis,possible,,G,KIDNEYDISEASE,COV
All kidney disease,SNOMEDCT_US,153891000119101,End stage renal disease on dialysis due to hypertension,C3698109,End stage renal disease on dialysis due to hypertension,narrow,,G,KIDNEYDISEASE,COV
All kidney disease,SNOMEDCT_US,238317004,Flushing of chronic ambulatory peritoneal dialysis catheter,C0405884,Flushing of chronic ambulatory peritoneal dialysis catheter,narrow,,G,KIDNEYDISEASE,COV
All kidney disease,SNOMEDCT_US,197584000,Acute focal nephritis,C0341690,Acute focal nephritis,narrow,,G,KIDNEYDISEASE,COV
All kidney disease,SNOMEDCT_US,197583006,Acute exudative nephritis,C0341691,Acute exudative nephritis,narrow,,G,KIDNEYDISEASE,COV
All kidney disease,SNOMEDCT_US,238323009,Night-time intermittent peritoneal dialysis,C0405888,Night-time intermittent peritoneal dialysis,narrow,,G,KIDNEYDISEASE,COV
All kidney disease,SNOMEDCT_US,716094008,Saito Kuba Tsuruta syndrome,C1856727,Saito Kuba Tsuruta syndrome,possible,,G,KIDNEYDISEASE,COV
All kidney disease,SNOMEDCT_US,197593004,"Nephrotic syndrome, minor glomerular abnormality",C0451719,"Nephrotic syndrome, minor glomerular abnormality",narrow,,G,KIDNEYDISEASE,COV
All kidney disease,SNOMEDCT_US,24295008,Chronic non-obstructive atrophic pyelonephritis,C0451718,Non-obstructive reflux-associated chronic pyelonephritis (disorder),narrow,,G,KIDNEYDISEASE,COV
All kidney disease,SNOMEDCT_US,197764002,Non-obstructive reflux-associated chronic pyelonephritis,C0451718,Non-obstructive reflux-associated chronic pyelonephritis (disorder),narrow,,G,KIDNEYDISEASE,COV
All kidney disease,SNOMEDCT_US,199110003,Infections of kidney in pregnancy,C0451717,Infections of kidney in pregnancy,narrow,,G,KIDNEYDISEASE,COV
All kidney disease,SNOMEDCT_US,186235002,Tuberculous nephropathy,C0041328,"Tuberculosis, Renal",narrow,,G,KIDNEYDISEASE,COV
All kidney disease,SNOMEDCT_US,186236001,Tuberculosis of kidney NOS,C0041328,"Tuberculosis, Renal",narrow,,G,KIDNEYDISEASE,COV
All kidney disease,SNOMEDCT_US,44323002,Tuberculosis of kidney,C0041328,"Tuberculosis, Renal",narrow,,G,KIDNEYDISEASE,COV
All kidney disease,SNOMEDCT_US,123610002,Healed glomerulonephritis,C1263745,Healed glomerulonephritis,narrow,,G,KIDNEYDISEASE,COV
All kidney disease,SNOMEDCT_US,123609007,Subacute glomerulonephritis,C1263744,Subacute glomerulonephritis,narrow,,G,KIDNEYDISEASE,COV
All kidney disease,SNOMEDCT_US,1187546002,Renal tubulo-interstitial disorder due to cystinosis,C5569022,Renal tubulo-interstitial disorder due to cystinosis,narrow,,G,KIDNEYDISEASE,COV
All kidney disease,SNOMEDCT_US,123755001,Diffuse pyelonephritis,C1263748,Diffuse pyelonephritis,narrow,,G,KIDNEYDISEASE,COV
All kidney disease,SNOMEDCT_US,773423007,Severe neonatal lactic acidosis due to NFS1-ISD11 complex deficiency,C4750855,Severe neonatal lactic acidosis due to NFS1-ISD11 complex deficiency,narrow,,G,KIDNEYDISEASE,COV
All kidney disease,SNOMEDCT_US,123612005,Healed pyelonephritis,C1263747,Healed pyelonephritis,narrow,,G,KIDNEYDISEASE,COV
All kidney disease,SNOMEDCT_US,123611003,Subacute pyelonephritis,C1263746,Subacute pyelonephritis,narrow,,G,KIDNEYDISEASE,COV
All kidney disease,SNOMEDCT_US,197599000,"Nephrotic syndrome, dense deposit disease",C0451725,"Nephrotic syndrome, dense deposit disease",narrow,,G,KIDNEYDISEASE,COV
All kidney disease,SNOMEDCT_US,197598008,"Nephrotic syndrome, diffuse mesangiocapillary glomerulonephritis",C0451724,"Nephrotic syndrome, diffuse mesangiocapillary glomerulonephritis",narrow,,G,KIDNEYDISEASE,COV
All kidney disease,SNOMEDCT_US,197597003,"Nephrotic syndrome, diffuse endocapillary proliferative glomerulonephritis",C0451723,"Nephrotic syndrome, diffuse endocapillary proliferative glomerulonephritis",narrow,,G,KIDNEYDISEASE,COV
All kidney disease,SNOMEDCT_US,197596007,"Nephrotic syndrome, diffuse mesangial proliferative glomerulonephritis",C0451722,"Nephrotic syndrome, diffuse mesangial proliferative glomerulonephritis",narrow,,G,KIDNEYDISEASE,COV
All kidney disease,SNOMEDCT_US,101711000119105,Glomerulonephritis co-occurrent and due to antineutrophil cytoplasmic antibody positive vasculitis,C4542820,Glomerulonephritis co-occurrent and due to antineutrophil cytoplasmic antibody positive vasculitis,narrow,,G,KIDNEYDISEASE,COV
All kidney disease,SNOMEDCT_US,197595006,"Nephrotic syndrome, diffuse membranous glomerulonephritis",C0451721,"Nephrotic syndrome, diffuse membranous glomerulonephritis",narrow,,G,KIDNEYDISEASE,COV
All kidney disease,SNOMEDCT_US,197594005,"Nephrotic syndrome, focal and segmental glomerular lesions",C0451720,"Nephrotic syndrome, focal and segmental glomerular lesions",narrow,,G,KIDNEYDISEASE,COV
All kidney disease,SNOMEDCT_US,609452007,Induced termination of pregnancy complicated by renal failure,C3662191,Induced termination of pregnancy complicated by renal failure,narrow,,G,KIDNEYDISEASE,COV
All kidney disease,SNOMEDCT_US,421305000,Persistent microalbuminuria due to type 1 diabetes mellitus,C1719929,Persistent microalbuminuria due to type 1 diabetes mellitus,narrow,,G,KIDNEYDISEASE,COV
All kidney disease,SNOMEDCT_US,197690007,"Rapidly progressive nephritic syndrome, minor glomerular abnormality",C0451729,"Rapidly progressive nephritic syndrome, minor glomerular abnormality",narrow,,G,KIDNEYDISEASE,COV
All kidney disease,SNOMEDCT_US,197689003,Rapidly progressive nephritic syndrome,C0451728,Rapidly progressive nephritic syndrome,narrow,,G,KIDNEYDISEASE,COV
All kidney disease,SNOMEDCT_US,197688006,"Acute nephritic syndrome, diffuse crescentic glomerulonephritis",C0451727,"Acute nephritic syndrome, diffuse crescentic glomerulonephritis",narrow,,G,KIDNEYDISEASE,COV
All kidney disease,SNOMEDCT_US,197600002,"Nephrotic syndrome, diffuse crescentic glomerulonephritis",C0451726,"Nephrotic syndrome, diffuse crescentic glomerulonephritis",narrow,,G,KIDNEYDISEASE,COV
All kidney disease,SNOMEDCT_US,314967004,Local recurrence of malignant neoplasm of kidney,C1282480,Local recurrence of malignant neoplasm of kidney,narrow,,G,KIDNEYDISEASE,COV
All kidney disease,SNOMEDCT_US,367571000119109,Hereditary focal and segmental glomerular lesions,C3875378,Hereditary focal and segmental glomerular lesions,narrow,,G,KIDNEYDISEASE,COV
All kidney disease,SNOMEDCT_US,198847005,Renal failure NOS following abortive pregnancy,C0404973,Renal failure following abortive pregnancy,narrow,,G,KIDNEYDISEASE,COV
All kidney disease,SNOMEDCT_US,373916005,Renal failure NOS following abortive pregnancy,C0404973,Renal failure following abortive pregnancy,narrow,,G,KIDNEYDISEASE,COV
All kidney disease,SNOMEDCT_US,198841006,Renal failure following abortive pregnancy,C0404973,Renal failure following abortive pregnancy,narrow,,G,KIDNEYDISEASE,COV
All kidney disease,SNOMEDCT_US,118951003,Drug-induced nephrogenic diabetes insipidus,C1263738,Drug-induced nephrogenic diabetes insipidus,narrow,,G,KIDNEYDISEASE,COV
All kidney disease,SNOMEDCT_US,431501001,Pyelocutaneous fistula,C2316390,Pyelocutaneous fistula,narrow,,G,KIDNEYDISEASE,COV
All kidney disease,SNOMEDCT_US,12202501000119106,Oliguria following procedure,C5396337,Oliguria following procedure,possible,,G,KIDNEYDISEASE,COV
All kidney disease,SNOMEDCT_US,698591006,Benign hypertensive renal disease with renal failure,C0155598,Benign hypertensive renal disease with renal failure,narrow,,G,KIDNEYDISEASE,COV
All kidney disease,SNOMEDCT_US,285011000119108,Chronic kidney disease stage 5 due to benign hypertension,C4040859,Chronic kidney disease stage 5 due to benign hypertension,narrow,,G,KIDNEYDISEASE,COV
All kidney disease,SNOMEDCT_US,65443008,Malignant hypertensive renal disease,C0155593,Malignant hypertensive renal disease,narrow,,G,KIDNEYDISEASE,COV
All kidney disease,SNOMEDCT_US,193003,Benign hypertensive renal disease,C0155596,Benign hypertensive renal disease,narrow,,G,KIDNEYDISEASE,COV
All kidney disease,SNOMEDCT_US,236406007,Acquired immune deficiency syndrome-related nephropathy,C0078911,AIDS-Associated Nephropathy,narrow,,G,KIDNEYDISEASE,COV
All kidney disease,SNOMEDCT_US,20165001,Hyperphosphatemia,C0085681,Hyperphosphatemia (disorder),possible,,G,KIDNEYDISEASE,COV
All kidney disease,SNOMEDCT_US,308751000119106,Glomerular disease due to systemic lupus erythematosus,C4075955,Glomerular disease due to systemic lupus erythematosus,narrow,,G,KIDNEYDISEASE,COV
All kidney disease,SNOMEDCT_US,10697004,Miscarriage complicated by renal failure,C0156435,Miscarriage complicated by renal failure,narrow,,G,KIDNEYDISEASE,COV
All kidney disease,SNOMEDCT_US,93985007,Primary malignant neoplasm of renal pelvis,C1306028,Primary malignant neoplasm of renal pelvis,narrow,,G,KIDNEYDISEASE,COV
All kidney disease,SNOMEDCT_US,1187557007,Glomerular disorder due to amyloidosis,C5569058,Glomerular disorder due to amyloidosis,narrow,,G,KIDNEYDISEASE,COV
All kidney disease,SNOMEDCT_US,368471000119109,End stage renal disease on dialysis due to drug induced diabetes mellitus,C5437830,End stage renal disease on dialysis due to drug induced diabetes mellitus,narrow,,G,KIDNEYDISEASE,COV
All kidney disease,SNOMEDCT_US,1187554000,Glomerular disorder due to neuropathic heredofamilial amyloidosis,C5569059,Glomerular disorder due to neuropathic heredofamilial amyloidosis,narrow,,G,KIDNEYDISEASE,COV
All kidney disease,SNOMEDCT_US,707755000,Familial hypokalaemic and hypomagnesaemic tubulopathy,C3873177,Familial hypokalemic and hypomagnesemic tubulopathy,narrow,,G,KIDNEYDISEASE,COV
All kidney disease,SNOMEDCT_US,237847005,Hyperkalemic acidosis,C0342585,Hyperkalemic acidosis,possible,,G,KIDNEYDISEASE,COV
All kidney disease,SNOMEDCT_US,16726004,Renal osteodystrophy,C0035086,Renal Osteodystrophy,narrow,,G,KIDNEYDISEASE,COV
All kidney disease,SNOMEDCT_US,197668007,Renal osteodystrophy NOS,C0035086,Renal Osteodystrophy,narrow,,G,KIDNEYDISEASE,COV
All kidney disease,SNOMEDCT_US,96751000119106,Hypertensive heart AND chronic kidney disease stage 1,C3697762,Hypertensive heart AND chronic kidney disease stage 1,narrow,,G,KIDNEYDISEASE,COV
All kidney disease,SNOMEDCT_US,22702000,Glomerulitis,C0017657,Glomerulitis (disorder),narrow,,G,KIDNEYDISEASE,COV
All kidney disease,SNOMEDCT_US,197814004,Renal vascular disorders NOS,C0035085,Renal infarction,possible,,G,KIDNEYDISEASE,COV
All kidney disease,SNOMEDCT_US,155904000,Renal infarction,C0035085,Renal infarction,narrow,,G,KIDNEYDISEASE,COV
All kidney disease,SNOMEDCT_US,80274001,Glomerular filtration rate,C0017654,Glomerular Filtration Rate,exclude,,G,KIDNEYDISEASE,COV
All kidney disease,SNOMEDCT_US,236467001,Acquired Fanconi syndrome,C0341702,Acquired Fanconi syndrome,possible,,G,KIDNEYDISEASE,COV
All kidney disease,SNOMEDCT_US,44673006,Amino acid-glucose defective tubular absorption,C0341703,Adult Fanconi syndrome,possible,,G,KIDNEYDISEASE,COV
All kidney disease,SNOMEDCT_US,236468006,Adult Fanconi syndrome,C0341703,Adult Fanconi syndrome,possible,,G,KIDNEYDISEASE,COV
All kidney disease,SNOMEDCT_US,216904007,Foreign object left in body during kidney dialysis,C0418653,Foreign object left in body during kidney dialysis,narrow,,G,KIDNEYDISEASE,COV
All kidney disease,SNOMEDCT_US,197603000,Nephrotic syndrome associated with another disorder,C1663566,Nephrotic syndrome associated with another disorder,narrow,,G,KIDNEYDISEASE,COV
All kidney disease,SNOMEDCT_US,94514000,Metastatic malignant neoplasm to renal pelvis,C0347009,Metastatic malignant neoplasm to renal pelvis,narrow,,G,KIDNEYDISEASE,COV
All kidney disease,SNOMEDCT_US,95580006,Renal artery embolism,C0341708,Renal artery embolism,narrow,,G,KIDNEYDISEASE,COV
All kidney disease,SNOMEDCT_US,116291000119103,Occlusion of renal artery due to embolism,-,-,narrow,Desc: code 95580006,G,KIDNEYDISEASE,COV
All kidney disease,SNOMEDCT_US,1204179003,Acute thromboembolic renal artery occlusion,-,-,narrow,Desc: code 95580006,G,KIDNEYDISEASE,COV
All kidney disease,SNOMEDCT_US,15966701000119103,Atheroembolism of right renal artery,-,-,narrow,Desc: code 95580006,G,KIDNEYDISEASE,COV
All kidney disease,SNOMEDCT_US,15966741000119101,Atheroembolism of bilateral renal arteries,-,-,narrow,Desc: code 95580006,G,KIDNEYDISEASE,COV
All kidney disease,SNOMEDCT_US,15966781000119106,Atheroembolism of left renal artery,-,-,narrow,Desc: code 95580006,G,KIDNEYDISEASE,COV
All kidney disease,SNOMEDCT_US,51677000,Atheroembolism of renal arteries,-,-,narrow,Desc: code 95580006,G,KIDNEYDISEASE,COV
All kidney disease,SNOMEDCT_US,60989005,Thromboembolism of renal arteries,-,-,narrow,Desc: code 95580006,G,KIDNEYDISEASE,COV
All kidney disease,SNOMEDCT_US,1163491000,Glomerular disorder due to infection caused by Schistosoma,C5567323,Glomerular disorder due to infection caused by Schistosoma,narrow,,G,KIDNEYDISEASE,COV
All kidney disease,SNOMEDCT_US,236477004,Glycinuria,C0341706,Glycinuria,narrow,,G,KIDNEYDISEASE,COV
All kidney disease,SNOMEDCT_US,86564006,Renal glycinuria,C0341706,Glycinuria,narrow,,G,KIDNEYDISEASE,COV
All kidney disease,SNOMEDCT_US,190684006,Glycinuria,C0341706,Glycinuria,possible,,G,KIDNEYDISEASE,COV
All kidney disease,SNOMEDCT_US,236487000,Pararenal urinoma,C0341707,Pararenal urinoma,narrow,,G,KIDNEYDISEASE,COV
All kidney disease,SNOMEDCT_US,115500004,Post-dialysis,C1264635,Post-dialysis,narrow,,G,KIDNEYDISEASE,COV
All kidney disease,SNOMEDCT_US,45743004,Duodenorenal fistula,C0267361,Duodenorenal fistula,narrow,,G,KIDNEYDISEASE,COV
All kidney disease,SNOMEDCT_US,115499008,Pre-dialysis,C1264634,Pre-dialysis,narrow,,G,KIDNEYDISEASE,COV
All kidney disease,SNOMEDCT_US,96701000119107,Hypertensive heart AND chronic kidney disease on dialysis,C3697765,Hypertensive heart AND chronic kidney disease on dialysis,narrow,,G,KIDNEYDISEASE,COV
All kidney disease,SNOMEDCT_US,36171008,Glomerulonephritis,C0017658,Glomerulonephritis,narrow,,G,KIDNEYDISEASE,COV
All kidney disease,SNOMEDCT_US,197648001,Unspecified glomerulonephritis NOS,C0017658,Glomerulonephritis,narrow,,G,KIDNEYDISEASE,COV
All kidney disease,SNOMEDCT_US,96711000119105,Hypertensive heart AND chronic kidney disease stage 5,C3697764,Hypertensive heart AND chronic kidney disease stage 5,narrow,,G,KIDNEYDISEASE,COV
All kidney disease,SNOMEDCT_US,96721000119103,Hypertensive heart AND chronic kidney disease stage 4,C3697763,Hypertensive heart AND chronic kidney disease stage 4,narrow,,G,KIDNEYDISEASE,COV
All kidney disease,SNOMEDCT_US,236403004,Focal segmental glomerulosclerosis,C0017668,Focal glomerulosclerosis,narrow,,G,KIDNEYDISEASE,COV
All kidney disease,SNOMEDCT_US,25821008,Focal glomerular sclerosis,C0017668,Focal glomerulosclerosis,narrow,,G,KIDNEYDISEASE,COV
All kidney disease,SNOMEDCT_US,236496000,Acute urate nephropathy,C0341712,Acute urate nephropathy,narrow,,G,KIDNEYDISEASE,COV
All kidney disease,SNOMEDCT_US,77182004,Membranous glomerulonephritis,C0017665,Membranous glomerulonephritis,narrow,,G,KIDNEYDISEASE,COV
All kidney disease,SNOMEDCT_US,197710000,Membranous glomerulonephritis,C0017665,Membranous glomerulonephritis,narrow,,G,KIDNEYDISEASE,COV
All kidney disease,SNOMEDCT_US,236512004,Leukemic infiltrate of kidney,C0341713,Leukemic infiltrate of kidney,narrow,,G,KIDNEYDISEASE,COV
All kidney disease,SNOMEDCT_US,236513009,Lymphoma of kidney,C0341714,Lymphoma of kidney,narrow,,G,KIDNEYDISEASE,COV
All kidney disease,SNOMEDCT_US,197767009,Chronic pyelonephritis NOS,C0085697,Chronic pyelonephritis,narrow,,G,KIDNEYDISEASE,COV
All kidney disease,SNOMEDCT_US,123293005,Chronic pyelonephritis,C0085697,Chronic pyelonephritis,narrow,,G,KIDNEYDISEASE,COV
All kidney disease,SNOMEDCT_US,155861006,Chronic pyonephrosis,C0085697,Chronic pyelonephritis,narrow,,G,KIDNEYDISEASE,COV
All kidney disease,SNOMEDCT_US,266619007,Chronic pyonephrosis,C0085697,Chronic pyelonephritis,narrow,,G,KIDNEYDISEASE,COV
All kidney disease,SNOMEDCT_US,63302006,Chronic pyelonephritis,C0085697,Chronic pyelonephritis,narrow,,G,KIDNEYDISEASE,COV
All kidney disease,SNOMEDCT_US,266553002,Renal failure unspecified,C0035078,Kidney Failure,narrow,,G,KIDNEYDISEASE,COV
All kidney disease,SNOMEDCT_US,156092003,Renal failure,C0035078,Kidney Failure,narrow,,G,KIDNEYDISEASE,COV
All kidney disease,SNOMEDCT_US,197656003,Uraemia NOS,C0035078,Kidney Failure,narrow,,G,KIDNEYDISEASE,COV
All kidney disease,SNOMEDCT_US,266616000,Uraemia NOS,C0035078,Kidney Failure,narrow,,G,KIDNEYDISEASE,COV
All kidney disease,SNOMEDCT_US,42399005,Renal failure syndrome,C0035078,Kidney Failure,narrow,,G,KIDNEYDISEASE,COV
All kidney disease,SNOMEDCT_US,198524000,Renal failure,C0035078,Kidney Failure,narrow,,G,KIDNEYDISEASE,COV
All kidney disease,SNOMEDCT_US,68779003,Primary IgA nephropathy,C0017661,IGA Glomerulonephritis,narrow,,G,KIDNEYDISEASE,COV
All kidney disease,SNOMEDCT_US,236407003,IgA nephropathy,C0017661,IGA Glomerulonephritis,narrow,,G,KIDNEYDISEASE,COV
All kidney disease,SNOMEDCT_US,80321008,Mesangiocapillary glomerulonephritis,C0017662,"Glomerulonephritis, Membranoproliferative",narrow,,G,KIDNEYDISEASE,COV
All kidney disease,SNOMEDCT_US,213258001,Postoperative hypovolemic shock,C0340863,Postoperative hypovolemic shock,possible,,G,KIDNEYDISEASE,COV
All kidney disease,SNOMEDCT_US,236590008,Cytomegalovirus-induced glomerulonephritis,C0341719,Cytomegalovirus-induced glomerulonephritis,narrow,,G,KIDNEYDISEASE,COV
All kidney disease,SNOMEDCT_US,236541008,Hyperchloremic acidosis associated with dialysis,C0341715,Hyperchloremic acidosis associated with dialysis,narrow,,G,KIDNEYDISEASE,COV
All kidney disease,SNOMEDCT_US,88351001,Hypercalcemia associated with chronic dialysis,C0341716,Hypercalcemia associated with chronic dialysis,narrow,,G,KIDNEYDISEASE,COV
All kidney disease,SNOMEDCT_US,1163484003,Glomerular disorder due to Strongyloides infection,C5567336,Glomerular disorder due to Strongyloides infection,narrow,,G,KIDNEYDISEASE,COV
All kidney disease,SNOMEDCT_US,1148876001,Glomerular disease due to familial hematuria,C5546885,Glomerular disease due to familial hematuria,narrow,,G,KIDNEYDISEASE,COV
All kidney disease,SNOMEDCT_US,1148871006,Glomerular disease due to Finnish type congenital nephrotic syndrome,C5546886,Glomerular disease due to Finnish type congenital nephrotic syndrome,narrow,,G,KIDNEYDISEASE,COV
All kidney disease,SNOMEDCT_US,1148873009,Glomerular disease due to hematological disease,C5546887,Glomerular disease due to hematological disease,narrow,,G,KIDNEYDISEASE,COV
All kidney disease,SNOMEDCT_US,1148867008,Glomerular disease due to mitochondrial cytopathy,C5546889,Glomerular disease due to mitochondrial cytopathy,narrow,,G,KIDNEYDISEASE,COV
All kidney disease,SNOMEDCT_US,166716007,Serum creatinine within reference range,C0438244,Serum creatinine within reference range,exclude,,G,KIDNEYDISEASE,COV
All kidney disease,SNOMEDCT_US,778025006,Atypical hypotonia cystinuria syndrome,C4755274,Atypical hypotonia cystinuria syndrome,possible,,G,KIDNEYDISEASE,COV
All kidney disease,SNOMEDCT_US,166714005,Serum creatinine outside reference range,C0438243,Serum creatinine outside reference range,possible,,G,KIDNEYDISEASE,COV
All kidney disease,SNOMEDCT_US,236593005,Acquired hydronephrosis,C0341722,Acquired hydronephrosis,narrow,,G,KIDNEYDISEASE,COV
All kidney disease,SNOMEDCT_US,307414005,Haematuria NOS,C0018965,Hematuria,possible,,G,KIDNEYDISEASE,COV
All kidney disease,SNOMEDCT_US,267167006,Blood - urine - symptom,C0018965,Hematuria,possible,,G,KIDNEYDISEASE,COV
All kidney disease,SNOMEDCT_US,267168001,Blood in urine - haematuria,C0018965,Hematuria,possible,,G,KIDNEYDISEASE,COV
All kidney disease,SNOMEDCT_US,53298000,Hematuria syndrome,C0018965,Hematuria,possible,,G,KIDNEYDISEASE,COV
All kidney disease,SNOMEDCT_US,1148864001,Intermittent microscopic hematuria,-,-,possible,Desc: code 53298000,G,KIDNEYDISEASE,COV
All kidney disease,SNOMEDCT_US,1148922000,Intermittent frank hematuria,-,-,possible,Desc: code 53298000,G,KIDNEYDISEASE,COV
All kidney disease,SNOMEDCT_US,16698651000119109,Asymptomatic microscopic hematuria,-,-,possible,Desc: code 53298000,G,KIDNEYDISEASE,COV
All kidney disease,SNOMEDCT_US,197938001,Painless hematuria,-,-,possible,Desc: code 53298000,G,KIDNEYDISEASE,COV
All kidney disease,SNOMEDCT_US,197939009,Painful hematuria,-,-,possible,Desc: code 53298000,G,KIDNEYDISEASE,COV
All kidney disease,SNOMEDCT_US,197940006,Microscopic hematuria,-,-,possible,Desc: code 53298000,G,KIDNEYDISEASE,COV
All kidney disease,SNOMEDCT_US,197941005,Frank hematuria,-,-,possible,Desc: code 53298000,G,KIDNEYDISEASE,COV
All kidney disease,SNOMEDCT_US,197942003,Clot hematuria,-,-,possible,Desc: code 53298000,G,KIDNEYDISEASE,COV
All kidney disease,SNOMEDCT_US,20407004,Benign hematuria,-,-,possible,Desc: code 53298000,G,KIDNEYDISEASE,COV
All kidney disease,SNOMEDCT_US,236717007,Upper urinary tract hematuria,-,-,possible,Desc: code 53298000,G,KIDNEYDISEASE,COV
All kidney disease,SNOMEDCT_US,236718002,Chemical hematuria,-,-,possible,Desc: code 53298000,G,KIDNEYDISEASE,COV
All kidney disease,SNOMEDCT_US,281855006,Persistent frank hematuria,-,-,possible,Desc: code 53298000,G,KIDNEYDISEASE,COV
All kidney disease,SNOMEDCT_US,281856007,Recurrent frank hematuria,-,-,possible,Desc: code 53298000,G,KIDNEYDISEASE,COV
All kidney disease,SNOMEDCT_US,281857003,Persistent microscopic hematuria,-,-,possible,Desc: code 53298000,G,KIDNEYDISEASE,COV
All kidney disease,SNOMEDCT_US,281858008,Recurrent microscopic hematuria,-,-,possible,Desc: code 53298000,G,KIDNEYDISEASE,COV
All kidney disease,SNOMEDCT_US,281859000,Persistent hematuria,-,-,possible,Desc: code 53298000,G,KIDNEYDISEASE,COV
All kidney disease,SNOMEDCT_US,281860005,Recurrent hematuria,-,-,possible,Desc: code 53298000,G,KIDNEYDISEASE,COV
All kidney disease,SNOMEDCT_US,314280007,Hematuria of undiagnosed cause,-,-,possible,Desc: code 53298000,G,KIDNEYDISEASE,COV
All kidney disease,SNOMEDCT_US,366941000119107,Hematuria co-occurrent and due to acute cystitis,-,-,possible,Desc: code 53298000,G,KIDNEYDISEASE,COV
All kidney disease,SNOMEDCT_US,367011000119109,Benign essential microscopic hematuria,-,-,possible,Desc: code 53298000,G,KIDNEYDISEASE,COV
All kidney disease,SNOMEDCT_US,367171000119100,Hematuria co-occurrent and due to cystitis,-,-,possible,Desc: code 53298000,G,KIDNEYDISEASE,COV
All kidney disease,SNOMEDCT_US,368371000119102,Hematuria co-occurrent and due to trigonitis,-,-,possible,Desc: code 53298000,G,KIDNEYDISEASE,COV
All kidney disease,SNOMEDCT_US,368971000119101,Hematuria co-occurrent and due to chronic cystitis,-,-,possible,Desc: code 53298000,G,KIDNEYDISEASE,COV
All kidney disease,SNOMEDCT_US,714819001,Recurrent hematuria co-occurrent and due to diffuse mesangiocapillary glomerulonephritis,-,-,possible,Desc: code 53298000,G,KIDNEYDISEASE,COV
All kidney disease,SNOMEDCT_US,714820007,Persistent hematuria co-occurrent and due to diffuse mesangiocapillary glomerulonephritis,-,-,possible,Desc: code 53298000,G,KIDNEYDISEASE,COV
All kidney disease,SNOMEDCT_US,714821006,Recurrent hematuria co-occurrent and due to diffuse membranous glomerulonephritis,-,-,possible,Desc: code 53298000,G,KIDNEYDISEASE,COV
All kidney disease,SNOMEDCT_US,714822004,Persistent hematuria co-occurrent and due to diffuse membranous glomerulonephritis,-,-,possible,Desc: code 53298000,G,KIDNEYDISEASE,COV
All kidney disease,SNOMEDCT_US,714823009,Recurrent hematuria co-occurrent and due to minor glomerular abnormality,-,-,possible,Desc: code 53298000,G,KIDNEYDISEASE,COV
All kidney disease,SNOMEDCT_US,714824003,Persistent hematuria co-occurrent and due to minor glomerular abnormality,-,-,possible,Desc: code 53298000,G,KIDNEYDISEASE,COV
All kidney disease,SNOMEDCT_US,714825002,Recurrent hematuria co-occurrent and due to diffuse mesangial proliferative glomerulonephritis,-,-,possible,Desc: code 53298000,G,KIDNEYDISEASE,COV
All kidney disease,SNOMEDCT_US,714826001,Persistent hematuria co-occurrent and due to diffuse mesangial proliferative glomerulonephritis,-,-,possible,Desc: code 53298000,G,KIDNEYDISEASE,COV
All kidney disease,SNOMEDCT_US,714827005,Recurrent hematuria co-occurrent and due to focal and segmental glomerular lesions,-,-,possible,Desc: code 53298000,G,KIDNEYDISEASE,COV
All kidney disease,SNOMEDCT_US,714828000,Persistent hematuria co-occurrent and due to focal and segmental glomerular lesions,-,-,possible,Desc: code 53298000,G,KIDNEYDISEASE,COV
All kidney disease,SNOMEDCT_US,719551008,Hematuria due to radiation cystitis,-,-,possible,Desc: code 53298000,G,KIDNEYDISEASE,COV
All kidney disease,SNOMEDCT_US,86208007,Loin pain-hematuria syndrome,-,-,possible,Desc: code 53298000,G,KIDNEYDISEASE,COV
All kidney disease,SNOMEDCT_US,95567008,Traumatic hematuria,-,-,possible,Desc: code 53298000,G,KIDNEYDISEASE,COV
All kidney disease,SNOMEDCT_US,197937006,Haematuria,C0018965,Hematuria,possible,,G,KIDNEYDISEASE,COV
All kidney disease,SNOMEDCT_US,139414003,Blood - urine - symptom,C0018965,Hematuria,possible,,G,KIDNEYDISEASE,COV
All kidney disease,SNOMEDCT_US,266568001,Haematuria,C0018965,Hematuria,possible,,G,KIDNEYDISEASE,COV
All kidney disease,SNOMEDCT_US,267066000,Blood in urine - haematuria,C0018965,Hematuria,possible,,G,KIDNEYDISEASE,COV
All kidney disease,SNOMEDCT_US,162136002,Blood in urine - haematuria,C0018965,Hematuria,possible,,G,KIDNEYDISEASE,COV
All kidney disease,SNOMEDCT_US,34436003,Blood in urine,C0018965,Hematuria,possible,,G,KIDNEYDISEASE,COV
All kidney disease,SNOMEDCT_US,271349002,Urine microscopy:RBC's present,-,-,possible,Desc: code 34436003,G,KIDNEYDISEASE,COV
All kidney disease,SNOMEDCT_US,37771000087101,Blood clots in urine,-,-,possible,Desc: code 34436003,G,KIDNEYDISEASE,COV
All kidney disease,SNOMEDCT_US,139416001,Blood in urine - haematuria,C0018965,Hematuria,possible,,G,KIDNEYDISEASE,COV
All kidney disease,SNOMEDCT_US,155895005,Haematuria NOS,C0018965,Hematuria,possible,,G,KIDNEYDISEASE,COV
All kidney disease,SNOMEDCT_US,266560008,Acquired ureterocele,C0341723,Acquired ureterocele,possible,,G,KIDNEYDISEASE,COV
All kidney disease,SNOMEDCT_US,735430007,Irregularly contracted kidney,C4543727,Irregularly contracted kidney,narrow,,G,KIDNEYDISEASE,COV
All kidney disease,SNOMEDCT_US,236599009,Schistosomiasis of ureter,C0341724,Schistosomiasis of ureter,exclude,,G,KIDNEYDISEASE,COV
All kidney disease,SNOMEDCT_US,236600007,Candida ureteritis,C0341725,Candida ureteritis,exclude,,G,KIDNEYDISEASE,COV
All kidney disease,SNOMEDCT_US,816156006,Relative hypovolemia,C0340871,Relative hypovolemia,narrow,,G,KIDNEYDISEASE,COV
All kidney disease,SNOMEDCT_US,234179006,Relative hypovolaemia,C0340871,Relative hypovolemia,narrow,,G,KIDNEYDISEASE,COV
All kidney disease,SNOMEDCT_US,225282005,Washing back through hemodialysis lines,C0475666,Washing back through hemodialysis lines,narrow,,G,KIDNEYDISEASE,COV
All kidney disease,SNOMEDCT_US,190894003,Isonatremic dehydration,C0340872,Isonatremic dehydration,possible,,G,KIDNEYDISEASE,COV
All kidney disease,SNOMEDCT_US,722759007,Glomerulopathy with fibronectin deposits 2,C1866075,GLOMERULOPATHY WITH FIBRONECTIN DEPOSITS 2 (disorder),narrow,,G,KIDNEYDISEASE,COV
All kidney disease,SNOMEDCT_US,1148869006,Glomerular disease due to neoplastic disease,C5546890,Glomerular disease due to neoplastic disease,narrow,,G,KIDNEYDISEASE,COV
All kidney disease,SNOMEDCT_US,440512006,Biopsy of transplanted kidney using ultrasound guidance,C2586035,Biopsy of transplanted kidney using ultrasound guidance,possible,,G,KIDNEYDISEASE,COV
All kidney disease,SNOMEDCT_US,54155004,Illegal abortion with uraemia,C0269528,Illegal abortion with uremia,possible,,G,KIDNEYDISEASE,COV
All kidney disease,SNOMEDCT_US,197819009,Periureteritis,C0341726,Periureteritis,possible,,G,KIDNEYDISEASE,COV
All kidney disease,SNOMEDCT_US,4451004,Illegal abortion with renal tubular necrosis,C0269527,Illegal abortion with renal tubular necrosis,narrow,,G,KIDNEYDISEASE,COV
All kidney disease,SNOMEDCT_US,428118009,Procedure involving peritoneal dialysis catheter,C1997302,Procedure involving peritoneal dialysis catheter,narrow,,G,KIDNEYDISEASE,COV
All kidney disease,SNOMEDCT_US,1172563000,Insertion of peritoneal dialysis catheter,-,-,narrow,Desc: code 428118009,G,KIDNEYDISEASE,COV
All kidney disease,SNOMEDCT_US,1196993005,Imaging guided repositioning of peritoneal dialysis catheter,-,-,narrow,Desc: code 428118009,G,KIDNEYDISEASE,COV
All kidney disease,SNOMEDCT_US,1258878005,Irrigation of Tenckhoff catheter,-,-,narrow,Desc: code 428118009,G,KIDNEYDISEASE,COV
All kidney disease,SNOMEDCT_US,1268674007,Surgical removal of peritoneal dialysis catheter,-,-,narrow,Desc: code 428118009,G,KIDNEYDISEASE,COV
All kidney disease,SNOMEDCT_US,1362009006,Intraperitoneal parenteral nutrition,-,-,narrow,Desc: code 428118009,G,KIDNEYDISEASE,COV
All kidney disease,SNOMEDCT_US,438342006,Replacement of peritoneal dialysis catheter,-,-,narrow,Desc: code 428118009,G,KIDNEYDISEASE,COV
All kidney disease,SNOMEDCT_US,439534001,Shaving of peritoneal dialysis catheter cuff,-,-,narrow,Desc: code 428118009,G,KIDNEYDISEASE,COV
All kidney disease,SNOMEDCT_US,448591002,Repositioning of Tenckhoff catheter,-,-,narrow,Desc: code 428118009,G,KIDNEYDISEASE,COV
All kidney disease,SNOMEDCT_US,708988001,Laparoscopic repositioning of Tenckhoff catheter,-,-,narrow,Desc: code 428118009,G,KIDNEYDISEASE,COV
All kidney disease,SNOMEDCT_US,1187507004,Immunoglobulin G4 related kidney disease,C5392056,IgG4-Related Kidney Disease,narrow,,G,KIDNEYDISEASE,COV
All kidney disease,SNOMEDCT_US,33561005,Illegal abortion with acute renal failure,C0269526,Illegal abortion with acute renal failure,narrow,,G,KIDNEYDISEASE,COV
All kidney disease,SNOMEDCT_US,6134000,Illegal abortion with oliguria,C0269525,Illegal abortion with oliguria,possible,,G,KIDNEYDISEASE,COV
All kidney disease,SNOMEDCT_US,198735008,Unspecified illegal abortion with renal failure,C0269524,"Illegally induced abortion, complicated by renal failure, unspecified",narrow,,G,KIDNEYDISEASE,COV
All kidney disease,SNOMEDCT_US,8996006,Illegal abortion complicated by renal failure,C0269524,"Illegally induced abortion, complicated by renal failure, unspecified",narrow,,G,KIDNEYDISEASE,COV
All kidney disease,SNOMEDCT_US,711531007,Focal mesangial proliferative glomerulonephritis,C4039834,Focal mesangial proliferative glomerulonephritis,narrow,,G,KIDNEYDISEASE,COV
All kidney disease,SNOMEDCT_US,609455009,Induced termination of pregnancy complicated by acute renal failure,C3662203,Induced termination of pregnancy complicated by acute renal failure,narrow,,G,KIDNEYDISEASE,COV
All kidney disease,SNOMEDCT_US,462933006,Peritoneal dialysis system tubing set,C3878433,Peritoneal dialysis system tubing set,narrow,,G,KIDNEYDISEASE,COV
All kidney disease,SNOMEDCT_US,816155005,Absolute hypovolemia,C0340870,Absolute hypovolemia,exclude,,G,KIDNEYDISEASE,COV
All kidney disease,SNOMEDCT_US,234178003,Absolute hypovolaemia,C0340870,Absolute hypovolemia,exclude,,G,KIDNEYDISEASE,COV
All kidney disease,SNOMEDCT_US,420715001,Persistent microalbuminuria due to type 2 diabetes mellitus,C1720102,Persistent microalbuminuria due to type 2 diabetes mellitus,narrow,,G,KIDNEYDISEASE,COV
All kidney disease,SNOMEDCT_US,236608000,Extravasation of urine from ureter,C0341730,Extravasation of urine from ureter,exclude,,G,KIDNEYDISEASE,COV
All kidney disease,SNOMEDCT_US,236609008,Paraureteric urinoma,C0341731,Paraureteric urinoma,exclude,,G,KIDNEYDISEASE,COV
All kidney disease,SNOMEDCT_US,154763008,Hypovolaemia,C0546884,Hypovolemia,possible,,G,KIDNEYDISEASE,COV
All kidney disease,SNOMEDCT_US,28560003,Depletion of volume of plasma AND/OR extracellular fluid,C0546884,Hypovolemia,narrow,,G,KIDNEYDISEASE,COV
All kidney disease,SNOMEDCT_US,190895002,Hypovolaemia,C0546884,Hypovolemia,possible,,G,KIDNEYDISEASE,COV
All kidney disease,SNOMEDCT_US,190897005,Volume depletion NOS,C0546884,Hypovolemia,possible,,G,KIDNEYDISEASE,COV
All kidney disease,SNOMEDCT_US,816082000,Hypovolemia,C0546884,Hypovolemia,exclude,,G,KIDNEYDISEASE,COV
All kidney disease,SNOMEDCT_US,764856008,Acquired cystic disease associated renal cell carcinoma,C4707179,Acquired cystic disease associated renal cell carcinoma,narrow,,G,KIDNEYDISEASE,COV
All kidney disease,SNOMEDCT_US,721970009,Persistent Mullerian derivative with lymphangiectasia and polydactyly syndrome,C4302916,Persistent Mullerian derivative with lymphangiectasia and polydactyly syndrome,possible,,G,KIDNEYDISEASE,COV
All kidney disease,SNOMEDCT_US,445388002,Autosomal recessive focal segmental glomerulosclerosis,C2919887,Autosomal recessive focal segmental glomerulosclerosis,narrow,,G,KIDNEYDISEASE,COV
All kidney disease,SNOMEDCT_US,80119007,Pericarditis secondary to uremia,C0265152,Pericarditis secondary to uremia,possible,,G,KIDNEYDISEASE,COV
All kidney disease,SNOMEDCT_US,423322005,Recurrent obstructive pyelonephritis,C1827727,Recurrent obstructive pyelonephritis,narrow,,G,KIDNEYDISEASE,COV
All kidney disease,SNOMEDCT_US,11798461000119103,Traumatic hematoma of left kidney,C5230069,Traumatic hematoma of left kidney,possible,,G,KIDNEYDISEASE,COV
All kidney disease,SNOMEDCT_US,700107006,Bartter syndrome antenatal type 1,C1866495,"Bartter syndrome, antenatal type 1",narrow,,G,KIDNEYDISEASE,COV
All kidney disease,SNOMEDCT_US,152210002,Renal transplant planned,C0580729,Renal transplant planned,narrow,,G,KIDNEYDISEASE,COV
All kidney disease,SNOMEDCT_US,183985008,Renal transplant planned,C0580729,Renal transplant planned,narrow,,G,KIDNEYDISEASE,COV
All kidney disease,SNOMEDCT_US,236576005,Acute rejection of renal transplant - grade II,C0403590,Acute rejection of renal transplant - grade II,narrow,,G,KIDNEYDISEASE,COV
All kidney disease,SNOMEDCT_US,190506003,Bartter's syndrome,C0004775,Bartter Disease,narrow,,G,KIDNEYDISEASE,COV
All kidney disease,SNOMEDCT_US,71275003,Aldosteronism with hyperplasia of the adrenal cortex,C0004775,Bartter Disease,narrow,,G,KIDNEYDISEASE,COV
All kidney disease,SNOMEDCT_US,707742001,Bartter syndrome,C0004775,Bartter Disease,narrow,,G,KIDNEYDISEASE,COV
All kidney disease,SNOMEDCT_US,236465009,Bartter's syndrome with hypercalciuria and nephrocalcinosis,C0004775,Bartter Disease,narrow,,G,KIDNEYDISEASE,COV
All kidney disease,SNOMEDCT_US,236577001,Acute rejection of renal transplant - grade III,C0403591,Acute rejection of renal transplant - grade III,narrow,,G,KIDNEYDISEASE,COV
All kidney disease,SNOMEDCT_US,236580000,Chronic rejection of renal transplant - grade II,C0403594,Chronic rejection of renal transplant - grade II,narrow,,G,KIDNEYDISEASE,COV
All kidney disease,SNOMEDCT_US,236581001,Chronic rejection of renal transplant - grade III,C0403595,Chronic rejection of renal transplant - grade III,narrow,,G,KIDNEYDISEASE,COV
All kidney disease,SNOMEDCT_US,236578006,Chronic rejection of renal transplant,C0403592,Chronic rejection of renal transplant,narrow,,G,KIDNEYDISEASE,COV
All kidney disease,SNOMEDCT_US,236579003,Chronic rejection of renal transplant - grade I,C0403593,Chronic rejection of renal transplant - grade I,narrow,,G,KIDNEYDISEASE,COV
All kidney disease,SNOMEDCT_US,236584009,Perfusion injury of renal transplant,C0403598,Perfusion injury of renal transplant,narrow,,G,KIDNEYDISEASE,COV
All kidney disease,SNOMEDCT_US,236582008,Acute-on-chronic rejection of renal transplant,C0403596,Acute-on-chronic rejection of renal transplant,narrow,,G,KIDNEYDISEASE,COV
All kidney disease,SNOMEDCT_US,236583003,Failed renal transplant,C0403597,Failed renal transplant,narrow,,G,KIDNEYDISEASE,COV
All kidney disease,SNOMEDCT_US,720519003,"Atherosclerosis, deafness, diabetes, epilepsy, nephropathy syndrome",C2931125,Feigenbaum Bergeron Richardson syndrome,possible,,G,KIDNEYDISEASE,COV
All kidney disease,SNOMEDCT_US,27174002,Pyelitis,C0034183,Pyelitis,possible,,G,KIDNEYDISEASE,COV
All kidney disease,SNOMEDCT_US,197780007,Pyelitis unspecified,C0034183,Pyelitis,narrow,,G,KIDNEYDISEASE,COV
All kidney disease,SNOMEDCT_US,197779009,Pyelonephritis unspecified,C0034186,Pyelonephritis,narrow,,G,KIDNEYDISEASE,COV
All kidney disease,SNOMEDCT_US,197784003,Unspecified pyelonephritis NOS,C0034186,Pyelonephritis,narrow,,G,KIDNEYDISEASE,COV
All kidney disease,SNOMEDCT_US,45816000,Pyelonephritis,C0034186,Pyelonephritis,narrow,,G,KIDNEYDISEASE,COV
All kidney disease,SNOMEDCT_US,194778009,Benign hypertensive heart and renal disease,C0155607,Benign hypertensive heart AND renal disease,narrow,,G,KIDNEYDISEASE,COV
All kidney disease,SNOMEDCT_US,66052004,Benign hypertensive heart AND renal disease,C0155607,Benign hypertensive heart AND renal disease,narrow,,G,KIDNEYDISEASE,COV
All kidney disease,SNOMEDCT_US,197777006,Xanthogranulomatous pyelonephritis,C0034188,"Pyelonephritis, Xanthogranulomatous",narrow,,G,KIDNEYDISEASE,COV
All kidney disease,SNOMEDCT_US,38898003,Xanthogranulomatous pyelonephritis,C0034188,"Pyelonephritis, Xanthogranulomatous",narrow,,G,KIDNEYDISEASE,COV
All kidney disease,SNOMEDCT_US,86234004,Hypertensive heart AND renal disease,C0155601,Hypertensive heart and renal disease,narrow,,G,KIDNEYDISEASE,COV
All kidney disease,SNOMEDCT_US,155299005,Hypertensive heart and renal disease,C0155601,Hypertensive heart and renal disease,narrow,,G,KIDNEYDISEASE,COV
All kidney disease,SNOMEDCT_US,194776008,Hypertensive heart and renal disease,C0155601,Hypertensive heart and renal disease,narrow,,G,KIDNEYDISEASE,COV
All kidney disease,SNOMEDCT_US,194782006,Hypertensive heart and renal disease NOS,C0155601,Hypertensive heart and renal disease,narrow,,G,KIDNEYDISEASE,COV
All kidney disease,SNOMEDCT_US,194777004,Malignant hypertensive heart and renal disease,C0155602,Malignant hypertensive heart AND renal disease,narrow,,G,KIDNEYDISEASE,COV
All kidney disease,SNOMEDCT_US,66610008,Malignant hypertensive heart AND renal disease,C0155602,Malignant hypertensive heart AND renal disease,narrow,,G,KIDNEYDISEASE,COV
All kidney disease,SNOMEDCT_US,1592005,Failed attempted termination of pregnancy with uremia,C0269579,Failed attempted termination of pregnancy with uremia,narrow,,G,KIDNEYDISEASE,COV
All kidney disease,SNOMEDCT_US,234485006,Epstein's macrothrombocytopenia syndrome,C0398641,Epstein syndrome (disorder),possible,,G,KIDNEYDISEASE,COV
All kidney disease,SNOMEDCT_US,77186001,Failed attempted termination of pregnancy with renal tubular necrosis,C0269578,Failed attempted termination of pregnancy with renal tubular necrosis,narrow,,G,KIDNEYDISEASE,COV
All kidney disease,SNOMEDCT_US,17380002,Failed attempted termination of pregnancy with acute renal failure,C0269577,Failed attempted termination of pregnancy with acute renal failure,narrow,,G,KIDNEYDISEASE,COV
All kidney disease,SNOMEDCT_US,21334005,Failed attempted termination of pregnancy with oliguria,C0269576,Failed attempted termination of pregnancy with oliguria,possible,,G,KIDNEYDISEASE,COV
All kidney disease,SNOMEDCT_US,269698004,Mechanical failure of instrument or apparatus during kidney dialysis,C0418609,Mechanical failure of instrument or apparatus during kidney dialysis,narrow,,G,KIDNEYDISEASE,COV
All kidney disease,SNOMEDCT_US,216978006,Mechanical failure of apparatus during renal dialysis,C0418609,Mechanical failure of instrument or apparatus during kidney dialysis,narrow,,G,KIDNEYDISEASE,COV
All kidney disease,SNOMEDCT_US,19034001,Hyperparathyroidism due to renal insufficiency,C0271847,Hyperparathyroidism due to renal insufficiency,narrow,,G,KIDNEYDISEASE,COV
All kidney disease,SNOMEDCT_US,16218721000119107,Hyperparathyroidism due to end stage renal disease on dialysis,-,-,narrow,Desc: code 19034001,G,KIDNEYDISEASE,COV
All kidney disease,SNOMEDCT_US,31298003,Secondary hyperparathyroidism of renal origin,C0271847,Hyperparathyroidism due to renal insufficiency,narrow,,G,KIDNEYDISEASE,COV
All kidney disease,SNOMEDCT_US,722231005,Perlman syndrome,C0796113,"Nephroblastomatosis, fetal ascites, macrosomia and Wilms tumor",narrow,,G,KIDNEYDISEASE,COV
All kidney disease,SNOMEDCT_US,11798411000119101,Traumatic hematoma of right kidney,C5230070,Traumatic hematoma of right kidney,possible,,G,KIDNEYDISEASE,COV
All kidney disease,SNOMEDCT_US,37779008,Pyelitis cystica,C0259778,Pyelitis cystica,possible,,G,KIDNEYDISEASE,COV
All kidney disease,SNOMEDCT_US,197776002,Ureteritis cystica,C0259777,Ureteritis cystica,possible,,G,KIDNEYDISEASE,COV
All kidney disease,SNOMEDCT_US,168043000,Phosphate kidney stone,C0555782,Phosphate kidney stone,possible,,G,KIDNEYDISEASE,COV
All kidney disease,SNOMEDCT_US,275893001,Phosphate kidney stone,C0555782,Phosphate kidney stone,possible,,G,KIDNEYDISEASE,COV
All kidney disease,SNOMEDCT_US,145273008,Phosphate kidney stone,C0555782,Phosphate kidney stone,possible,,G,KIDNEYDISEASE,COV
All kidney disease,SNOMEDCT_US,735475005,Renal hypocalciuria,C4543765,Renal hypocalciuria,narrow,,G,KIDNEYDISEASE,COV
All kidney disease,SNOMEDCT_US,829971006,Non-amyloid monoclonal immunoglobulin deposition disease,C5394673,Non-amyloid monoclonal immunoglobulin deposition disease,narrow,,G,KIDNEYDISEASE,COV
All kidney disease,SNOMEDCT_US,216933008,Failure of sterile precautions during kidney dialysis,C0418638,Failure of sterile precautions during kidney dialysis,narrow,,G,KIDNEYDISEASE,COV
All kidney disease,SNOMEDCT_US,16705321000119109,Neoplasm of right kidney,C5192515,Neoplasm of right kidney,possible,,G,KIDNEYDISEASE,COV
All kidney disease,SNOMEDCT_US,771266007,"Torticollis, keloids, cryptorchidism, renal dysplasia syndrome",C4749808,"Torticollis, keloids, cryptorchidism, renal dysplasia syndrome",possible,,G,KIDNEYDISEASE,COV
All kidney disease,SNOMEDCT_US,16705361000119104,Neoplasm of left kidney,C5192514,Neoplasm of left kidney,possible,,G,KIDNEYDISEASE,COV
All kidney disease,SNOMEDCT_US,709044004,Chronic kidney disease,C1561643,Chronic Kidney Diseases,narrow,,G,KIDNEYDISEASE,COV
All kidney disease,SNOMEDCT_US,236425005,Chronic kidney disease,C1561643,Chronic Kidney Diseases,narrow,,G,KIDNEYDISEASE,COV
All kidney disease,SNOMEDCT_US,81896006,Dysmorphic sialidosis with renal involvement,C0268232,Nephrosialidosis,narrow,,G,KIDNEYDISEASE,COV
All kidney disease,SNOMEDCT_US,207182009,[D]Anuria,C0003460,Anuria,possible,,G,KIDNEYDISEASE,COV
All kidney disease,SNOMEDCT_US,2472002,Anuria,C0003460,Anuria,possible,,G,KIDNEYDISEASE,COV
All kidney disease,SNOMEDCT_US,139460001,Anuria,C0003460,Anuria,possible,,G,KIDNEYDISEASE,COV
All kidney disease,SNOMEDCT_US,158479000,[D]Anuria,C0003460,Anuria,possible,,G,KIDNEYDISEASE,COV
All kidney disease,SNOMEDCT_US,766765009,Radio-renal syndrome,C2931146,Radio renal syndrome,possible,,G,KIDNEYDISEASE,COV
All kidney disease,SNOMEDCT_US,1081801000112104,Acute nephrotic syndrome,C5191662,Acute nephrotic syndrome,narrow,,G,KIDNEYDISEASE,COV
All kidney disease,SNOMEDCT_US,193322004,New partial retinal detachment with retinal dialysis,C0339454,New partial retinal detachment with retinal dialysis,exclude,,G,KIDNEYDISEASE,COV
All kidney disease,SNOMEDCT_US,307309005,Transient acute renal failure,C0585184,Transient acute renal failure,narrow,,G,KIDNEYDISEASE,COV
All kidney disease,SNOMEDCT_US,28191000119109,Chronic nephritic syndrome with membranous glomerulonephritis,C4038956,Chronic nephritic syndrome with membranous glomerulonephritis,narrow,,G,KIDNEYDISEASE,COV
All kidney disease,SNOMEDCT_US,775909002,"Congenital neutropenia, myelofibrosis, nephromegaly syndrome",C4755251,"Congenital neutropenia, myelofibrosis, nephromegaly syndrome",possible,,G,KIDNEYDISEASE,COV
All kidney disease,SNOMEDCT_US,427784006,Hypernatremic dehydration,C1850544,Hypernatremic dehydration,narrow,,G,KIDNEYDISEASE,COV
All kidney disease,SNOMEDCT_US,722433005,Dyschondrosteosis and nephritis syndrome,C4302549,Dyschondrosteosis and nephritis syndrome,narrow,,G,KIDNEYDISEASE,COV
All kidney disease,SNOMEDCT_US,765780006,Reflux nephropathy of right kidney due to vesicoureteral reflux,C4707580,Reflux nephropathy of right kidney due to vesicoureteral reflux,narrow,,G,KIDNEYDISEASE,COV
All kidney disease,SNOMEDCT_US,197757004,Late syphilis of kidney,C0452161,Late syphilis of kidney,narrow,,G,KIDNEYDISEASE,COV
All kidney disease,SNOMEDCT_US,253878003,Adult type polycystic kidney disease type 1,C0887850,"Polycystic Kidney, Type 1 Autosomal Dominant Disease",narrow,,G,KIDNEYDISEASE,COV
All kidney disease,SNOMEDCT_US,1144903002,Chronic tubulointerstitial nephritis due to ischemia,C5546460,Chronic tubulointerstitial nephritis due to ischemia,narrow,,G,KIDNEYDISEASE,COV
All kidney disease,SNOMEDCT_US,429496005,Examination of live donor after kidney transplant,C1997373,Examination of live donor after kidney transplant,exclude,,G,KIDNEYDISEASE,COV
All kidney disease,SNOMEDCT_US,253865003,"Crossed ectopia of kidney, without fusion",C0431699,"Crossed ectopia of kidney, without fusion",possible,,G,KIDNEYDISEASE,COV
All kidney disease,SNOMEDCT_US,204950001,Bilateral renal dysplasia,C0431698,Bilateral renal dysplasia,possible,,G,KIDNEYDISEASE,COV
All kidney disease,SNOMEDCT_US,1144899009,Chronic tubulointerstitial nephritis due to neoplastic disease,C5546458,Chronic tubulointerstitial nephritis due to neoplastic disease,narrow,,G,KIDNEYDISEASE,COV
All kidney disease,SNOMEDCT_US,253864004,"Familial hypoplastic, glomerulocystic kidney",C0431693,Renal cysts and diabetes syndrome,possible,,G,KIDNEYDISEASE,COV
All kidney disease,SNOMEDCT_US,609572000,"Maturity-onset diabetes of the young, type 5",C0431693,Renal cysts and diabetes syndrome,possible,,G,KIDNEYDISEASE,COV
All kidney disease,SNOMEDCT_US,446641003,Renal cysts and diabetes syndrome,C0431693,Renal cysts and diabetes syndrome,possible,,G,KIDNEYDISEASE,COV
All kidney disease,SNOMEDCT_US,268232000,Bilateral renal hypoplasia,C0431692,Bilateral renal hypoplasia,possible,,G,KIDNEYDISEASE,COV
All kidney disease,SNOMEDCT_US,204947004,Bilateral renal hypoplasia,C0431692,Bilateral renal hypoplasia,possible,,G,KIDNEYDISEASE,COV
All kidney disease,SNOMEDCT_US,18417009,Oligomeganephronic hypoplasia of kidney,C0431694,Oligomeganephronic hypoplasia of kidney,possible,,G,KIDNEYDISEASE,COV
All kidney disease,SNOMEDCT_US,718330001,Hemodialysis care,C4273579,Hemodialysis care,narrow,,G,KIDNEYDISEASE,COV
All kidney disease,SNOMEDCT_US,298127003,Acquired calyceal diverticulum,C0574912,Acquired calyceal diverticulum,possible,,G,KIDNEYDISEASE,COV
All kidney disease,SNOMEDCT_US,704667004,Hypertension concurrent and due to end stage renal disease on dialysis,C3874916,Hypertension concurrent and due to end stage renal disease on dialysis,narrow,,G,KIDNEYDISEASE,COV
All kidney disease,SNOMEDCT_US,714814006,Persistent hematuria co-occurrent and due to dense deposit disease,C4075088,Persistent hematuria co-occurrent and due to dense deposit disease,narrow,,G,KIDNEYDISEASE,COV
All kidney disease,SNOMEDCT_US,714815007,Recurrent hematuria co-occurrent and due to diffuse crescentic glomerulonephritis,C4075087,Recurrent hematuria co-occurrent and due to diffuse crescentic glomerulonephritis,narrow,,G,KIDNEYDISEASE,COV
All kidney disease,SNOMEDCT_US,714816008,Persistent hematuria co-occurrent and due to diffuse crescentic glomerulonephritis,C4075086,Persistent hematuria co-occurrent and due to diffuse crescentic glomerulonephritis,narrow,,G,KIDNEYDISEASE,COV
All kidney disease,SNOMEDCT_US,860893008,Glomerular disease due to parasitic disease,C5395960,Glomerular disease due to parasitic disease,narrow,,G,KIDNEYDISEASE,COV
All kidney disease,SNOMEDCT_US,714817004,Recurrent hematuria co-occurrent and due to diffuse endocapillary proliferative glomerulonephritis,C4075085,Recurrent hematuria co-occurrent and due to diffuse endocapillary proliferative glomerulonephritis,narrow,,G,KIDNEYDISEASE,COV
All kidney disease,SNOMEDCT_US,762288006,Neonatal hemorrhage of kidney,C4545986,Neonatal hemorrhage of kidney,narrow,,G,KIDNEYDISEASE,COV
All kidney disease,SNOMEDCT_US,722457005,"Juvenile cataract, microcornea, renal glucosuria syndrome",C4302529,"Juvenile cataract, microcornea, renal glucosuria syndrome",possible,,G,KIDNEYDISEASE,COV
All kidney disease,SNOMEDCT_US,714813000,Recurrent hematuria co-occurrent and due to dense deposit disease,C4075089,Recurrent hematuria co-occurrent and due to dense deposit disease,narrow,,G,KIDNEYDISEASE,COV
All kidney disease,SNOMEDCT_US,1079531000119106,Metastatic malignant neoplasm to left kidney,C5546442,Metastatic malignant neoplasm to left kidney,narrow,,G,KIDNEYDISEASE,COV
All kidney disease,SNOMEDCT_US,1079541000119102,Metastatic malignant neoplasm to right kidney,C5546441,Metastatic malignant neoplasm to right kidney,narrow,,G,KIDNEYDISEASE,COV
All kidney disease,SNOMEDCT_US,433144002,Chronic kidney disease stage 3,C2316787,Chronic kidney disease stage 3,narrow,,G,KIDNEYDISEASE,COV
All kidney disease,SNOMEDCT_US,714818009,Persistent hematuria co-occurrent and due to diffuse endocapillary proliferative glomerulonephritis,C4075084,Persistent hematuria co-occurrent and due to diffuse endocapillary proliferative glomerulonephritis,narrow,,G,KIDNEYDISEASE,COV
All kidney disease,SNOMEDCT_US,12246481000119106,Bilateral metastatic malignant neoplasm to kidneys,C5546440,Bilateral metastatic malignant neoplasm to kidneys,narrow,,G,KIDNEYDISEASE,COV
All kidney disease,SNOMEDCT_US,431856006,Chronic kidney disease stage 2,C2316786,Chronic kidney disease stage 2,narrow,,G,KIDNEYDISEASE,COV
All kidney disease,SNOMEDCT_US,722065002,Okamoto syndrome,C1858043,Okamoto syndrome,possible,,G,KIDNEYDISEASE,COV
All kidney disease,SNOMEDCT_US,431480000,Nephrovisceral fistula,C2316305,Nephrovisceral fistula,narrow,,G,KIDNEYDISEASE,COV
All kidney disease,SNOMEDCT_US,406168002,Dialysis access maintenance,C1318956,Dialysis access maintenance,narrow,,G,KIDNEYDISEASE,COV
All kidney disease,SNOMEDCT_US,442326005,Cloudy peritoneal dialysis effluent,C2711206,Cloudy peritoneal dialysis effluent,narrow,,G,KIDNEYDISEASE,COV
All kidney disease,SNOMEDCT_US,860892003,Glomerular disease due to infectious disease,C5395959,Glomerular disease due to infectious disease,narrow,,G,KIDNEYDISEASE,COV
All kidney disease,SNOMEDCT_US,722467000,Chronic kidney disease due to traumatic loss of kidney,C4302515,Chronic kidney disease due to traumatic loss of kidney,narrow,,G,KIDNEYDISEASE,COV
All kidney disease,SNOMEDCT_US,722468005,Distal renal tubular acidosis co-occurrent with sensorineural deafness,C4302514,Distal renal tubular acidosis co-occurrent with sensorineural deafness,narrow,,G,KIDNEYDISEASE,COV
All kidney disease,SNOMEDCT_US,765779008,Reflux nephropathy of left kidney due to vesicoureteral reflux,C4707579,Reflux nephropathy of left kidney due to vesicoureteral reflux,narrow,,G,KIDNEYDISEASE,COV
All kidney disease,SNOMEDCT_US,765777005,Congenital left vesicoureterorenal reflux,C4707578,Congenital left vesicoureterorenal reflux,narrow,,G,KIDNEYDISEASE,COV
All kidney disease,SNOMEDCT_US,722466009,Traumatic loss of kidney,C4302516,Traumatic loss of kidney,narrow,,G,KIDNEYDISEASE,COV
All kidney disease,SNOMEDCT_US,765778000,Congenital right vesicoureterorenal reflux,C4707577,Congenital right vesicoureterorenal reflux,narrow,,G,KIDNEYDISEASE,COV
All kidney disease,SNOMEDCT_US,446449009,Renal coloboma syndrome,C1852759,Papillorenal syndrome,possible,,G,KIDNEYDISEASE,COV
All kidney disease,SNOMEDCT_US,161693006,History of renal dialysis,C0455667,History of renal dialysis,possible,,G,KIDNEYDISEASE,COV
All kidney disease,SNOMEDCT_US,28200001000004109,History of hemodialysis,-,-,possible,Desc: code 161693006,G,KIDNEYDISEASE,COV
All kidney disease,SNOMEDCT_US,138957005,H/O: renal dialysis,C0455667,History of renal dialysis,possible,,G,KIDNEYDISEASE,COV
All kidney disease,SNOMEDCT_US,450316000,Severe dehydration,C3472181,Severe dehydration,exclude,,G,KIDNEYDISEASE,COV
All kidney disease,SNOMEDCT_US,765776001,Dysplasia of right kidney,C4707576,Dysplasia of right kidney,possible,,G,KIDNEYDISEASE,COV
All kidney disease,SNOMEDCT_US,765775002,Dysplasia of left kidney,C4707575,Dysplasia of left kidney,possible,,G,KIDNEYDISEASE,COV
All kidney disease,SNOMEDCT_US,765774003,Atrophy of right kidney,C4707574,Atrophy of right kidney,possible,,G,KIDNEYDISEASE,COV
All kidney disease,SNOMEDCT_US,90791000119104,End stage renal disease on dialysis due to type 2 diabetes mellitus,C3874900,End stage renal disease on dialysis due to type 2 diabetes mellitus,narrow,,G,KIDNEYDISEASE,COV
All kidney disease,SNOMEDCT_US,765773009,Atrophy of left kidney,C4707573,Atrophy of left kidney,possible,,G,KIDNEYDISEASE,COV
All kidney disease,SNOMEDCT_US,76938004,Infantile encephalopathy AND lactic acidosis,C0270975,Infantile encephalopathy AND lactic acidosis,narrow,,G,KIDNEYDISEASE,COV
All kidney disease,SNOMEDCT_US,4477007,Juvenile myopathy AND lactate acidosis,C0270974,Juvenile myopathy AND lactate acidosis,exclude,,G,KIDNEYDISEASE,COV
All kidney disease,SNOMEDCT_US,782722002,"Global developmental delay, lung cysts, overgrowth, Wilms tumor syndrome",C4748924,"Global developmental delay, lung cysts, overgrowth, Wilms tumor syndrome",possible,,G,KIDNEYDISEASE,COV
All kidney disease,SNOMEDCT_US,713183000,Cadaver donor for kidney transplant,C4076358,Cadaver donor for kidney transplant,narrow,,G,KIDNEYDISEASE,COV
All kidney disease,SNOMEDCT_US,723074006,Renal papillary necrosis due to diabetes mellitus,C4302104,Renal papillary necrosis due to diabetes mellitus,narrow,,G,KIDNEYDISEASE,COV
All kidney disease,SNOMEDCT_US,197660000,Renal fibrosis,C0151650,Renal fibrosis,narrow,,G,KIDNEYDISEASE,COV
All kidney disease,SNOMEDCT_US,707751009,Juxtaglomerular hyperplasia co-occurrent with secondary hyperaldosteronism,C3872798,Juxtaglomerular hyperplasia co-occurrent with secondary hyperaldosteronism,narrow,,G,KIDNEYDISEASE,COV
All kidney disease,SNOMEDCT_US,90751000119109,Chronic kidney disease stage 4 due to type 1 diabetes mellitus,C3874978,Chronic kidney disease stage 4 due to type 1 diabetes mellitus,narrow,,G,KIDNEYDISEASE,COV
All kidney disease,SNOMEDCT_US,75652008,Familial renal iminoglycinuria,C0268656,Familial renal iminoglycinuria,narrow,,G,KIDNEYDISEASE,COV
All kidney disease,SNOMEDCT_US,25765006,Neonatal iminoglycinuria,C0268655,Neonatal iminoglycinuria,possible,,G,KIDNEYDISEASE,COV
All kidney disease,SNOMEDCT_US,84121007,Iminoglycinuria,C0268654,Iminoglycinuria,narrow,,G,KIDNEYDISEASE,COV
All kidney disease,SNOMEDCT_US,36891003,"Hartnup disorder, renal/jejunal type",C0268653,"Hartnup disorder, renal/jejunal type",narrow,,G,KIDNEYDISEASE,COV
All kidney disease,SNOMEDCT_US,22011005,"Hartnup disorder, renal type",C0268652,"Hartnup disorder, renal type",narrow,,G,KIDNEYDISEASE,COV
All kidney disease,SNOMEDCT_US,90761000119106,Chronic kidney disease stage 5 due to type 1 diabetes mellitus,C3874971,Chronic kidney disease stage 5 due to type 1 diabetes mellitus,narrow,,G,KIDNEYDISEASE,COV
All kidney disease,SNOMEDCT_US,1148915008,Glomerular disease due to thin basement membrane nephropathy,C5546839,Glomerular disease due to thin basement membrane nephropathy,narrow,,G,KIDNEYDISEASE,COV
All kidney disease,SNOMEDCT_US,717790004,Dent disease type 2,C1845167,Dent Disease 2,narrow,,G,KIDNEYDISEASE,COV
All kidney disease,SNOMEDCT_US,76401000119105,Congenital anomaly of ureter and renal pelvis,C3874963,Congenital anomaly of ureter and renal pelvis,narrow,,G,KIDNEYDISEASE,COV
All kidney disease,SNOMEDCT_US,124464003,Deficiency of melibiase,C0002986,Fabry Disease,possible,,G,KIDNEYDISEASE,COV
All kidney disease,SNOMEDCT_US,16652001,Fabry's disease,C0002986,Fabry Disease,possible,,G,KIDNEYDISEASE,COV
All kidney disease,SNOMEDCT_US,190792005,Fabry's disease,C0002986,Fabry Disease,possible,,G,KIDNEYDISEASE,COV
All kidney disease,SNOMEDCT_US,190796008,Alpha-galactosidase A deficiency,C0002986,Fabry Disease,possible,,G,KIDNEYDISEASE,COV
All kidney disease,SNOMEDCT_US,236536000,Alpha-galactosidase A deficiency,C0002986,Fabry Disease,possible,,G,KIDNEYDISEASE,COV
All kidney disease,SNOMEDCT_US,13138006,Dibasic aminoaciduria,C0268648,Dibasic aminoaciduria,possible,,G,KIDNEYDISEASE,COV
All kidney disease,SNOMEDCT_US,236475007,Dibasic aminoaciduria,C0268648,Dibasic aminoaciduria,narrow,,G,KIDNEYDISEASE,COV
All kidney disease,SNOMEDCT_US,25646005,Isolated cystinuria,C0268646,Isolated cystinuria,possible,,G,KIDNEYDISEASE,COV
All kidney disease,SNOMEDCT_US,42496002,"Cystinuria, type 3",C0268645,"Cystinuria, type 3",narrow,,G,KIDNEYDISEASE,COV
All kidney disease,SNOMEDCT_US,21952001,"Cystinuria, type 2",C0268644,"Cystinuria, type 2",narrow,,G,KIDNEYDISEASE,COV
All kidney disease,SNOMEDCT_US,37183000,"Cystinuria, type 1",C0268643,Cystinuria type 1,narrow,,G,KIDNEYDISEASE,COV
All kidney disease,SNOMEDCT_US,78311009,Histidine transport defect,C0268642,Histidinuria renal tubular defect,narrow,,G,KIDNEYDISEASE,COV
All kidney disease,SNOMEDCT_US,22846003,Hepatorenal syndrome following delivery,C0269971,Hepatorenal syndrome following delivery,possible,,G,KIDNEYDISEASE,COV
All kidney disease,SNOMEDCT_US,138929003,H/O: kidney recipient,C0455641,History of renal transplant,possible,,G,KIDNEYDISEASE,COV
All kidney disease,SNOMEDCT_US,161665007,History of renal transplant,C0455641,History of renal transplant,possible,,G,KIDNEYDISEASE,COV
All kidney disease,SNOMEDCT_US,421075007,Ketoacidotic coma due to type 1 diabetes mellitus,C1720598,Ketoacidotic coma due to type 1 diabetes mellitus,exclude,,G,KIDNEYDISEASE,COV
All kidney disease,SNOMEDCT_US,20341008,Injury of kidney without open wound into abdominal cavity,C0273194,Injury of kidney without open wound into abdominal cavity,narrow,,G,KIDNEYDISEASE,COV
All kidney disease,SNOMEDCT_US,700112007,Bartter syndrome type 4,C3838860,Bartter syndrome type 4,narrow,,G,KIDNEYDISEASE,COV
All kidney disease,SNOMEDCT_US,61474001,Injury of kidney with open wound into abdominal cavity,C0273198,Injury of kidney with open wound into abdominal cavity,narrow,,G,KIDNEYDISEASE,COV
All kidney disease,SNOMEDCT_US,64323009,Complete disruption of kidney parenchyma without open wound into cavity,C0273197,Complete disruption of kidney parenchyma without open wound into cavity,narrow,,G,KIDNEYDISEASE,COV
All kidney disease,SNOMEDCT_US,210201003,Complete disruption of kidney parenchyma without mention of open wound into cavity,C0273197,Complete disruption of kidney parenchyma without open wound into cavity,narrow,,G,KIDNEYDISEASE,COV
All kidney disease,SNOMEDCT_US,74324004,Laceration of kidney without open wound into abdominal cavity,C0273196,Laceration of kidney without open wound into abdominal cavity,narrow,,G,KIDNEYDISEASE,COV
All kidney disease,SNOMEDCT_US,9298006,Hematoma of kidney without rupture of capsule AND without open wound into abdominal cavity,C0273195,Hematoma of kidney without rupture of capsule AND without open wound into abdominal cavity,possible,,G,KIDNEYDISEASE,COV
All kidney disease,SNOMEDCT_US,253860008,Pyelon triplex,C0431685,Pyelon triplex,possible,,G,KIDNEYDISEASE,COV
All kidney disease,SNOMEDCT_US,270517006,Triple kidney with triple pelvis,C0431684,Triple kidney with triple pelvis,narrow,,G,KIDNEYDISEASE,COV
All kidney disease,SNOMEDCT_US,56906005,Hematoma of kidney without rupture of capsule AND with open wound into abdominal cavity,C0273199,Hematoma of kidney without rupture of capsule AND with open wound into abdominal cavity,possible,,G,KIDNEYDISEASE,COV
All kidney disease,SNOMEDCT_US,717191005,Sporadic idiopathic steroid-resistant nephrotic syndrome,C4274017,Sporadic idiopathic steroid-resistant nephrotic syndrome,narrow,,G,KIDNEYDISEASE,COV
All kidney disease,SNOMEDCT_US,717187000,Boichis syndrome,C4274018,Boichis syndrome,possible,,G,KIDNEYDISEASE,COV
All kidney disease,SNOMEDCT_US,301814009,Post-renal renal failure,C0578496,Post-renal renal failure,narrow,,G,KIDNEYDISEASE,COV
All kidney disease,SNOMEDCT_US,237932002,Methionine malabsorption syndrome,C0268622,Methionine Malabsorption Syndrome,possible,,G,KIDNEYDISEASE,COV
All kidney disease,SNOMEDCT_US,45812003,Familial methionine malabsorption,C0268622,Methionine Malabsorption Syndrome,possible,,G,KIDNEYDISEASE,COV
All kidney disease,SNOMEDCT_US,190698003,Oasthouse urine disease,C0268622,Methionine Malabsorption Syndrome,possible,,G,KIDNEYDISEASE,COV
All kidney disease,SNOMEDCT_US,190712006,Methionine malabsorption syndrome,C0268622,Methionine Malabsorption Syndrome,possible,,G,KIDNEYDISEASE,COV
All kidney disease,SNOMEDCT_US,113075003,"Creatinine measurement, serum",C0201976,"Creatinine measurement, serum (procedure)",exclude,,G,KIDNEYDISEASE,COV
All kidney disease,SNOMEDCT_US,144007006,Serum creatinine (& level),C0201976,"Creatinine measurement, serum (procedure)",possible,,G,KIDNEYDISEASE,COV
All kidney disease,SNOMEDCT_US,166713004,Creatinine - serum,C0201976,"Creatinine measurement, serum (procedure)",possible,,G,KIDNEYDISEASE,COV
All kidney disease,SNOMEDCT_US,166718008,Serum creatinine NOS,C0201976,"Creatinine measurement, serum (procedure)",possible,,G,KIDNEYDISEASE,COV
All kidney disease,SNOMEDCT_US,89681000119101,Glomerulonephritis co-occurrent and due to scleroderma,C4274483,Glomerulonephritis co-occurrent and due to scleroderma,narrow,,G,KIDNEYDISEASE,COV
All kidney disease,SNOMEDCT_US,32093003,Acute drug-induced tubulointerstitial nephritis,C0242009,Acute drug-induced tubulointerstitial nephritis,narrow,,G,KIDNEYDISEASE,COV
All kidney disease,SNOMEDCT_US,722431007,"Double uterus, hemivagina, renal agenesis syndrome",C4302552,"Double uterus, hemivagina, renal agenesis syndrome",possible,,G,KIDNEYDISEASE,COV
All kidney disease,SNOMEDCT_US,700378005,Chronic kidney disease stage 3A,C3839533,Chronic kidney disease stage 3A,narrow,,G,KIDNEYDISEASE,COV
All kidney disease,SNOMEDCT_US,722381004,Crome syndrome,C0795914,Crome syndrome,possible,,G,KIDNEYDISEASE,COV
All kidney disease,SNOMEDCT_US,71701000119105,Hypertension in chronic kidney disease due to type 1 diabetes mellitus,C3874779,Hypertension in chronic kidney disease due to type 1 diabetes mellitus,narrow,,G,KIDNEYDISEASE,COV
All kidney disease,SNOMEDCT_US,736640009,Hydronephrosis due to calculus of kidney and ureter,C4544472,Hydronephrosis due to calculus of kidney and ureter,narrow,,G,KIDNEYDISEASE,COV
All kidney disease,SNOMEDCT_US,268332003,Cyst of kidney - congen,C1971816,Fibrocystic kidney disease,possible,,G,KIDNEYDISEASE,COV
All kidney disease,SNOMEDCT_US,156973002,Cyst of kidney - congen,C1971816,Fibrocystic kidney disease,possible,,G,KIDNEYDISEASE,COV
All kidney disease,SNOMEDCT_US,82525005,Multicystic dysplastic kidney,C1971816,Fibrocystic kidney disease,narrow,,G,KIDNEYDISEASE,COV
All kidney disease,SNOMEDCT_US,268234004,Fibrocystic kidney disease,C1971816,Fibrocystic kidney disease,narrow,,G,KIDNEYDISEASE,COV
All kidney disease,SNOMEDCT_US,93289009,Congenital hypoplasia of renal papilla,C1283810,Congenital small renal papilla,possible,,G,KIDNEYDISEASE,COV
All kidney disease,SNOMEDCT_US,361147005,Congenital hypoplasia of renal papilla,C1283810,Congenital small renal papilla,narrow,,G,KIDNEYDISEASE,COV
All kidney disease,SNOMEDCT_US,361146001,Congenital small renal papilla,C1283810,Congenital small renal papilla,narrow,,G,KIDNEYDISEASE,COV
All kidney disease,SNOMEDCT_US,449288005,Infection of hemodialysis arteriovenous fistula,C3163664,Infection of hemodialysis arteriovenous fistula,narrow,,G,KIDNEYDISEASE,COV
All kidney disease,SNOMEDCT_US,447335007,Nephronophthisis type 6,C2959563,Nephronophthisis type 6,narrow,,G,KIDNEYDISEASE,COV
All kidney disease,SNOMEDCT_US,776416004,"Hyperuricemia, pulmonary hypertension, renal failure, alkalosis syndrome",C3151209,"Hyperuricemia, pulmonary hypertension, renal failure, alkalosis syndrome",narrow,,G,KIDNEYDISEASE,COV
All kidney disease,SNOMEDCT_US,153851000119106,Malignant hypertensive chronic kidney disease stage 5,C3531744,Malignant hypertensive chronic kidney disease stage 5,narrow,,G,KIDNEYDISEASE,COV
All kidney disease,SNOMEDCT_US,285841000119104,Malignant hypertensive end stage renal disease,C3531744,Malignant hypertensive chronic kidney disease stage 5,narrow,,G,KIDNEYDISEASE,COV
All kidney disease,SNOMEDCT_US,1144973003,Renal disorder due to systemic lupus erythematosus,C5546051,Renal disorder due to systemic lupus erythematosus,narrow,,G,KIDNEYDISEASE,COV
All kidney disease,SNOMEDCT_US,16271000119108,Pyelonephritis in pregnancy,C0747827,Pyelonephritis in pregnancy,narrow,,G,KIDNEYDISEASE,COV
All kidney disease,SNOMEDCT_US,180270009,Compensation for renal failure NOS,C0419062,Compensation for renal failure,narrow,,G,KIDNEYDISEASE,COV
All kidney disease,SNOMEDCT_US,180266001,Compensation for renal failure,C0419062,Compensation for renal failure,narrow,,G,KIDNEYDISEASE,COV
All kidney disease,SNOMEDCT_US,265763003,Compensation for renal failure,C0419062,Compensation for renal failure,narrow,,G,KIDNEYDISEASE,COV
All kidney disease,SNOMEDCT_US,428645009,Examination of recipient after kidney transplant,C1998071,Examination of recipient after kidney transplant,narrow,,G,KIDNEYDISEASE,COV
All kidney disease,SNOMEDCT_US,723333000,Faciocardiorenal syndrome,C0795936,Faciocardiorenal syndrome,possible,,G,KIDNEYDISEASE,COV
All kidney disease,SNOMEDCT_US,50741009,Renal function,C0232804,Renal function,possible,,G,KIDNEYDISEASE,COV
All kidney disease,SNOMEDCT_US,10716003,Ureteral function,-,-,possible,Desc: code 50741009,G,KIDNEYDISEASE,COV
All kidney disease,SNOMEDCT_US,129009001,Urinary bladder control,-,-,possible,Desc: code 50741009,G,KIDNEYDISEASE,COV
All kidney disease,SNOMEDCT_US,252022005,Urethral sphincter function,-,-,possible,Desc: code 50741009,G,KIDNEYDISEASE,COV
All kidney disease,SNOMEDCT_US,252023000,Urethral opening mechanism,-,-,possible,Desc: code 50741009,G,KIDNEYDISEASE,COV
All kidney disease,SNOMEDCT_US,252024006,Urethral closure mechanism,-,-,possible,Desc: code 50741009,G,KIDNEYDISEASE,COV
All kidney disease,SNOMEDCT_US,26814000,Urethral resistance,-,-,possible,Desc: code 50741009,G,KIDNEYDISEASE,COV
All kidney disease,SNOMEDCT_US,27309000,Ureteral peristalsis,-,-,possible,Desc: code 50741009,G,KIDNEYDISEASE,COV
All kidney disease,SNOMEDCT_US,33480009,Filling of urinary bladder,-,-,possible,Desc: code 50741009,G,KIDNEYDISEASE,COV
All kidney disease,SNOMEDCT_US,373721004,Urinary bladder emptying,-,-,possible,Desc: code 50741009,G,KIDNEYDISEASE,COV
All kidney disease,SNOMEDCT_US,11953005,Renal function,C0232804,Renal function,possible,,G,KIDNEYDISEASE,COV
All kidney disease,SNOMEDCT_US,102798002,Renin secretion,-,-,possible,Desc: code 11953005,G,KIDNEYDISEASE,COV
All kidney disease,SNOMEDCT_US,102804000,Albumin renal clearance,-,-,possible,Desc: code 11953005,G,KIDNEYDISEASE,COV
All kidney disease,SNOMEDCT_US,102805004,Aldosterone renal clearance,-,-,possible,Desc: code 11953005,G,KIDNEYDISEASE,COV
All kidney disease,SNOMEDCT_US,102806003,alpha-Amylase renal clearance,-,-,possible,Desc: code 11953005,G,KIDNEYDISEASE,COV
All kidney disease,SNOMEDCT_US,102807007,Antipyrine renal clearance,-,-,possible,Desc: code 11953005,G,KIDNEYDISEASE,COV
All kidney disease,SNOMEDCT_US,102808002,Bilirubin renal clearance,-,-,possible,Desc: code 11953005,G,KIDNEYDISEASE,COV
All kidney disease,SNOMEDCT_US,102809005,Bromosulfophthalein renal clearance,-,-,possible,Desc: code 11953005,G,KIDNEYDISEASE,COV
All kidney disease,SNOMEDCT_US,102810000,Calcium renal clearance,-,-,possible,Desc: code 11953005,G,KIDNEYDISEASE,COV
All kidney disease,SNOMEDCT_US,102811001,Creatinine renal clearance,-,-,possible,Desc: code 11953005,G,KIDNEYDISEASE,COV
All kidney disease,SNOMEDCT_US,102812008,Cyanocobalamin renal clearance,-,-,possible,Desc: code 11953005,G,KIDNEYDISEASE,COV
All kidney disease,SNOMEDCT_US,102813003,Galactose renal clearance,-,-,possible,Desc: code 11953005,G,KIDNEYDISEASE,COV
All kidney disease,SNOMEDCT_US,102814009,Insulin renal clearance,-,-,possible,Desc: code 11953005,G,KIDNEYDISEASE,COV
All kidney disease,SNOMEDCT_US,102815005,Inulin renal clearance,-,-,possible,Desc: code 11953005,G,KIDNEYDISEASE,COV
All kidney disease,SNOMEDCT_US,102816006,Iodohippuran renal clearance,-,-,possible,Desc: code 11953005,G,KIDNEYDISEASE,COV
All kidney disease,SNOMEDCT_US,102818007,Lithium renal clearance,-,-,possible,Desc: code 11953005,G,KIDNEYDISEASE,COV
All kidney disease,SNOMEDCT_US,102819004,Mannitol renal clearance,-,-,possible,Desc: code 11953005,G,KIDNEYDISEASE,COV
All kidney disease,SNOMEDCT_US,102820005,Oxalate renal clearance,-,-,possible,Desc: code 11953005,G,KIDNEYDISEASE,COV
All kidney disease,SNOMEDCT_US,102821009,para-Aminohippurate renal clearance,-,-,possible,Desc: code 11953005,G,KIDNEYDISEASE,COV
All kidney disease,SNOMEDCT_US,102822002,Phosphate renal clearance,-,-,possible,Desc: code 11953005,G,KIDNEYDISEASE,COV
All kidney disease,SNOMEDCT_US,102823007,Potassium renal clearance,-,-,possible,Desc: code 11953005,G,KIDNEYDISEASE,COV
All kidney disease,SNOMEDCT_US,102824001,Renin renal clearance,-,-,possible,Desc: code 11953005,G,KIDNEYDISEASE,COV
All kidney disease,SNOMEDCT_US,102825000,Sodium renal clearance,-,-,possible,Desc: code 11953005,G,KIDNEYDISEASE,COV
All kidney disease,SNOMEDCT_US,102826004,Thiosulfate renal clearance,-,-,possible,Desc: code 11953005,G,KIDNEYDISEASE,COV
All kidney disease,SNOMEDCT_US,102827008,Urate renal clearance,-,-,possible,Desc: code 11953005,G,KIDNEYDISEASE,COV
All kidney disease,SNOMEDCT_US,102828003,Urea renal clearance,-,-,possible,Desc: code 11953005,G,KIDNEYDISEASE,COV
All kidney disease,SNOMEDCT_US,10702008,Intracapsular hydrostatic pressure,-,-,possible,Desc: code 11953005,G,KIDNEYDISEASE,COV
All kidney disease,SNOMEDCT_US,16550004,Renal blood flow,-,-,possible,Desc: code 11953005,G,KIDNEYDISEASE,COV
All kidney disease,SNOMEDCT_US,243186008,Alkaline diuresis,-,-,possible,Desc: code 11953005,G,KIDNEYDISEASE,COV
All kidney disease,SNOMEDCT_US,243187004,Solute alkaline diuresis,-,-,possible,Desc: code 11953005,G,KIDNEYDISEASE,COV
All kidney disease,SNOMEDCT_US,26916004,Passive tubular reabsorption,-,-,possible,Desc: code 11953005,G,KIDNEYDISEASE,COV
All kidney disease,SNOMEDCT_US,302804003,Forced alkaline diuresis,-,-,possible,Desc: code 11953005,G,KIDNEYDISEASE,COV
All kidney disease,SNOMEDCT_US,35732009,Tubular secretion,-,-,possible,Desc: code 11953005,G,KIDNEYDISEASE,COV
All kidney disease,SNOMEDCT_US,43326003,Renal fraction of cardiac output,-,-,possible,Desc: code 11953005,G,KIDNEYDISEASE,COV
All kidney disease,SNOMEDCT_US,55200000,Urinary concentration,-,-,possible,Desc: code 11953005,G,KIDNEYDISEASE,COV
All kidney disease,SNOMEDCT_US,56141005,Glomerular capillary pressure,-,-,possible,Desc: code 11953005,G,KIDNEYDISEASE,COV
All kidney disease,SNOMEDCT_US,58462007,Active tubular reabsorption,-,-,possible,Desc: code 11953005,G,KIDNEYDISEASE,COV
All kidney disease,SNOMEDCT_US,60309003,Diuresis,-,-,possible,Desc: code 11953005,G,KIDNEYDISEASE,COV
All kidney disease,SNOMEDCT_US,6057008,Tubular reabsorption,-,-,possible,Desc: code 11953005,G,KIDNEYDISEASE,COV
All kidney disease,SNOMEDCT_US,6145002,Effective renal plasma flow,-,-,possible,Desc: code 11953005,G,KIDNEYDISEASE,COV
All kidney disease,SNOMEDCT_US,6635000,Renal clearance,-,-,possible,Desc: code 11953005,G,KIDNEYDISEASE,COV
All kidney disease,SNOMEDCT_US,7015005,Renal filtration fraction,-,-,possible,Desc: code 11953005,G,KIDNEYDISEASE,COV
All kidney disease,SNOMEDCT_US,70498002,Glomerular membrane permeability,-,-,possible,Desc: code 11953005,G,KIDNEYDISEASE,COV
All kidney disease,SNOMEDCT_US,840727000,Tubular sodium chloride reabsorption function,-,-,possible,Desc: code 11953005,G,KIDNEYDISEASE,COV
All kidney disease,SNOMEDCT_US,88024006,Glomerular filtration,-,-,possible,Desc: code 11953005,G,KIDNEYDISEASE,COV
All kidney disease,SNOMEDCT_US,90760005,Free water clearance,-,-,possible,Desc: code 11953005,G,KIDNEYDISEASE,COV
All kidney disease,SNOMEDCT_US,284981000119102,Chronic kidney disease stage 2 due to benign hypertension,C4039151,Chronic kidney disease stage 2 due to benign hypertension,narrow,,G,KIDNEYDISEASE,COV
All kidney disease,SNOMEDCT_US,197657007,Renal impairment,C1565489,Renal Insufficiency,narrow,,G,KIDNEYDISEASE,COV
All kidney disease,SNOMEDCT_US,723188008,Renal insufficiency,C1565489,Renal Insufficiency,narrow,,G,KIDNEYDISEASE,COV
All kidney disease,SNOMEDCT_US,236423003,Renal impairment,C1565489,Renal Insufficiency,narrow,,G,KIDNEYDISEASE,COV
All kidney disease,SNOMEDCT_US,155876003,Non-functioning kidney,C0232808,Absent renal function,narrow,,G,KIDNEYDISEASE,COV
All kidney disease,SNOMEDCT_US,112066009,Absent renal function,C0232808,Absent renal function,narrow,,G,KIDNEYDISEASE,COV
All kidney disease,SNOMEDCT_US,285871000119106,Malignant hypertensive chronic kidney disease stage 3,C3531776,Malignant hypertensive chronic kidney disease stage 3,narrow,,G,KIDNEYDISEASE,COV
All kidney disease,SNOMEDCT_US,285861000119100,Malignant hypertensive chronic kidney disease stage 2,C3531775,Malignant hypertensive chronic kidney disease stage 2,narrow,,G,KIDNEYDISEASE,COV
All kidney disease,SNOMEDCT_US,285851000119102,Malignant hypertensive chronic kidney disease stage 1,C3531774,Malignant hypertensive chronic kidney disease stage 1,narrow,,G,KIDNEYDISEASE,COV
All kidney disease,SNOMEDCT_US,1144961003,Toxic acute tubular necrosis,C5546046,Toxic acute tubular necrosis,narrow,,G,KIDNEYDISEASE,COV
All kidney disease,SNOMEDCT_US,440018001,Heavy-metal-induced tubulointerstitial nephritis,C2584895,Heavy-metal-induced tubulointerstitial nephritis,narrow,,G,KIDNEYDISEASE,COV
All kidney disease,SNOMEDCT_US,285881000119109,Malignant hypertensive chronic kidney disease stage 4,C3531777,Malignant hypertensive chronic kidney disease stage 4,narrow,,G,KIDNEYDISEASE,COV
All kidney disease,SNOMEDCT_US,158565005,[D]Proteinuria,C0033687,Proteinuria,possible,,G,KIDNEYDISEASE,COV
All kidney disease,SNOMEDCT_US,167279003,Proteinuria,C0033687,Proteinuria,possible,,G,KIDNEYDISEASE,COV
All kidney disease,SNOMEDCT_US,232691000,Proteinuria,C0033687,Proteinuria,possible,,G,KIDNEYDISEASE,COV
All kidney disease,SNOMEDCT_US,29738008,Proteinuria,C0033687,Proteinuria,possible,,G,KIDNEYDISEASE,COV
All kidney disease,SNOMEDCT_US,1148866004,Intermittent orthostatic proteinuria,-,-,possible,Desc: code 29738008,G,KIDNEYDISEASE,COV
All kidney disease,SNOMEDCT_US,12178007,Nephrogenous proteinuria,-,-,possible,Desc: code 29738008,G,KIDNEYDISEASE,COV
All kidney disease,SNOMEDCT_US,123771001,Methemalbuminuria,-,-,possible,Desc: code 29738008,G,KIDNEYDISEASE,COV
All kidney disease,SNOMEDCT_US,12491000132101,Isolated proteinuria,-,-,possible,Desc: code 29738008,G,KIDNEYDISEASE,COV
All kidney disease,SNOMEDCT_US,12511000132108,Persistent proteinuria,-,-,possible,Desc: code 29738008,G,KIDNEYDISEASE,COV
All kidney disease,SNOMEDCT_US,16740211000119107,Postpartum gestational proteinuria,-,-,possible,Desc: code 29738008,G,KIDNEYDISEASE,COV
All kidney disease,SNOMEDCT_US,199141002,Gestational edema with proteinuria,-,-,possible,Desc: code 29738008,G,KIDNEYDISEASE,COV
All kidney disease,SNOMEDCT_US,22794007,Hematogenous proteinuria,-,-,possible,Desc: code 29738008,G,KIDNEYDISEASE,COV
All kidney disease,SNOMEDCT_US,236720004,Asymptomatic proteinuria,-,-,possible,Desc: code 29738008,G,KIDNEYDISEASE,COV
All kidney disease,SNOMEDCT_US,23891001,Febrile proteinuria,-,-,possible,Desc: code 29738008,G,KIDNEYDISEASE,COV
All kidney disease,SNOMEDCT_US,263808002,Microproteinuria,-,-,possible,Desc: code 29738008,G,KIDNEYDISEASE,COV
All kidney disease,SNOMEDCT_US,264867001,Nephrotic range proteinuria,-,-,possible,Desc: code 29738008,G,KIDNEYDISEASE,COV
All kidney disease,SNOMEDCT_US,2657005,Overflow proteinuria,-,-,possible,Desc: code 29738008,G,KIDNEYDISEASE,COV
All kidney disease,SNOMEDCT_US,2663001,Palpatory proteinuria,-,-,possible,Desc: code 29738008,G,KIDNEYDISEASE,COV
All kidney disease,SNOMEDCT_US,2740001,Gouty proteinuria,-,-,possible,Desc: code 29738008,G,KIDNEYDISEASE,COV
All kidney disease,SNOMEDCT_US,274769005,Albuminuria,-,-,possible,Desc: code 29738008,G,KIDNEYDISEASE,COV
All kidney disease,SNOMEDCT_US,274771005,Bence-Jones proteinuria,-,-,possible,Desc: code 29738008,G,KIDNEYDISEASE,COV
All kidney disease,SNOMEDCT_US,312975006,Microalbuminuria,-,-,possible,Desc: code 29738008,G,KIDNEYDISEASE,COV
All kidney disease,SNOMEDCT_US,324984006,Dietetic proteinuria,-,-,possible,Desc: code 29738008,G,KIDNEYDISEASE,COV
All kidney disease,SNOMEDCT_US,325955007,Recurrent proteinuria,-,-,possible,Desc: code 29738008,G,KIDNEYDISEASE,COV
All kidney disease,SNOMEDCT_US,326915002,Proteinuria of adolescence,-,-,possible,Desc: code 29738008,G,KIDNEYDISEASE,COV
All kidney disease,SNOMEDCT_US,34993002,Mixed proteinuria,-,-,possible,Desc: code 29738008,G,KIDNEYDISEASE,COV
All kidney disease,SNOMEDCT_US,35727008,Cardiac proteinuria,-,-,possible,Desc: code 29738008,G,KIDNEYDISEASE,COV
All kidney disease,SNOMEDCT_US,42827006,Globular proteinuria,-,-,possible,Desc: code 29738008,G,KIDNEYDISEASE,COV
All kidney disease,SNOMEDCT_US,43820004,Postrenal proteinuria,-,-,possible,Desc: code 29738008,G,KIDNEYDISEASE,COV
All kidney disease,SNOMEDCT_US,439033000,AD7c neuronal thread protein concentration in urine above reference range,-,-,possible,Desc: code 29738008,G,KIDNEYDISEASE,COV
All kidney disease,SNOMEDCT_US,48160003,Lordotic proteinuria,-,-,possible,Desc: code 29738008,G,KIDNEYDISEASE,COV
All kidney disease,SNOMEDCT_US,55662002,Enterogenic proteinuria,-,-,possible,Desc: code 29738008,G,KIDNEYDISEASE,COV
All kidney disease,SNOMEDCT_US,57009009,Functional proteinuria,-,-,possible,Desc: code 29738008,G,KIDNEYDISEASE,COV
All kidney disease,SNOMEDCT_US,61135002,Residual proteinuria,-,-,possible,Desc: code 29738008,G,KIDNEYDISEASE,COV
All kidney disease,SNOMEDCT_US,73014008,Pyogenic proteinuria,-,-,possible,Desc: code 29738008,G,KIDNEYDISEASE,COV
All kidney disease,SNOMEDCT_US,735623008,Grade A2 albuminuria,-,-,possible,Desc: code 29738008,G,KIDNEYDISEASE,COV
All kidney disease,SNOMEDCT_US,735624002,Grade A3 albuminuria,-,-,possible,Desc: code 29738008,G,KIDNEYDISEASE,COV
All kidney disease,SNOMEDCT_US,73630001,Prerenal proteinuria,-,-,possible,Desc: code 29738008,G,KIDNEYDISEASE,COV
All kidney disease,SNOMEDCT_US,73883007,Emulsion proteinuria,-,-,possible,Desc: code 29738008,G,KIDNEYDISEASE,COV
All kidney disease,SNOMEDCT_US,762261001,Persistent albuminuria,-,-,possible,Desc: code 29738008,G,KIDNEYDISEASE,COV
All kidney disease,SNOMEDCT_US,767577006,Exercise induced moderate microalbuminuria,-,-,possible,Desc: code 29738008,G,KIDNEYDISEASE,COV
All kidney disease,SNOMEDCT_US,77250007,Essential proteinuria,-,-,possible,Desc: code 29738008,G,KIDNEYDISEASE,COV
All kidney disease,SNOMEDCT_US,8022000,Exercise proteinuria,-,-,possible,Desc: code 29738008,G,KIDNEYDISEASE,COV
All kidney disease,SNOMEDCT_US,870309009,Persistent orthostatic proteinuria,-,-,possible,Desc: code 29738008,G,KIDNEYDISEASE,COV
All kidney disease,SNOMEDCT_US,870311000,Persistent Bence Jones proteinuria,-,-,possible,Desc: code 29738008,G,KIDNEYDISEASE,COV
All kidney disease,SNOMEDCT_US,87865005,Adventitious proteinuria,-,-,possible,Desc: code 29738008,G,KIDNEYDISEASE,COV
All kidney disease,SNOMEDCT_US,8875000,Colliquative proteinuria,-,-,possible,Desc: code 29738008,G,KIDNEYDISEASE,COV
All kidney disease,SNOMEDCT_US,89238002,True proteinuria,-,-,possible,Desc: code 29738008,G,KIDNEYDISEASE,COV
All kidney disease,SNOMEDCT_US,207310001,[D]Proteinuria,C0033687,Proteinuria,possible,,G,KIDNEYDISEASE,COV
All kidney disease,SNOMEDCT_US,207315006,[D]Proteinuria NOS,C0033687,Proteinuria,possible,,G,KIDNEYDISEASE,COV
All kidney disease,SNOMEDCT_US,144515004,Proteinuria,C0033687,Proteinuria,possible,,G,KIDNEYDISEASE,COV
All kidney disease,SNOMEDCT_US,236719005,Proteinuria,C0033687,Proteinuria,possible,,G,KIDNEYDISEASE,COV
All kidney disease,SNOMEDCT_US,158568007,[D]Proteinuria NOS,C0033687,Proteinuria,possible,,G,KIDNEYDISEASE,COV
All kidney disease,SNOMEDCT_US,236481004,Acquired magnesium-losing nephropathy,C0403507,Acquired magnesium-losing nephropathy,narrow,,G,KIDNEYDISEASE,COV
All kidney disease,SNOMEDCT_US,236482006,Inherited renal tubule insufficiency with cholestatic jaundice,C0403508,Inherited renal tubule insufficiency with cholestatic jaundice,narrow,,G,KIDNEYDISEASE,COV
All kidney disease,SNOMEDCT_US,236479001,Magnesium-losing nephropathy,C0403505,Magnesium-losing nephropathy,narrow,,G,KIDNEYDISEASE,COV
All kidney disease,SNOMEDCT_US,95568003,Renal tubular disorder,C0151747,Renal tubular disorder,narrow,,G,KIDNEYDISEASE,COV
All kidney disease,SNOMEDCT_US,236480003,Inherited magnesium-losing nephropathy,C0403506,Inherited magnesium-losing nephropathy,narrow,,G,KIDNEYDISEASE,COV
All kidney disease,SNOMEDCT_US,236483001,Escape of urine from kidney,C0403509,Escape of urine from kidney,narrow,,G,KIDNEYDISEASE,COV
All kidney disease,SNOMEDCT_US,194773000,Hypertensive nephropathy,C0848548,hypertensive nephropathy,narrow,,G,KIDNEYDISEASE,COV
All kidney disease,SNOMEDCT_US,266230002,Hypertensive renal disease NOS,C0848548,hypertensive nephropathy,narrow,,G,KIDNEYDISEASE,COV
All kidney disease,SNOMEDCT_US,194775007,Hypertensive renal disease NOS,C0848548,hypertensive nephropathy,narrow,,G,KIDNEYDISEASE,COV
All kidney disease,SNOMEDCT_US,38481006,Hypertensive renal disease,C0848548,hypertensive nephropathy,narrow,,G,KIDNEYDISEASE,COV
All kidney disease,SNOMEDCT_US,707332000,Recurrent proliferative glomerulonephritis,C3873417,Recurrent proliferative glomerulonephritis,narrow,,G,KIDNEYDISEASE,COV
All kidney disease,SNOMEDCT_US,449409002,Disorder of kidney due to lambda light chain disease,C3164972,Disorder of kidney due to lambda light chain disease,narrow,,G,KIDNEYDISEASE,COV
All kidney disease,SNOMEDCT_US,449408005,Disorder of kidney due to kappa light chain disease,C3164971,Disorder of kidney due to kappa light chain disease,narrow,,G,KIDNEYDISEASE,COV
All kidney disease,SNOMEDCT_US,1144941009,Chronic tubulointerstitial nephritis following renal transplantation,C5546036,Chronic tubulointerstitial nephritis following renal transplantation,narrow,,G,KIDNEYDISEASE,COV
All kidney disease,SNOMEDCT_US,445236007,Cardiorenal syndrome,C2242703,Cardio-Renal Syndrome,narrow,,G,KIDNEYDISEASE,COV
All kidney disease,SNOMEDCT_US,199136005,Glycosuria during pregnancy - not delivered,C0403500,Glycosuria during pregnancy - not delivered,possible,,G,KIDNEYDISEASE,COV
All kidney disease,SNOMEDCT_US,725033008,Familial primary hypomagnesemia with hypercalciuria and nephrocalcinosis without severe ocular involvement,C4511528,Familial primary hypomagnesemia with hypercalciuria and nephrocalcinosis without severe ocular involvement,narrow,,G,KIDNEYDISEASE,COV
All kidney disease,SNOMEDCT_US,236472005,High renal threshold for glucose,C0403503,High renal threshold for glucose,possible,,G,KIDNEYDISEASE,COV
All kidney disease,SNOMEDCT_US,236474006,Isolated hypercystinuria,C0403504,Isolated hypercystinuria,possible,,G,KIDNEYDISEASE,COV
All kidney disease,SNOMEDCT_US,199137001,Glycosuria during pregnancy with postnatal complication,C0403501,Glycosuria during pregnancy with postnatal complication,possible,,G,KIDNEYDISEASE,COV
All kidney disease,SNOMEDCT_US,236471003,Low renal threshold for glucose,C0403502,Low renal threshold for glucose,narrow,,G,KIDNEYDISEASE,COV
All kidney disease,SNOMEDCT_US,710571007,Renal dysplasia due to fetal exposure to angiotensin converting enzyme inhibitor,C4040150,Renal dysplasia due to fetal exposure to angiotensin converting enzyme inhibitor,narrow,,G,KIDNEYDISEASE,COV
All kidney disease,SNOMEDCT_US,32482005,Orthostatic proteinuria,C0232867,Orthostatic proteinuria,narrow,,G,KIDNEYDISEASE,COV
All kidney disease,SNOMEDCT_US,77872002,Postural albuminuria,C0232867,Orthostatic proteinuria,possible,,G,KIDNEYDISEASE,COV
All kidney disease,SNOMEDCT_US,155874000,Orthostatic proteinuria,C0232867,Orthostatic proteinuria,possible,,G,KIDNEYDISEASE,COV
All kidney disease,SNOMEDCT_US,78719009,Benign postural proteinuria,C0232867,Orthostatic proteinuria,possible,,G,KIDNEYDISEASE,COV
All kidney disease,SNOMEDCT_US,723373006,UMOD-related autosomal dominant tubulointerstitial kidney disease,C1859040,Medullary Cystic Kidney Disease Type 2,narrow,,G,KIDNEYDISEASE,COV
All kidney disease,SNOMEDCT_US,445503007,Medullary cystic kidney disease type 2,C1859040,Medullary Cystic Kidney Disease Type 2,narrow,,G,KIDNEYDISEASE,COV
All kidney disease,SNOMEDCT_US,735909008,Dehydration following exertion,C4544039,Dehydration following exertion,narrow,,G,KIDNEYDISEASE,COV
All kidney disease,SNOMEDCT_US,81986001,Renal secondary osteodystrophia fibrosa,C0268812,Renal secondary osteodystrophia fibrosa,narrow,,G,KIDNEYDISEASE,COV
All kidney disease,SNOMEDCT_US,57557005,Chronic milk alkali syndrome,C0268810,Chronic milk alkali syndrome,possible,,G,KIDNEYDISEASE,COV
All kidney disease,SNOMEDCT_US,26298008,Ketoacidotic coma due to diabetes mellitus,C0011877,Ketoacidotic coma due to diabetes mellitus,exclude,,G,KIDNEYDISEASE,COV
All kidney disease,SNOMEDCT_US,449820008,Steroid resistant nephrotic syndrome of childhood,C3266102,Steroid resistant nephrotic syndrome of childhood,narrow,,G,KIDNEYDISEASE,COV
All kidney disease,SNOMEDCT_US,267467004,Diabetes mellitus (& [ketoacidosis]),C0011880,Diabetic Ketoacidosis,possible,,G,KIDNEYDISEASE,COV
All kidney disease,SNOMEDCT_US,420422005,Diabetic ketoacidosis,C0011880,Diabetic Ketoacidosis,exclude,,G,KIDNEYDISEASE,COV
All kidney disease,SNOMEDCT_US,24927004,Diabetes mellitus with ketoacidosis,C0011880,Diabetic Ketoacidosis,possible,,G,KIDNEYDISEASE,COV
All kidney disease,SNOMEDCT_US,190328004,Diabetes mellitus NOS with ketoacidosis,C0011880,Diabetic Ketoacidosis,possible,,G,KIDNEYDISEASE,COV
All kidney disease,SNOMEDCT_US,154671004,Diabetes mellitus (& [ketoacidosis]),C0011880,Diabetic Ketoacidosis,possible,,G,KIDNEYDISEASE,COV
All kidney disease,SNOMEDCT_US,21858001,Diabetes with renal manifestations,C0011881,Diabetic Nephropathy,narrow,,G,KIDNEYDISEASE,COV
All kidney disease,SNOMEDCT_US,154677000,Diabetes + nephropathy (& [Kimmelstiel-Wilson syndrome]),C0011881,Diabetic Nephropathy,narrow,,G,KIDNEYDISEASE,COV
All kidney disease,SNOMEDCT_US,127013003,Disorder of kidney due to diabetes mellitus,C0011881,Diabetic Nephropathy,narrow,,G,KIDNEYDISEASE,COV
All kidney disease,SNOMEDCT_US,190342007,Diabetes mellitis with nephropathy NOS,C0011881,Diabetic Nephropathy,narrow,,G,KIDNEYDISEASE,COV
All kidney disease,SNOMEDCT_US,267381003,Diabetes mellitus with renal manifestation,C0011881,Diabetic Nephropathy,narrow,,G,KIDNEYDISEASE,COV
All kidney disease,SNOMEDCT_US,190338009,Diabetes mellitus with renal manifestation,C0011881,Diabetic Nephropathy,narrow,,G,KIDNEYDISEASE,COV
All kidney disease,SNOMEDCT_US,45646000,Subacute milk alkali syndrome,C0268809,Subacute milk alkali syndrome,possible,,G,KIDNEYDISEASE,COV
All kidney disease,SNOMEDCT_US,88380005,Acute milk alkali syndrome,C0268808,Acute milk alkali syndrome,possible,,G,KIDNEYDISEASE,COV
All kidney disease,SNOMEDCT_US,721297008,Galloway Mowat syndrome,C0795949,Galloway Mowat syndrome,possible,,G,KIDNEYDISEASE,COV
All kidney disease,SNOMEDCT_US,733470002,Collecting duct carcinoma of kidney,C1266044,Collecting Duct Carcinoma of the Kidney,narrow,,G,KIDNEYDISEASE,COV
All kidney disease,SNOMEDCT_US,128669006,Collecting duct carcinoma,C1266044,Collecting Duct Carcinoma of the Kidney,narrow,,G,KIDNEYDISEASE,COV
All kidney disease,SNOMEDCT_US,40068008,Hydroureteronephrosis,C0268804,Hydroureteronephrosis,narrow,,G,KIDNEYDISEASE,COV
All kidney disease,SNOMEDCT_US,197787005,Hydroureteronephrosis,C0268804,Hydroureteronephrosis,narrow,,G,KIDNEYDISEASE,COV
All kidney disease,SNOMEDCT_US,197802007,Peripelvic (lymphatic) cyst,C0268803,Peripelvic (lymphatic) cyst,possible,,G,KIDNEYDISEASE,COV
All kidney disease,SNOMEDCT_US,35302004,Peripelvic lymphatic cyst,C0268803,Peripelvic (lymphatic) cyst,possible,,G,KIDNEYDISEASE,COV
All kidney disease,SNOMEDCT_US,71064009,Acquired polycystic kidney disease,C0268802,Acquired polycystic kidney disease,narrow,,G,KIDNEYDISEASE,COV
All kidney disease,SNOMEDCT_US,77945009,"Congenital renal cyst, single",C0268800,Simple renal cyst,possible,,G,KIDNEYDISEASE,COV
All kidney disease,SNOMEDCT_US,128667008,"Renal cell carcinoma, chromophobe cell",C1266042,Chromophobe Renal Cell Carcinoma,narrow,,G,KIDNEYDISEASE,COV
All kidney disease,SNOMEDCT_US,733471003,Chromophobe renal cell carcinoma,C1266042,Chromophobe Renal Cell Carcinoma,narrow,,G,KIDNEYDISEASE,COV
All kidney disease,SNOMEDCT_US,286371000119107,Malignant hypertensive end stage renal disease on dialysis,C3531787,Malignant hypertensive end stage renal disease on dialysis,narrow,,G,KIDNEYDISEASE,COV
All kidney disease,SNOMEDCT_US,733839001,Postpartum acute renal failure,C0157461,Postpartum acute renal failure,narrow,,G,KIDNEYDISEASE,COV
All kidney disease,SNOMEDCT_US,13010001,Acute renal failure following labor and delivery,C0157461,Postpartum acute renal failure,narrow,,G,KIDNEYDISEASE,COV
All kidney disease,SNOMEDCT_US,708931003,Maintenance hemodialysis,C4040576,Maintenance hemodialysis,narrow,,G,KIDNEYDISEASE,COV
All kidney disease,SNOMEDCT_US,66978005,Hypermagnesemia,C0151714,Hypermagnesemia,possible,,G,KIDNEYDISEASE,COV
All kidney disease,SNOMEDCT_US,24814002,Potter's facies,C0266619,Potter's facies,possible,,G,KIDNEYDISEASE,COV
All kidney disease,SNOMEDCT_US,205038003,Potter's facies,C0266619,Potter's facies,possible,,G,KIDNEYDISEASE,COV
All kidney disease,SNOMEDCT_US,1216941002,Ketoacidosis due to monocarboxylate transporter-1 deficiency,C4015186,Ketoacidosis due to monocarboxylate transporter-1 deficiency,exclude,,G,KIDNEYDISEASE,COV
All kidney disease,SNOMEDCT_US,870589006,Acute kidney injury due to COVID-19,C5397148,Acute kidney injury due to COVID-19,narrow,,G,KIDNEYDISEASE,COV
All kidney disease,SNOMEDCT_US,1092831000119109,Toxoplasma tubulointerstitial nephropathy,C3874317,Toxoplasma tubulointerstitial nephropathy,narrow,,G,KIDNEYDISEASE,COV
All kidney disease,SNOMEDCT_US,90771000119100,End stage renal disease on dialysis due to type 1 diabetes mellitus,C3874791,End stage renal disease on dialysis due to type 1 diabetes mellitus,narrow,,G,KIDNEYDISEASE,COV
All kidney disease,SNOMEDCT_US,312221005,Infective ureteritis,C0729590,Infective ureteritis,possible,,G,KIDNEYDISEASE,COV
All kidney disease,SNOMEDCT_US,721191000,Necrosis of capillary of kidney due to glomerular disease,C4303498,Necrosis of capillary of kidney due to glomerular disease,narrow,,G,KIDNEYDISEASE,COV
All kidney disease,SNOMEDCT_US,353911000119105,Benign neoplasm of right renal pelvis,C2869522,Benign neoplasm of right renal pelvis,possible,,G,KIDNEYDISEASE,COV
All kidney disease,SNOMEDCT_US,354021000119100,Benign neoplasm of left renal pelvis,C2869523,Benign neoplasm of left renal pelvis,possible,,G,KIDNEYDISEASE,COV
All kidney disease,SNOMEDCT_US,1208934006,Sagliker syndrome,C5681093,Sagliker syndrome,possible,,G,KIDNEYDISEASE,COV
All kidney disease,SNOMEDCT_US,717749002,Bilateral multicystic renal dysplasia,C1840451,"MULTICYSTIC RENAL DYSPLASIA, BILATERAL",possible,,G,KIDNEYDISEASE,COV
All kidney disease,SNOMEDCT_US,307755009,Renal tubulo-interstitial disorder due to systemic lupus erythematosus,C0585622,Renal tubulo-interstitial disorder due to systemic lupus erythematosus,narrow,,G,KIDNEYDISEASE,COV
All kidney disease,SNOMEDCT_US,197746009,Renal tubulo-interstitial disorder in systemic lupus erythematosus,C0585622,Renal tubulo-interstitial disorder due to systemic lupus erythematosus,narrow,,G,KIDNEYDISEASE,COV
All kidney disease,SNOMEDCT_US,120241000119100,Glomerulonephritis due to hepatitis C,C3874306,Glomerulonephritis due to hepatitis C,narrow,,G,KIDNEYDISEASE,COV
All kidney disease,SNOMEDCT_US,1163077002,Diphtheritic renal tubular necrosis,C5566985,Diphtheritic renal tubular necrosis,narrow,,G,KIDNEYDISEASE,COV
All kidney disease,SNOMEDCT_US,60853003,Disorder of magnesium metabolism,C0012716,Disorder of magnesium metabolism,possible,,G,KIDNEYDISEASE,COV
All kidney disease,SNOMEDCT_US,190857007,Disorder of magnesium metabolism NOS,C0012716,Disorder of magnesium metabolism,possible,,G,KIDNEYDISEASE,COV
All kidney disease,SNOMEDCT_US,365757006,Serum creatinine level - finding,C0600061,Serum creatinine level,narrow,,G,KIDNEYDISEASE,COV
All kidney disease,SNOMEDCT_US,733137002,Acute kidney failure stage 1,C4518597,Acute kidney failure stage 1,narrow,,G,KIDNEYDISEASE,COV
All kidney disease,SNOMEDCT_US,295101000119105,Nephropathy co-occurrent and due to systemic lupus erythematosus,C4040112,Nephropathy co-occurrent and due to systemic lupus erythematosus,narrow,,G,KIDNEYDISEASE,COV
All kidney disease,SNOMEDCT_US,733138007,Acute kidney failure stage 2,C4518598,Acute kidney failure stage 2,narrow,,G,KIDNEYDISEASE,COV
All kidney disease,SNOMEDCT_US,251994004,Vesicoureteric reflux,C0042580,Vesico-Ureteral Reflux,possible,,G,KIDNEYDISEASE,COV
All kidney disease,SNOMEDCT_US,197811007,Vesicoureteric reflux,C0042580,Vesico-Ureteral Reflux,possible,,G,KIDNEYDISEASE,COV
All kidney disease,SNOMEDCT_US,26836002,Vesicoureteral reflux,C0042580,Vesico-Ureteral Reflux,possible,,G,KIDNEYDISEASE,COV
All kidney disease,SNOMEDCT_US,155875004,Vesicoureteric reflux,C0042580,Vesico-Ureteral Reflux,possible,,G,KIDNEYDISEASE,COV
All kidney disease,SNOMEDCT_US,733139004,Acute kidney failure stage 3,C4518599,Acute kidney failure stage 3,narrow,,G,KIDNEYDISEASE,COV
All kidney disease,SNOMEDCT_US,190881000,Metabolic acidosis NEC,C0161976,Metabolic acidosis NEC,exclude,,G,KIDNEYDISEASE,COV
All kidney disease,SNOMEDCT_US,713887002,Focal segmental glomerulosclerosis co-occurrent with human immunodeficiency virus infection,C4075623,Focal segmental glomerulosclerosis co-occurrent with human immunodeficiency virus infection,narrow,,G,KIDNEYDISEASE,COV
All kidney disease,SNOMEDCT_US,7011000119105,Exudative nephritis,C2231195,Exudative nephritis,narrow,,G,KIDNEYDISEASE,COV
All kidney disease,SNOMEDCT_US,733097003,"Ichthyosis, intellectual disability, dwarfism, renal impairment syndrome",C4518580,"Ichthyosis, intellectual disability, dwarfism, renal impairment syndrome",possible,,G,KIDNEYDISEASE,COV
All kidney disease,SNOMEDCT_US,236528009,Diffuse mesangial sclerosis with ocular abnormalities,C0403550,Diffuse mesangial sclerosis with ocular abnormalities,narrow,,G,KIDNEYDISEASE,COV
All kidney disease,SNOMEDCT_US,733116005,"Aniridia, renal agenesis, psychomotor retardation syndrome",C4518585,"Aniridia, renal agenesis, psychomotor retardation syndrome",possible,,G,KIDNEYDISEASE,COV
All kidney disease,SNOMEDCT_US,236532003,Renal tubular acidosis with progressive nerve deafness,C0403554,"Renal Tubular Acidosis, Distal, with Progressive Nerve Deafness",narrow,,G,KIDNEYDISEASE,COV
All kidney disease,SNOMEDCT_US,718713000,Hypertrophic cardiomyopathy with hypotonia and lactic acidosis syndrome,C4305259,Hypertrophic cardiomyopathy with hypotonia and lactic acidosis syndrome,possible,,G,KIDNEYDISEASE,COV
All kidney disease,SNOMEDCT_US,236530006,Pulmonic stenosis and congenital nephrosis,C0403552,Pulmonic Stenosis and Congenital Nephrosis,narrow,,G,KIDNEYDISEASE,COV
All kidney disease,SNOMEDCT_US,236531005,Renal dysplasia and retinal aplasia,C0403553,Renal dysplasia and retinal aplasia (disorder),possible,,G,KIDNEYDISEASE,COV
All kidney disease,SNOMEDCT_US,87235005,Dialysis disequilibrium syndrome,C0403559,Dialysis disequilibrium syndrome,possible,,G,KIDNEYDISEASE,COV
All kidney disease,SNOMEDCT_US,236535001,Glomerulopathy with fibronectin deposits 1,C0403557,Glomerulopathy with Giant Fibrillar Deposits,narrow,,G,KIDNEYDISEASE,COV
All kidney disease,SNOMEDCT_US,267415003,Infantile nephropathic cystinosis,C3537440,"Cystinosis, Infantile Nephropathic",narrow,,G,KIDNEYDISEASE,COV
All kidney disease,SNOMEDCT_US,62332007,Infantile nephropathic cystinosis,C3537440,"Cystinosis, Infantile Nephropathic",narrow,,G,KIDNEYDISEASE,COV
All kidney disease,SNOMEDCT_US,204945007,Congenital absence of kidney NOS,C0542519,Congenital absence of kidney,possible,,G,KIDNEYDISEASE,COV
All kidney disease,SNOMEDCT_US,204940002,"Renal agenesis, unspecified NOS",C0542519,Congenital absence of kidney,possible,,G,KIDNEYDISEASE,COV
All kidney disease,SNOMEDCT_US,204942005,Renal agenesis,C0542519,Congenital absence of kidney,possible,,G,KIDNEYDISEASE,COV
All kidney disease,SNOMEDCT_US,41962002,Renal agenesis,C0542519,Congenital absence of kidney,possible,,G,KIDNEYDISEASE,COV
All kidney disease,SNOMEDCT_US,204939004,"Renal agenesis, unspecified",C0542519,Congenital absence of kidney,possible,,G,KIDNEYDISEASE,COV
All kidney disease,SNOMEDCT_US,723995003,Schimke immuno-osseous dysplasia,C0877024,Schimke immunoosseous dysplasia,possible,,G,KIDNEYDISEASE,COV
All kidney disease,SNOMEDCT_US,367521000119108,Hereditary diffuse crescentic glomerulonephritis,C3875210,Hereditary diffuse crescentic glomerulonephritis,narrow,,G,KIDNEYDISEASE,COV
All kidney disease,SNOMEDCT_US,236539007,First use syndrome of dialysis,C0403560,First use syndrome of dialysis,narrow,,G,KIDNEYDISEASE,COV
All kidney disease,SNOMEDCT_US,236552002,Adynamic bone disease,C0403566,Adynamic bone disease,exclude,,G,KIDNEYDISEASE,COV
All kidney disease,SNOMEDCT_US,197799003,Floating kidney,C1384594,Nephroptosis,possible,,G,KIDNEYDISEASE,COV
All kidney disease,SNOMEDCT_US,249584008,Mobile kidney,C1384594,Nephroptosis,possible,,G,KIDNEYDISEASE,COV
All kidney disease,SNOMEDCT_US,719839000,Tubular renal disease with cardiomyopathy syndrome,C4304399,Tubular renal disease with cardiomyopathy syndrome,narrow,,G,KIDNEYDISEASE,COV
All kidney disease,SNOMEDCT_US,733096007,Thyrocerebrorenal syndrome,C4518579,Thyrocerebrorenal syndrome,possible,,G,KIDNEYDISEASE,COV
All kidney disease,SNOMEDCT_US,697982000,Referral to surgical transplant service for renal transplant evaluation,C3697358,Referral to surgical transplant service for renal transplant evaluation,narrow,,G,KIDNEYDISEASE,COV
All kidney disease,SNOMEDCT_US,412859006,Dialysis fluid examination,C1446004,Dialysis fluid examination,narrow,,G,KIDNEYDISEASE,COV
All kidney disease,SNOMEDCT_US,367531000119106,Hereditary diffuse endocapillary proliferative glomerulonephritis,C3875205,Hereditary diffuse endocapillary proliferative glomerulonephritis,narrow,,G,KIDNEYDISEASE,COV
All kidney disease,SNOMEDCT_US,445120004,Uremia due to inadequate renal perfusion,C2919930,Uremia due to inadequate renal perfusion,narrow,,G,KIDNEYDISEASE,COV
All kidney disease,SNOMEDCT_US,137971000119104,History of acute kidney injury,C4040545,History of acute kidney injury,possible,,G,KIDNEYDISEASE,COV
All kidney disease,SNOMEDCT_US,236556004,Bloodstained peritoneal dialysis effluent,C0403570,Bloodstained peritoneal dialysis effluent,possible,,G,KIDNEYDISEASE,COV
All kidney disease,SNOMEDCT_US,236562009,Obstruction of peritoneal dialysis catheter,C0403576,Obstruction of peritoneal dialysis catheter,narrow,,G,KIDNEYDISEASE,COV
All kidney disease,SNOMEDCT_US,1162663008,Obstruction of Tenckhoff catheter,-,-,narrow,Desc: code 236562009,G,KIDNEYDISEASE,COV
All kidney disease,SNOMEDCT_US,440597004,Obstruction of peritoneal dialysis catheter by fibrin formation,-,-,narrow,Desc: code 236562009,G,KIDNEYDISEASE,COV
All kidney disease,SNOMEDCT_US,166727009,Corrected serum creatinine level,C1278054,Corrected serum creatinine measurement,exclude,,G,KIDNEYDISEASE,COV
All kidney disease,SNOMEDCT_US,313822004,Corrected serum creatinine measurement,C1278054,Corrected serum creatinine measurement,narrow,,G,KIDNEYDISEASE,COV
All kidney disease,SNOMEDCT_US,144017001,Corrected serum creatinine level,C1278054,Corrected serum creatinine measurement,possible,,G,KIDNEYDISEASE,COV
All kidney disease,SNOMEDCT_US,236561002,Disorder of peritoneal dialysis catheter,C0403575,Disorder of peritoneal dialysis catheter,narrow,,G,KIDNEYDISEASE,COV
All kidney disease,SNOMEDCT_US,236557008,Peritoneal dialysis catheter exit site infection,-,-,narrow,Desc: code 236561002,G,KIDNEYDISEASE,COV
All kidney disease,SNOMEDCT_US,236558003,Peritoneal dialysis catheter tunnel infection,-,-,narrow,Desc: code 236561002,G,KIDNEYDISEASE,COV
All kidney disease,SNOMEDCT_US,236563004,Migration of peritoneal dialysis catheter,-,-,narrow,Desc: code 236561002,G,KIDNEYDISEASE,COV
All kidney disease,SNOMEDCT_US,236564005,Omental wrapping around peritoneal dialysis catheter,-,-,narrow,Desc: code 236561002,G,KIDNEYDISEASE,COV
All kidney disease,SNOMEDCT_US,236565006,Poor drainage of peritoneal dialysis catheter,-,-,narrow,Desc: code 236561002,G,KIDNEYDISEASE,COV
All kidney disease,SNOMEDCT_US,236566007,Extrusion of peritoneal dialysis catheter cuff,-,-,narrow,Desc: code 236561002,G,KIDNEYDISEASE,COV
All kidney disease,SNOMEDCT_US,236567003,Misplacement of acute peritoneal dialysis catheter,-,-,narrow,Desc: code 236561002,G,KIDNEYDISEASE,COV
All kidney disease,SNOMEDCT_US,430958003,Infection of peritoneal dialysis catheter,-,-,narrow,Desc: code 236561002,G,KIDNEYDISEASE,COV
All kidney disease,SNOMEDCT_US,440551001,Malposition of peritoneal dialysis catheter,-,-,narrow,Desc: code 236561002,G,KIDNEYDISEASE,COV
All kidney disease,SNOMEDCT_US,442171000124103,Bacterial infection associated with peritoneal dialysis catheter,-,-,narrow,Desc: code 236561002,G,KIDNEYDISEASE,COV
All kidney disease,SNOMEDCT_US,442181000124100,Fungal infection associated with peritoneal dialysis catheter,-,-,narrow,Desc: code 236561002,G,KIDNEYDISEASE,COV
All kidney disease,SNOMEDCT_US,473069007,Infection associated with peritoneal dialysis catheter,-,-,narrow,Desc: code 236561002,G,KIDNEYDISEASE,COV
All kidney disease,SNOMEDCT_US,473112005,Leakage from Tenckhoff catheter,-,-,narrow,Desc: code 236561002,G,KIDNEYDISEASE,COV
All kidney disease,SNOMEDCT_US,473147002,Malfunction of peritoneal dialysis catheter,-,-,narrow,Desc: code 236561002,G,KIDNEYDISEASE,COV
All kidney disease,SNOMEDCT_US,473186003,Migration of Tenckhoff catheter,-,-,narrow,Desc: code 236561002,G,KIDNEYDISEASE,COV
All kidney disease,SNOMEDCT_US,473190001,Leakage of peritoneal dialysis catheter,-,-,narrow,Desc: code 236561002,G,KIDNEYDISEASE,COV
All kidney disease,SNOMEDCT_US,709188009,Infection caused by Tenckhoff catheter,-,-,narrow,Desc: code 236561002,G,KIDNEYDISEASE,COV
All kidney disease,SNOMEDCT_US,15123008,Familial amyloid nephropathy with urticaria AND deafness,C0268390,Muckle-Wells Syndrome,possible,,G,KIDNEYDISEASE,COV
All kidney disease,SNOMEDCT_US,446923008,Lipoprotein glomerulopathy,C2673196,LIPOPROTEIN GLOMERULOPATHY,narrow,,G,KIDNEYDISEASE,COV
All kidney disease,SNOMEDCT_US,707208009,Familial non-obstructive reflux-associated chronic pyelonephritis,C3873499,Familial non-obstructive reflux-associated chronic pyelonephritis,narrow,,G,KIDNEYDISEASE,COV
All kidney disease,SNOMEDCT_US,111403005,Lipomatosis renis,C0023803,Lipomatosis renis,possible,,G,KIDNEYDISEASE,COV
All kidney disease,SNOMEDCT_US,723555007,"Thymic, renal, anal, lung dysplasia syndrome",C1848812,Thymic-Renal-Anal-Lung dysplasia,possible,,G,KIDNEYDISEASE,COV
All kidney disease,SNOMEDCT_US,66451004,"Familial visceral amyloidosis, Ostertag type",C0268389,"Amyloidosis, familial visceral",exclude,,G,KIDNEYDISEASE,COV
All kidney disease,SNOMEDCT_US,236569000,Primary non-function of renal transplant,C0403583,Primary non-function of renal transplant,narrow,,G,KIDNEYDISEASE,COV
All kidney disease,SNOMEDCT_US,236573002,Very mild acute rejection of renal transplant,C0403587,Very mild acute rejection of renal transplant,narrow,,G,KIDNEYDISEASE,COV
All kidney disease,SNOMEDCT_US,48713002,Amyloid nephropathy,C0268382,Amyloid nephropathy,narrow,,G,KIDNEYDISEASE,COV
All kidney disease,SNOMEDCT_US,236574008,Acute rejection of renal transplant,C0403588,Acute rejection of renal transplant,narrow,,G,KIDNEYDISEASE,COV
All kidney disease,SNOMEDCT_US,236571000,Hyperacute rejection of renal transplant,C0403585,Hyperacute rejection of renal transplant,narrow,,G,KIDNEYDISEASE,COV
All kidney disease,SNOMEDCT_US,236572007,Accelerated rejection of renal transplant,C0403586,Accelerated rejection of renal transplant,narrow,,G,KIDNEYDISEASE,COV
All kidney disease,SNOMEDCT_US,762531008,Renal hypersensitivity caused by drug,C4546281,Renal hypersensitivity caused by drug,narrow,,G,KIDNEYDISEASE,COV
All kidney disease,SNOMEDCT_US,722948009,Glomerular disorder due to non-neuropathic heredofamilial amyloidosis,C4302194,Glomerular disorder due to non-neuropathic heredofamilial amyloidosis,narrow,,G,KIDNEYDISEASE,COV
All kidney disease,SNOMEDCT_US,236575009,Acute rejection of renal transplant - grade I,C0403589,Acute rejection of renal transplant - grade I,narrow,,G,KIDNEYDISEASE,COV
All kidney disease,SNOMEDCT_US,236499007,Microalbuminuric diabetic nephropathy,C0403518,Microalbuminuric diabetic nephropathy,narrow,,G,KIDNEYDISEASE,COV
All kidney disease,SNOMEDCT_US,236500003,Proteinuric nephropathy due to diabetes mellitus,C0403519,Proteinuric nephropathy due to diabetes mellitus,narrow,,G,KIDNEYDISEASE,COV
All kidney disease,SNOMEDCT_US,236498004,Renal disorders in systemic disease,C0403517,Renal disorders in systemic disease,narrow,,G,KIDNEYDISEASE,COV
All kidney disease,SNOMEDCT_US,85487008,Renal phosphaturia,C0282201,Phosphate Diabetes,narrow,,G,KIDNEYDISEASE,COV
All kidney disease,SNOMEDCT_US,78812008,Neonatal dehydration,C0270229,Neonatal dehydration,possible,,G,KIDNEYDISEASE,COV
All kidney disease,SNOMEDCT_US,367561000119103,Hereditary diffuse mesangiocapillary glomerulonephritis,C3875268,Hereditary diffuse mesangiocapillary glomerulonephritis,narrow,,G,KIDNEYDISEASE,COV
All kidney disease,SNOMEDCT_US,74011000119107,Renal anasarca,C3875267,Renal anasarca,narrow,,G,KIDNEYDISEASE,COV
All kidney disease,SNOMEDCT_US,236484007,Calyceal fistula,C0403510,Calyceal fistula,narrow,,G,KIDNEYDISEASE,COV
All kidney disease,SNOMEDCT_US,236485008,Fistula from renal pelvis,C0403511,Fistula from renal pelvis,narrow,,G,KIDNEYDISEASE,COV
All kidney disease,SNOMEDCT_US,276584001,Neonatal nephrocalcinosis,C0456041,Neonatal nephrocalcinosis,narrow,,G,KIDNEYDISEASE,COV
All kidney disease,SNOMEDCT_US,106000008,Metabolic renal disease,C0403515,Metabolic renal disease,narrow,,G,KIDNEYDISEASE,COV
All kidney disease,SNOMEDCT_US,276583007,Newborn renal dysfunction,C0456040,Newborn renal dysfunction,narrow,,G,KIDNEYDISEASE,COV
All kidney disease,SNOMEDCT_US,236486009,Extravasation of urine from renal pelvis,C0403512,Extravasation of urine from renal pelvis,narrow,,G,KIDNEYDISEASE,COV
All kidney disease,SNOMEDCT_US,276586004,Transient neonatal renal tubular acidosis,C0456042,Transient neonatal renal tubular acidosis,narrow,,G,KIDNEYDISEASE,COV
All kidney disease,SNOMEDCT_US,788613004,Anti-glomerular basement membrane disease,C0403529,Anti-Glomerular Basement Membrane Disease,possible,,G,KIDNEYDISEASE,COV
All kidney disease,SNOMEDCT_US,236506009,Anti GBM - Antiglomerular basement membrane disease,C0403529,Anti-Glomerular Basement Membrane Disease,possible,,G,KIDNEYDISEASE,COV
All kidney disease,SNOMEDCT_US,50581000,Goodpasture's syndrome,C0403529,Anti-Glomerular Basement Membrane Disease,possible,,G,KIDNEYDISEASE,COV
All kidney disease,SNOMEDCT_US,155445002,Goodpasture's syndrome,C0403529,Anti-Glomerular Basement Membrane Disease,possible,,G,KIDNEYDISEASE,COV
All kidney disease,SNOMEDCT_US,266323005,Goodpasture's syndrome,C0403529,Anti-Glomerular Basement Membrane Disease,possible,,G,KIDNEYDISEASE,COV
All kidney disease,SNOMEDCT_US,195351002,Goodpasture's syndrome,C0403529,Anti-Glomerular Basement Membrane Disease,possible,,G,KIDNEYDISEASE,COV
All kidney disease,SNOMEDCT_US,732951005,"Mitochondrial myopathy, lactic acidosis, deafness syndrome",C4518539,"Mitochondrial myopathy, lactic acidosis, deafness syndrome",possible,,G,KIDNEYDISEASE,COV
All kidney disease,SNOMEDCT_US,236503001,Acute scleroderma renal crisis,C0403527,Acute scleroderma renal crisis,narrow,,G,KIDNEYDISEASE,COV
All kidney disease,SNOMEDCT_US,191307001,Henoch-Schonlein nephritis,C0403528,Henoch-Schönlein nephritis,narrow,,G,KIDNEYDISEASE,COV
All kidney disease,SNOMEDCT_US,236504007,Henoch-Schönlein nephritis,C0403528,Henoch-Schönlein nephritis,narrow,,G,KIDNEYDISEASE,COV
All kidney disease,SNOMEDCT_US,723999009,RHYNS syndrome,C1865794,RHYNS syndrome,possible,,G,KIDNEYDISEASE,COV
All kidney disease,SNOMEDCT_US,95581005,Bilateral hydronephrosis,C0521622,Bilateral hydronephrosis,narrow,,G,KIDNEYDISEASE,COV
All kidney disease,SNOMEDCT_US,95576001,Dilatation of ureter,C0521620,Dilatation of ureter,possible,,G,KIDNEYDISEASE,COV
All kidney disease,SNOMEDCT_US,197810008,Hydroureter,C0521620,Dilatation of ureter,possible,,G,KIDNEYDISEASE,COV
All kidney disease,SNOMEDCT_US,69758005,Hydroureter,C0521620,Dilatation of ureter,possible,,G,KIDNEYDISEASE,COV
All kidney disease,SNOMEDCT_US,95582003,Kidney crystallization,C0521623,Kidney crystallization,possible,,G,KIDNEYDISEASE,COV
All kidney disease,SNOMEDCT_US,735471001,Complex renal cyst,C0748283,Complex renal cyst,possible,,G,KIDNEYDISEASE,COV
All kidney disease,SNOMEDCT_US,18300001000004102,Complex cyst of kidney,C0748283,Complex renal cyst,possible,,G,KIDNEYDISEASE,COV
All kidney disease,SNOMEDCT_US,37133005,Tuberculous pyelitis,C0275926,Tuberculous pyelitis,possible,,G,KIDNEYDISEASE,COV
All kidney disease,SNOMEDCT_US,1285574007,Hepatorenal syndrome with acute kidney injury,C5852685,Hepatorenal syndrome with acute kidney injury,narrow,,G,KIDNEYDISEASE,COV
All kidney disease,SNOMEDCT_US,236432001,Pulmonary renal syndrome,C0549143,Pulmonary renal syndrome,possible,,G,KIDNEYDISEASE,COV
All kidney disease,SNOMEDCT_US,236518000,Acute mercury nephropathy,C0403538,Acute mercury nephropathy,narrow,,G,KIDNEYDISEASE,COV
All kidney disease,SNOMEDCT_US,236519008,Chronic drug-induced renal disease,C0403539,Chronic drug-induced renal disease,narrow,,G,KIDNEYDISEASE,COV
All kidney disease,SNOMEDCT_US,276627004,Congenital uremia,C0343305,Congenital uremia,narrow,,G,KIDNEYDISEASE,COV
All kidney disease,SNOMEDCT_US,206585006,Congenital renal failure,C0343305,Congenital uremia,narrow,,G,KIDNEYDISEASE,COV
All kidney disease,SNOMEDCT_US,189462008,Neoplasm of uncertain behavior of kidney,C0496927,Neoplasm of uncertain or unknown behavior of kidney,possible,,G,KIDNEYDISEASE,COV
All kidney disease,SNOMEDCT_US,94889006,Neoplasm of uncertain behavior of kidney,C0496927,Neoplasm of uncertain or unknown behavior of kidney,possible,,G,KIDNEYDISEASE,COV
All kidney disease,SNOMEDCT_US,180000003,Autotransplantation of adrenal medulla to caudate nucleus of brain,C0413346,Autotransplantation of adrenal medulla to caudate nucleus of brain,possible,,G,KIDNEYDISEASE,COV
All kidney disease,SNOMEDCT_US,5941000119101,Congenital single renal cyst,C3854304,Congenital single renal cyst,possible,,G,KIDNEYDISEASE,COV
All kidney disease,SNOMEDCT_US,711446003,Transplantation of kidney regime,C4040504,Transplantation of kidney regime,possible,,G,KIDNEYDISEASE,COV
All kidney disease,SNOMEDCT_US,95575002,Obstruction of pelviureteric junction,C0521619,Obstruction of pelviureteric junction,narrow,,G,KIDNEYDISEASE,COV
All kidney disease,SNOMEDCT_US,236507000,Renal involvement in malignant disease,C0403530,Renal involvement in malignant disease,narrow,,G,KIDNEYDISEASE,COV
All kidney disease,SNOMEDCT_US,236508005,Malignancy-associated glomerulonephritis,C0403531,Malignancy-associated glomerulonephritis,narrow,,G,KIDNEYDISEASE,COV
All kidney disease,SNOMEDCT_US,236516001,Acute lead nephropathy,C0403536,Acute lead nephropathy,narrow,,G,KIDNEYDISEASE,COV
All kidney disease,SNOMEDCT_US,717263009,Transient pseudohypoaldosteronism,C4273962,Transient pseudohypoaldosteronism,narrow,,G,KIDNEYDISEASE,COV
All kidney disease,SNOMEDCT_US,236517005,Acute cadmium nephropathy,C0403537,Acute cadmium nephropathy,narrow,,G,KIDNEYDISEASE,COV
All kidney disease,SNOMEDCT_US,236511006,Macroglobulinemic nephropathy,C0403534,Macroglobulinemic nephropathy,narrow,,G,KIDNEYDISEASE,COV
All kidney disease,SNOMEDCT_US,236515002,Acute toxic nephropathy,C0403535,Acute toxic nephropathy,narrow,,G,KIDNEYDISEASE,COV
All kidney disease,SNOMEDCT_US,427649000,Calcium renal calculus,C1959799,Calcium renal calculus,possible,,G,KIDNEYDISEASE,COV
All kidney disease,SNOMEDCT_US,765095002,Renal medullary carcinoma,C4049328,Renal medullary carcinoma,narrow,,G,KIDNEYDISEASE,COV
All kidney disease,SNOMEDCT_US,765094003,Renal medullary carcinoma,C4049328,Renal medullary carcinoma,narrow,,G,KIDNEYDISEASE,COV
All kidney disease,SNOMEDCT_US,448423006,Removal of hemodialysis catheter,C3164131,Removal of hemodialysis catheter,narrow,,G,KIDNEYDISEASE,COV
All kidney disease,SNOMEDCT_US,236520002,Gold nephropathy,C0403540,Gold nephropathy,narrow,,G,KIDNEYDISEASE,COV
All kidney disease,SNOMEDCT_US,721840000,"Hyperuricemia, anemia, renal failure syndrome",C4303080,"Hyperuricemia, anemia, renal failure syndrome",narrow,,G,KIDNEYDISEASE,COV
All kidney disease,SNOMEDCT_US,4390004,Lithium nephropathy,C0403543,Lithium nephropathy,narrow,,G,KIDNEYDISEASE,COV
All kidney disease,SNOMEDCT_US,236523000,Chronic toxic interstitial nephritis,C0403544,Chronic toxic interstitial nephritis,narrow,,G,KIDNEYDISEASE,COV
All kidney disease,SNOMEDCT_US,236521003,Penicillamine nephropathy,C0403541,Penicillamine nephropathy,narrow,,G,KIDNEYDISEASE,COV
All kidney disease,SNOMEDCT_US,236522005,Chronic cyclosporin A nephrotoxicity,C0403542,Chronic cyclosporin A nephrotoxicity,narrow,,G,KIDNEYDISEASE,COV
All kidney disease,SNOMEDCT_US,430332005,Infection of arteriovenous graft for hemodialysis,C2316292,Infection of arteriovenous graft for hemodialysis,narrow,,G,KIDNEYDISEASE,COV
All kidney disease,SNOMEDCT_US,276567007,Antepartum fetal acidosis,C0456030,Antepartum fetal acidosis,possible,,G,KIDNEYDISEASE,COV
All kidney disease,SNOMEDCT_US,705065000,Childhood nephrotic syndrome,C3874381,Childhood nephrotic syndrome,narrow,,G,KIDNEYDISEASE,COV
All kidney disease,SNOMEDCT_US,236527004,Nail patella-like renal disease,C0403548,Salcedo syndrome,possible,,G,KIDNEYDISEASE,COV
All kidney disease,SNOMEDCT_US,236524006,Acute radiation nephritis,C0403545,Acute radiation nephritis,narrow,,G,KIDNEYDISEASE,COV
All kidney disease,SNOMEDCT_US,49513005,Dehydration fever in newborn,C0270257,Dehydration fever in newborn,exclude,,G,KIDNEYDISEASE,COV
All kidney disease,SNOMEDCT_US,236525007,Chronic radiation nephritis,C0403546,Chronic radiation nephritis,narrow,,G,KIDNEYDISEASE,COV
All kidney disease,SNOMEDCT_US,198531001,[X]Other disorders resulting from impaired renal tubular function,C0477748,Other disorders resulting from impaired renal tubular function,narrow,,G,KIDNEYDISEASE,COV
All kidney disease,SNOMEDCT_US,32144005,Traumatic anuria,C0040793,Traumatic anuria,possible,,G,KIDNEYDISEASE,COV
All kidney disease,SNOMEDCT_US,157666004,Traumatic anuria -crush syndr.,C0040793,Traumatic anuria,possible,,G,KIDNEYDISEASE,COV
All kidney disease,SNOMEDCT_US,270918008,Traumatic anuria -crush syndr.,C0040793,Traumatic anuria,possible,,G,KIDNEYDISEASE,COV
All kidney disease,SNOMEDCT_US,197652001,Other acute renal failure,C0477745,Other acute renal failure,narrow,,G,KIDNEYDISEASE,COV
All kidney disease,SNOMEDCT_US,198525004,[X]Other acute renal failure,C0477745,Other acute renal failure,narrow,,G,KIDNEYDISEASE,COV
All kidney disease,SNOMEDCT_US,397849009,Dialysis catheter,C0179747,Dialysis catheter,narrow,,G,KIDNEYDISEASE,COV
All kidney disease,SNOMEDCT_US,360133002,Chronic ambulatory peritoneal dialysis catheter,-,-,narrow,Desc: code 397849009,G,KIDNEYDISEASE,COV
All kidney disease,SNOMEDCT_US,450864003,Nontunneled hemodialysis catheter,-,-,narrow,Desc: code 397849009,G,KIDNEYDISEASE,COV
All kidney disease,SNOMEDCT_US,450866001,Hemodialysis catheter,-,-,narrow,Desc: code 397849009,G,KIDNEYDISEASE,COV
All kidney disease,SNOMEDCT_US,462275000,"Hemodialysis catheter, implantable",-,-,narrow,Desc: code 397849009,G,KIDNEYDISEASE,COV
All kidney disease,SNOMEDCT_US,462501006,"Hemodialysis catheter, nonimplantable",-,-,narrow,Desc: code 397849009,G,KIDNEYDISEASE,COV
All kidney disease,SNOMEDCT_US,713781005,Triple lumen hemodialysis catheter,-,-,narrow,Desc: code 397849009,G,KIDNEYDISEASE,COV
All kidney disease,SNOMEDCT_US,733708007,"Single-lumen hemodialysis catheter, peripheral vascular",-,-,narrow,Desc: code 397849009,G,KIDNEYDISEASE,COV
All kidney disease,SNOMEDCT_US,204961009,Medullary cystic disease NOS,C2939174,Medullary cystic disease,narrow,,G,KIDNEYDISEASE,COV
All kidney disease,SNOMEDCT_US,204957003,Medullary cystic disease of the kidney,C2939174,Medullary cystic disease,narrow,,G,KIDNEYDISEASE,COV
All kidney disease,SNOMEDCT_US,1142048002,Persistent gestational proteinuria,C5545653,Persistent gestational proteinuria,possible,,G,KIDNEYDISEASE,COV
All kidney disease,SNOMEDCT_US,26121002,Balkan nephropathy,C0004698,Balkan Nephropathy,narrow,,G,KIDNEYDISEASE,COV
All kidney disease,SNOMEDCT_US,197748005,Balkan nephropathy,C0004698,Balkan Nephropathy,narrow,,G,KIDNEYDISEASE,COV
All kidney disease,SNOMEDCT_US,1148883008,Glomerular disease due to coagulation disorder,C5546996,Glomerular disease due to coagulation disorder,narrow,,G,KIDNEYDISEASE,COV
All kidney disease,SNOMEDCT_US,1148884002,Glomerular disease due to complement system disorder,C5546997,Glomerular disease due to complement system disorder,narrow,,G,KIDNEYDISEASE,COV
All kidney disease,SNOMEDCT_US,890370003,Congenital megacalycosis of bilateral kidneys,C5439489,Congenital megacalycosis of bilateral kidneys,possible,,G,KIDNEYDISEASE,COV
All kidney disease,SNOMEDCT_US,1148881005,Glomerular disease due to diffuse mesangial sclerosis,C5546998,Glomerular disease due to diffuse mesangial sclerosis,narrow,,G,KIDNEYDISEASE,COV
All kidney disease,SNOMEDCT_US,1148882003,Glomerular disease due to familial disease,C5546999,Glomerular disease due to familial disease,narrow,,G,KIDNEYDISEASE,COV
All kidney disease,SNOMEDCT_US,93290000,Congenital hypoplasia of renal pelvis,C0685825,Congenital hypoplasia of renal pelvis,narrow,,G,KIDNEYDISEASE,COV
All kidney disease,SNOMEDCT_US,426340003,Creation of graft fistula for dialysis,C1960352,Creation of graft fistula for dialysis,narrow,,G,KIDNEYDISEASE,COV
All kidney disease,SNOMEDCT_US,197638003,"[X]Tubulo-interstitial nephritis, not specified as acute or chronic",C0477743,"Tubulo-interstitial nephritis, not specified as acute or chronic",narrow,,G,KIDNEYDISEASE,COV
All kidney disease,SNOMEDCT_US,198522001,"[X]Tubulo-interstitial nephritis, not specified as acute or chronic",C0477743,"Tubulo-interstitial nephritis, not specified as acute or chronic",narrow,,G,KIDNEYDISEASE,COV
All kidney disease,SNOMEDCT_US,197747000,Renal tubulo-interstitial disorders in transplant rejection,C0477741,Renal tubulo-interstitial disorders in transplant rejection,narrow,,G,KIDNEYDISEASE,COV
All kidney disease,SNOMEDCT_US,198519003,Renal tubulo-interstitial disorders in transplant rejection,C0477741,Renal tubulo-interstitial disorders in transplant rejection,possible,,G,KIDNEYDISEASE,COV
All kidney disease,SNOMEDCT_US,175980006,Extracorporeal shockwave lithotripsy for renal calculus NOS,C0015359,Extracorporeal Shockwave Lithotripsy,possible,,G,KIDNEYDISEASE,COV
All kidney disease,SNOMEDCT_US,44345001,Extracorporeal shockwave lithotripsy,C0015359,Extracorporeal Shockwave Lithotripsy,possible,,G,KIDNEYDISEASE,COV
All kidney disease,SNOMEDCT_US,14372000,Extracorporeal shockwave lithotripsy of the gallbladder and bile duct,-,-,possible,Desc: code 44345001,G,KIDNEYDISEASE,COV
All kidney disease,SNOMEDCT_US,175977005,Extracorporeal shockwave lithotripsy for renal calculus less than 2 cm in diameter,-,-,possible,Desc: code 44345001,G,KIDNEYDISEASE,COV
All kidney disease,SNOMEDCT_US,175978000,Extracorporeal shockwave treatment for renal calculus of 2 cm or more in diameter,-,-,possible,Desc: code 44345001,G,KIDNEYDISEASE,COV
All kidney disease,SNOMEDCT_US,176091009,Extracorporeal shockwave lithotripsy for stone in upper ureter,-,-,possible,Desc: code 44345001,G,KIDNEYDISEASE,COV
All kidney disease,SNOMEDCT_US,176092002,Extracorporeal shockwave lithotripsy for stone in mid-ureter,-,-,possible,Desc: code 44345001,G,KIDNEYDISEASE,COV
All kidney disease,SNOMEDCT_US,176093007,Extracorporeal shockwave lithotripsy for stone in lower ureter,-,-,possible,Desc: code 44345001,G,KIDNEYDISEASE,COV
All kidney disease,SNOMEDCT_US,20042009,Extracorporeal shockwave lithotripsy of ureter,-,-,possible,Desc: code 44345001,G,KIDNEYDISEASE,COV
All kidney disease,SNOMEDCT_US,236192006,Push-bang operation for ureteric calculus,-,-,possible,Desc: code 44345001,G,KIDNEYDISEASE,COV
All kidney disease,SNOMEDCT_US,425577000,Extracorporeal shockwave lithotripsy of calculus of pancreas,-,-,possible,Desc: code 44345001,G,KIDNEYDISEASE,COV
All kidney disease,SNOMEDCT_US,427278007,Extracorporeal shockwave lithotripsy of calculus of tendon,-,-,possible,Desc: code 44345001,G,KIDNEYDISEASE,COV
All kidney disease,SNOMEDCT_US,431731009,Fluoroscopy guided extracorporeal shockwave lithotripsy of calculus of kidney,-,-,possible,Desc: code 44345001,G,KIDNEYDISEASE,COV
All kidney disease,SNOMEDCT_US,432032006,Fluoroscopy guided extracorporeal shockwave lithotripsy of calculus,-,-,possible,Desc: code 44345001,G,KIDNEYDISEASE,COV
All kidney disease,SNOMEDCT_US,44817001,Extracorporeal shockwave lithotripsy of urinary bladder,-,-,possible,Desc: code 44345001,G,KIDNEYDISEASE,COV
All kidney disease,SNOMEDCT_US,770851005,Fluoroscopy guided extracorporeal shockwave lithotripsy of calculus of right kidney,-,-,possible,Desc: code 44345001,G,KIDNEYDISEASE,COV
All kidney disease,SNOMEDCT_US,770853008,Fluoroscopy guided extracorporeal shockwave lithotripsy of calculus of left kidney,-,-,possible,Desc: code 44345001,G,KIDNEYDISEASE,COV
All kidney disease,SNOMEDCT_US,770892001,Fluoroscopy guided extracorporeal shockwave lithotripsy of calculus of bilateral kidneys,-,-,possible,Desc: code 44345001,G,KIDNEYDISEASE,COV
All kidney disease,SNOMEDCT_US,770893006,Fluoroscopy guided extracorporeal shockwave lithotripsy of calculus of right ureter,-,-,possible,Desc: code 44345001,G,KIDNEYDISEASE,COV
All kidney disease,SNOMEDCT_US,770894000,Fluoroscopy guided extracorporeal shockwave lithotripsy of calculus of left ureter,-,-,possible,Desc: code 44345001,G,KIDNEYDISEASE,COV
All kidney disease,SNOMEDCT_US,770895004,Fluoroscopy guided extracorporeal shockwave lithotripsy of calculus of bilateral ureters,-,-,possible,Desc: code 44345001,G,KIDNEYDISEASE,COV
All kidney disease,SNOMEDCT_US,82920008,Extracorporeal shockwave lithotripsy of the gallbladder,-,-,possible,Desc: code 44345001,G,KIDNEYDISEASE,COV
All kidney disease,SNOMEDCT_US,866230009,Fluoroscopy guided extracorporeal shockwave lithotripsy of calculus of ureter,-,-,possible,Desc: code 44345001,G,KIDNEYDISEASE,COV
All kidney disease,SNOMEDCT_US,90705003,Extracorporeal shockwave lithotripsy of the bile duct,-,-,possible,Desc: code 44345001,G,KIDNEYDISEASE,COV
All kidney disease,SNOMEDCT_US,393072009,Extracorporeal shockwave lithotripsy for renal calculus,C0015359,Extracorporeal Shockwave Lithotripsy,possible,,G,KIDNEYDISEASE,COV
All kidney disease,SNOMEDCT_US,257856009,ESWL,C0015359,Extracorporeal Shockwave Lithotripsy,possible,,G,KIDNEYDISEASE,COV
All kidney disease,SNOMEDCT_US,1094000,Ultrasonic fragmentation of urinary stones,C0015359,Extracorporeal Shockwave Lithotripsy,possible,,G,KIDNEYDISEASE,COV
All kidney disease,SNOMEDCT_US,24376003,Extracorporeal shockwave lithotripsy of calculus of kidney,C0015359,Extracorporeal Shockwave Lithotripsy,possible,,G,KIDNEYDISEASE,COV
All kidney disease,SNOMEDCT_US,92975004,Congenital absence of renal papilla,C0685823,Congenital absence of renal papilla,narrow,,G,KIDNEYDISEASE,COV
All kidney disease,SNOMEDCT_US,92921005,Congenital abnormal shape of kidney,C0685822,Congenital abnormal shape of kidney,narrow,,G,KIDNEYDISEASE,COV
All kidney disease,SNOMEDCT_US,430031008,Fetal hydronephrosis,C2315709,Fetal hydronephrosis,narrow,,G,KIDNEYDISEASE,COV
All kidney disease,SNOMEDCT_US,198513002,[X]Other specified renal tubulo-interstitial diseases,C0477735,Other specified renal tubulo-interstitial diseases,possible,,G,KIDNEYDISEASE,COV
All kidney disease,SNOMEDCT_US,840638005,Phosphate staghorn calculus,C5395477,Phosphate staghorn calculus,possible,,G,KIDNEYDISEASE,COV
All kidney disease,SNOMEDCT_US,720701005,Chronic kidney disease clinical management plan,C4303906,Chronic kidney disease clinical management plan,narrow,,G,KIDNEYDISEASE,COV
All kidney disease,SNOMEDCT_US,737429003,Chronic kidney disease clinical management plan,C4303906,Chronic kidney disease clinical management plan,narrow,,G,KIDNEYDISEASE,COV
All kidney disease,SNOMEDCT_US,276866009,Benign neoplasm of ureteropelvic junction,C0349553,Benign neoplasm of ureteropelvic junction,possible,,G,KIDNEYDISEASE,COV
All kidney disease,SNOMEDCT_US,57873008,Hypertensive renal disease complicating AND/OR reason for care during puerperium,C0269652,Hypertensive renal disease complicating AND/OR reason for care during puerperium,narrow,,G,KIDNEYDISEASE,COV
All kidney disease,SNOMEDCT_US,49171007,Hypertensive renal disease complicating AND/OR reason for care during childbirth,C0269651,Hypertensive renal disease complicating AND/OR reason for care during childbirth,narrow,,G,KIDNEYDISEASE,COV
All kidney disease,SNOMEDCT_US,66709007,Hypertensive renal disease complicating AND/OR reason for care during pregnancy,C0269650,Hypertensive renal disease complicating AND/OR reason for care during pregnancy,narrow,,G,KIDNEYDISEASE,COV
All kidney disease,SNOMEDCT_US,251859005,Dialysis finding,C0429653,Dialysis finding,narrow,,G,KIDNEYDISEASE,COV
All kidney disease,SNOMEDCT_US,11000731000119102,Dependence on continuous ambulatory peritoneal dialysis,-,-,narrow,Desc: code 251859005,G,KIDNEYDISEASE,COV
All kidney disease,SNOMEDCT_US,11000771000119104,Dependence on continuous cycling peritoneal dialysis,-,-,narrow,Desc: code 251859005,G,KIDNEYDISEASE,COV
All kidney disease,SNOMEDCT_US,125141000119102,Non-compliance with renal dialysis,-,-,narrow,Desc: code 251859005,G,KIDNEYDISEASE,COV
All kidney disease,SNOMEDCT_US,16320631000119104,Dependence on continuous ambulatory peritoneal dialysis due to end stage renal disease,-,-,narrow,Desc: code 251859005,G,KIDNEYDISEASE,COV
All kidney disease,SNOMEDCT_US,251285001,Extracorporeal gas exchange finding,-,-,narrow,Desc: code 251859005,G,KIDNEYDISEASE,COV
All kidney disease,SNOMEDCT_US,251869004,Adequacy of hemodialysis,-,-,narrow,Desc: code 251859005,G,KIDNEYDISEASE,COV
All kidney disease,SNOMEDCT_US,300478000,Finding of measures of dialysis,-,-,narrow,Desc: code 251859005,G,KIDNEYDISEASE,COV
All kidney disease,SNOMEDCT_US,331000124109,Hemodialysis finding,-,-,narrow,Desc: code 251859005,G,KIDNEYDISEASE,COV
All kidney disease,SNOMEDCT_US,341000124104,Peritoneal dialysis finding,-,-,narrow,Desc: code 251859005,G,KIDNEYDISEASE,COV
All kidney disease,SNOMEDCT_US,365399009,Adequacy of dialysis - finding,-,-,narrow,Desc: code 251859005,G,KIDNEYDISEASE,COV
All kidney disease,SNOMEDCT_US,428937001,Dependence on peritoneal dialysis due to end stage renal disease,-,-,narrow,Desc: code 251859005,G,KIDNEYDISEASE,COV
All kidney disease,SNOMEDCT_US,428982002,Dependence on hemodialysis due to end stage renal disease,-,-,narrow,Desc: code 251859005,G,KIDNEYDISEASE,COV
All kidney disease,SNOMEDCT_US,429075005,Dependence on dialysis due to end stage renal disease,-,-,narrow,Desc: code 251859005,G,KIDNEYDISEASE,COV
All kidney disease,SNOMEDCT_US,431000124102,Hemodialysis access site non-patent,-,-,narrow,Desc: code 251859005,G,KIDNEYDISEASE,COV
All kidney disease,SNOMEDCT_US,441000124107,Hemodialysis access site patent,-,-,narrow,Desc: code 251859005,G,KIDNEYDISEASE,COV
All kidney disease,SNOMEDCT_US,443143006,Dependence on hemodialysis,-,-,narrow,Desc: code 251859005,G,KIDNEYDISEASE,COV
All kidney disease,SNOMEDCT_US,443596009,Dependence on peritoneal dialysis,-,-,narrow,Desc: code 251859005,G,KIDNEYDISEASE,COV
All kidney disease,SNOMEDCT_US,444887005,Inadequate flow to support prescribed dialysis blood flow,-,-,narrow,Desc: code 251859005,G,KIDNEYDISEASE,COV
All kidney disease,SNOMEDCT_US,451000124109,Increase in hemodialysis blood flow,-,-,narrow,Desc: code 251859005,G,KIDNEYDISEASE,COV
All kidney disease,SNOMEDCT_US,461000124106,Increase in hemodialysis dialyzer size,-,-,narrow,Desc: code 251859005,G,KIDNEYDISEASE,COV
All kidney disease,SNOMEDCT_US,471000124104,Increase in hemodialysis session time,-,-,narrow,Desc: code 251859005,G,KIDNEYDISEASE,COV
All kidney disease,SNOMEDCT_US,473193004,Mode of dialysis access by patient choice,-,-,narrow,Desc: code 251859005,G,KIDNEYDISEASE,COV
All kidney disease,SNOMEDCT_US,473397008,Dialysis catheter in situ usable,-,-,narrow,Desc: code 251859005,G,KIDNEYDISEASE,COV
All kidney disease,SNOMEDCT_US,473398003,Dialysis catheter in situ unusable,-,-,narrow,Desc: code 251859005,G,KIDNEYDISEASE,COV
All kidney disease,SNOMEDCT_US,571000124100,Requires additional education about peritoneal dialysis,-,-,narrow,Desc: code 251859005,G,KIDNEYDISEASE,COV
All kidney disease,SNOMEDCT_US,581000124102,Complies with collection of peritoneal dialysate specimen,-,-,narrow,Desc: code 251859005,G,KIDNEYDISEASE,COV
All kidney disease,SNOMEDCT_US,591000124104,Complies with analysis of peritoneal dialysate,-,-,narrow,Desc: code 251859005,G,KIDNEYDISEASE,COV
All kidney disease,SNOMEDCT_US,601000124107,Inadequate monitoring of dose delivery of peritoneal dialysis,-,-,narrow,Desc: code 251859005,G,KIDNEYDISEASE,COV
All kidney disease,SNOMEDCT_US,611000124105,Non-compliance with collection of peritoneal dialysate specimen,-,-,narrow,Desc: code 251859005,G,KIDNEYDISEASE,COV
All kidney disease,SNOMEDCT_US,621000124102,Non-compliance with analysis of peritoneal dialysate,-,-,narrow,Desc: code 251859005,G,KIDNEYDISEASE,COV
All kidney disease,SNOMEDCT_US,631000124104,Compliant with peritoneal dialysis prescription,-,-,narrow,Desc: code 251859005,G,KIDNEYDISEASE,COV
All kidney disease,SNOMEDCT_US,641000124109,Non-compliant with peritoneal dialysis prescription,-,-,narrow,Desc: code 251859005,G,KIDNEYDISEASE,COV
All kidney disease,SNOMEDCT_US,704308002,Difficulty managing peritoneal dialysis,-,-,narrow,Desc: code 251859005,G,KIDNEYDISEASE,COV
All kidney disease,SNOMEDCT_US,898185002,Dependence on prolonged intermittent renal replacement therapy due to renal failure,-,-,narrow,Desc: code 251859005,G,KIDNEYDISEASE,COV
All kidney disease,SNOMEDCT_US,198509009,[X]Other obstructive and reflux uropathy,C0477731,Other obstructive and reflux uropathy,possible,,G,KIDNEYDISEASE,COV
All kidney disease,SNOMEDCT_US,197944002,[X]Other obstructive and reflux uropathy,C0477731,Other obstructive and reflux uropathy,possible,,G,KIDNEYDISEASE,COV
All kidney disease,SNOMEDCT_US,243779008,Venous port blood sampling during hemodialysis,C0474220,Venous port blood sampling during hemodialysis,narrow,,G,KIDNEYDISEASE,COV
All kidney disease,SNOMEDCT_US,198510004,"[X]Obstructive and reflux uropathy, unspecified",C0477732,"Obstructive and reflux uropathy, unspecified",possible,,G,KIDNEYDISEASE,COV
All kidney disease,SNOMEDCT_US,197946000,"[X]Obstructive and reflux uropathy, unspecified",C0477732,"Obstructive and reflux uropathy, unspecified",possible,,G,KIDNEYDISEASE,COV
All kidney disease,SNOMEDCT_US,198508001,[X]Other and unspecified hydronephrosis,C0477730,Other and unspecified hydronephrosis,narrow,,G,KIDNEYDISEASE,COV
All kidney disease,SNOMEDCT_US,236514003,Toxic nephropathy,C0595916,Toxic nephropathy,narrow,,G,KIDNEYDISEASE,COV
All kidney disease,SNOMEDCT_US,27893002,Toxic nephropathy,C0595916,Toxic nephropathy,narrow,,G,KIDNEYDISEASE,COV
All kidney disease,SNOMEDCT_US,195791000119101,Chronic proliferative glomerulonephritis,C0854406,Chronic proliferative glomerulonephritis,narrow,,G,KIDNEYDISEASE,COV
All kidney disease,SNOMEDCT_US,197737003,"[X]Hereditary nephropathy, unspecified morphological changes",C0477728,Hereditary nephropathy,narrow,,G,KIDNEYDISEASE,COV
All kidney disease,SNOMEDCT_US,367591000119105,Hereditary nephropathy,C0477728,Hereditary nephropathy,narrow,,G,KIDNEYDISEASE,COV
All kidney disease,SNOMEDCT_US,198505003,"[X]Hereditary nephropathy, unspecified morphological changes",C0477728,Hereditary nephropathy,narrow,,G,KIDNEYDISEASE,COV
All kidney disease,SNOMEDCT_US,198507006,[X]Other chronic tubulo-interstitial nephritis,C0477729,Other chronic tubulo-interstitial nephritis,narrow,,G,KIDNEYDISEASE,COV
All kidney disease,SNOMEDCT_US,197706003,"Recurrent and persistent haematuria, diffuse crescentic glomerulonephritis",C0475545,"Recurrent and persistent hematuria, diffuse crescentic glomerulonephritis",narrow,,G,KIDNEYDISEASE,COV
All kidney disease,SNOMEDCT_US,198501007,"[X]Unspecified nephritic syndrome, dense deposit disease",C0477724,"Unspecified nephritic syndrome, dense deposit disease",narrow,,G,KIDNEYDISEASE,COV
All kidney disease,SNOMEDCT_US,197640008,"[X]Unspecified nephritic syndrome, dense deposit disease",C0477724,"Unspecified nephritic syndrome, dense deposit disease",narrow,,G,KIDNEYDISEASE,COV
All kidney disease,SNOMEDCT_US,197705004,"Recurrent and persistent haematuria, dense deposit disease",C0475544,"Recurrent and persistent hematuria, dense deposit disease",narrow,,G,KIDNEYDISEASE,COV
All kidney disease,SNOMEDCT_US,198499004,"[X]Unspecified nephritic syndrome, diffuse mesangial proliferative glomerulonephritis",C0477722,"Unspecified nephritic syndrome, diffuse mesangial proliferative glomerulonephritis",narrow,,G,KIDNEYDISEASE,COV
All kidney disease,SNOMEDCT_US,197642000,"[X]Unspecified nephritic syndrome, diffuse mesangial proliferative glomerulonephritis",C0477722,"Unspecified nephritic syndrome, diffuse mesangial proliferative glomerulonephritis",narrow,,G,KIDNEYDISEASE,COV
All kidney disease,SNOMEDCT_US,236495001,Urate nephropathy,C2955673,Urate nephropathy,narrow,,G,KIDNEYDISEASE,COV
All kidney disease,SNOMEDCT_US,2738006,Urate nephropathy,C2955673,Urate nephropathy,narrow,,G,KIDNEYDISEASE,COV
All kidney disease,SNOMEDCT_US,16410004,Uric acid nephropathy,C2955673,Urate nephropathy,narrow,,G,KIDNEYDISEASE,COV
All kidney disease,SNOMEDCT_US,198500008,"[X]Unspecified nephritic syndrome, diffuse endocapillary proliferative glomerulonephritis",C0477723,"Unspecified nephritic syndrome, diffuse endocapillary proliferative glomerulonephritis",narrow,,G,KIDNEYDISEASE,COV
All kidney disease,SNOMEDCT_US,197641007,"[X]Unspecified nephritic syndrome, diffuse endocapillary proliferative glomerulonephritis",C0477723,"Unspecified nephritic syndrome, diffuse endocapillary proliferative glomerulonephritis",narrow,,G,KIDNEYDISEASE,COV
All kidney disease,SNOMEDCT_US,197616000,Chronic glomerulonephritis associated with another disorder,C1662137,Chronic glomerulonephritis associated with another disorder,narrow,,G,KIDNEYDISEASE,COV
All kidney disease,SNOMEDCT_US,723720008,SERKAL syndrome,C2678492,"Sex Reversal, Female, With Dysgenesis Of Kidneys, Adrenals, And Lungs",narrow,,G,KIDNEYDISEASE,COV
All kidney disease,SNOMEDCT_US,73030000,Hypertensive renal disease in obstetric context,C0269649,Hypertensive renal disease in obstetric context,narrow,,G,KIDNEYDISEASE,COV
All kidney disease,SNOMEDCT_US,155872001,Kidney cyst (& [acquired]),C0268799,Acquired renal cystic disease,possible,,G,KIDNEYDISEASE,COV
All kidney disease,SNOMEDCT_US,197803002,Acquired cyst of kidney NOS,C0268799,Acquired renal cystic disease,possible,,G,KIDNEYDISEASE,COV
All kidney disease,SNOMEDCT_US,105999006,Acquired renal cystic disease,C0268799,Acquired renal cystic disease,narrow,,G,KIDNEYDISEASE,COV
All kidney disease,SNOMEDCT_US,35546006,Mesangial proliferative glomerulonephritis,C0221238,Mesangial proliferative glomerulonephritis,narrow,,G,KIDNEYDISEASE,COV
All kidney disease,SNOMEDCT_US,81363003,Malignant arteriolar nephrosclerosis,C0268798,Malignant arteriolar nephrosclerosis,narrow,,G,KIDNEYDISEASE,COV
All kidney disease,SNOMEDCT_US,62240004,Benign arteriolar nephrosclerosis,C0268797,Benign arteriolar nephrosclerosis,narrow,,G,KIDNEYDISEASE,COV
All kidney disease,SNOMEDCT_US,14030001000004108,Insertion of dialysis catheter into femoral vein,C4038625,Insertion of dialysis catheter into femoral vein,narrow,,G,KIDNEYDISEASE,COV
All kidney disease,SNOMEDCT_US,16147005,Arteriolar nephritis,C0268796,Arteriolar nephrosclerosis,narrow,,G,KIDNEYDISEASE,COV
All kidney disease,SNOMEDCT_US,90493000,Arteriolar nephrosclerosis,C0268796,Arteriolar nephrosclerosis,narrow,,G,KIDNEYDISEASE,COV
All kidney disease,SNOMEDCT_US,1474004,Hypertensive heart AND renal disease complicating AND/OR reason for care during childbirth,C0269643,Hypertensive heart AND renal disease complicating AND/OR reason for care during childbirth,narrow,,G,KIDNEYDISEASE,COV
All kidney disease,SNOMEDCT_US,78209002,"Hemolytic uremic syndrome, adult type",C0268795,"Hemolytic uremic syndrome, adult type",narrow,,G,KIDNEYDISEASE,COV
All kidney disease,SNOMEDCT_US,22966008,Hypertensive heart AND renal disease complicating AND/OR reason for care during pregnancy,C0269642,Hypertensive heart AND renal disease complicating AND/OR reason for care during pregnancy,narrow,,G,KIDNEYDISEASE,COV
All kidney disease,SNOMEDCT_US,36568005,Hemolytic uremic syndrome of childhood,C0268794,Hemolytic uremic syndrome of childhood,possible,,G,KIDNEYDISEASE,COV
All kidney disease,SNOMEDCT_US,49102001,Hypertensive heart AND renal disease in obstetric context,C0269641,Hypertensive heart AND renal disease in obstetric context,narrow,,G,KIDNEYDISEASE,COV
All kidney disease,SNOMEDCT_US,236392004,Rapidly progressive glomerulonephritis,C0221239,Rapidly progressive glomerulonephritis,narrow,,G,KIDNEYDISEASE,COV
All kidney disease,SNOMEDCT_US,45406000,Idiopathic crescentic glomerulonephritis,C0221239,Rapidly progressive glomerulonephritis,narrow,,G,KIDNEYDISEASE,COV
All kidney disease,SNOMEDCT_US,16934004,Renal vascular disorder,C0268790,Renal vascular disorder,possible,,G,KIDNEYDISEASE,COV
All kidney disease,SNOMEDCT_US,11798951000119105,Injury of right renal artery,-,-,possible,Desc: code 16934004,G,KIDNEYDISEASE,COV
All kidney disease,SNOMEDCT_US,11798991000119100,Injury of left renal artery,-,-,possible,Desc: code 16934004,G,KIDNEYDISEASE,COV
All kidney disease,SNOMEDCT_US,11799361000119102,Laceration of right renal artery,-,-,possible,Desc: code 16934004,G,KIDNEYDISEASE,COV
All kidney disease,SNOMEDCT_US,11799401000119106,Laceration of left renal artery,-,-,possible,Desc: code 16934004,G,KIDNEYDISEASE,COV
All kidney disease,SNOMEDCT_US,11799811000119107,Injury of right renal vein,-,-,possible,Desc: code 16934004,G,KIDNEYDISEASE,COV
All kidney disease,SNOMEDCT_US,11799851000119108,Injury of left renal vein,-,-,possible,Desc: code 16934004,G,KIDNEYDISEASE,COV
All kidney disease,SNOMEDCT_US,11800411000119103,Laceration of right renal vein,-,-,possible,Desc: code 16934004,G,KIDNEYDISEASE,COV
All kidney disease,SNOMEDCT_US,11800451000119102,Laceration of left renal vein,-,-,possible,Desc: code 16934004,G,KIDNEYDISEASE,COV
All kidney disease,SNOMEDCT_US,1204180000,Acute thrombotic renal artery occlusion,-,-,possible,Desc: code 16934004,G,KIDNEYDISEASE,COV
All kidney disease,SNOMEDCT_US,1208875000,Renal artery stenosis due to fibromuscular hyperplasia,-,-,possible,Desc: code 16934004,G,KIDNEYDISEASE,COV
All kidney disease,SNOMEDCT_US,12237271000119105,Aneurysm of left renal artery,-,-,possible,Desc: code 16934004,G,KIDNEYDISEASE,COV
All kidney disease,SNOMEDCT_US,12237311000119105,Aneurysm of right renal artery,-,-,possible,Desc: code 16934004,G,KIDNEYDISEASE,COV
All kidney disease,SNOMEDCT_US,1252750008,Laceration of renal vein,-,-,possible,Desc: code 16934004,G,KIDNEYDISEASE,COV
All kidney disease,SNOMEDCT_US,1285688002,Congenital malformation of renal vein,-,-,possible,Desc: code 16934004,G,KIDNEYDISEASE,COV
All kidney disease,SNOMEDCT_US,1285689005,Congenital anomaly of left renal vein,-,-,possible,Desc: code 16934004,G,KIDNEYDISEASE,COV
All kidney disease,SNOMEDCT_US,1285690001,Congenital anomaly of right renal vein,-,-,possible,Desc: code 16934004,G,KIDNEYDISEASE,COV
All kidney disease,SNOMEDCT_US,1285691002,Congenital anomaly of renal vein,-,-,possible,Desc: code 16934004,G,KIDNEYDISEASE,COV
All kidney disease,SNOMEDCT_US,15648731000119101,Atherosclerosis of right renal artery,-,-,possible,Desc: code 16934004,G,KIDNEYDISEASE,COV
All kidney disease,SNOMEDCT_US,15648771000119103,Atherosclerosis of bilateral renal arteries,-,-,possible,Desc: code 16934004,G,KIDNEYDISEASE,COV
All kidney disease,SNOMEDCT_US,15648821000119105,Atherosclerosis of left renal artery,-,-,possible,Desc: code 16934004,G,KIDNEYDISEASE,COV
All kidney disease,SNOMEDCT_US,15710201000119100,Stenosis of right renal artery,-,-,possible,Desc: code 16934004,G,KIDNEYDISEASE,COV
All kidney disease,SNOMEDCT_US,15710241000119103,Stenosis of left renal artery,-,-,possible,Desc: code 16934004,G,KIDNEYDISEASE,COV
All kidney disease,SNOMEDCT_US,15711921000119107,Thrombosis of bilateral renal veins,-,-,possible,Desc: code 16934004,G,KIDNEYDISEASE,COV
All kidney disease,SNOMEDCT_US,15711961000119102,Thrombosis of left renal vein,-,-,possible,Desc: code 16934004,G,KIDNEYDISEASE,COV
All kidney disease,SNOMEDCT_US,15712001000119106,Thrombosis of right renal vein,-,-,possible,Desc: code 16934004,G,KIDNEYDISEASE,COV
All kidney disease,SNOMEDCT_US,15842009,Thrombosis of renal vein,-,-,possible,Desc: code 16934004,G,KIDNEYDISEASE,COV
All kidney disease,SNOMEDCT_US,15966101000119102,Fibromuscular dysplasia of wall of right renal artery,-,-,possible,Desc: code 16934004,G,KIDNEYDISEASE,COV
All kidney disease,SNOMEDCT_US,15966221000119102,Bilateral fibromuscular dysplasia of renal arteries,-,-,possible,Desc: code 16934004,G,KIDNEYDISEASE,COV
All kidney disease,SNOMEDCT_US,15966261000119107,Fibromuscular dysplasia of wall of left renal artery,-,-,possible,Desc: code 16934004,G,KIDNEYDISEASE,COV
All kidney disease,SNOMEDCT_US,15966341000119102,Congenital stenosis of right renal artery,-,-,possible,Desc: code 16934004,G,KIDNEYDISEASE,COV
All kidney disease,SNOMEDCT_US,15966381000119107,Congenital stenosis of left renal artery,-,-,possible,Desc: code 16934004,G,KIDNEYDISEASE,COV
All kidney disease,SNOMEDCT_US,15966421000119103,Bilateral congenital stenosis of renal arteries,-,-,possible,Desc: code 16934004,G,KIDNEYDISEASE,COV
All kidney disease,SNOMEDCT_US,15966461000119108,Dissection of left renal artery,-,-,possible,Desc: code 16934004,G,KIDNEYDISEASE,COV
All kidney disease,SNOMEDCT_US,15966501000119108,Dissection of right renal artery,-,-,possible,Desc: code 16934004,G,KIDNEYDISEASE,COV
All kidney disease,SNOMEDCT_US,15966541000119105,Bilateral renal artery dissection,-,-,possible,Desc: code 16934004,G,KIDNEYDISEASE,COV
All kidney disease,SNOMEDCT_US,16026071000119107,Congenital arteriovenous malformation of left renal vessel,-,-,possible,Desc: code 16934004,G,KIDNEYDISEASE,COV
All kidney disease,SNOMEDCT_US,16026111000119100,Congenital arteriovenous malformation of right renal vessel,-,-,possible,Desc: code 16934004,G,KIDNEYDISEASE,COV
All kidney disease,SNOMEDCT_US,16026271000119102,Bilateral congenital arteriovenous malformation of renal arteries and renal veins,-,-,possible,Desc: code 16934004,G,KIDNEYDISEASE,COV
All kidney disease,SNOMEDCT_US,16696981000119105,Bilateral congenital anomaly of renal arteries,-,-,possible,Desc: code 16934004,G,KIDNEYDISEASE,COV
All kidney disease,SNOMEDCT_US,16697021000119105,Congenital malformation of right renal vein,-,-,possible,Desc: code 16934004,G,KIDNEYDISEASE,COV
All kidney disease,SNOMEDCT_US,16697061000119100,Congenital anomaly of left renal artery,-,-,possible,Desc: code 16934004,G,KIDNEYDISEASE,COV
All kidney disease,SNOMEDCT_US,16697101000119102,Congenital malformation of left renal vein,-,-,possible,Desc: code 16934004,G,KIDNEYDISEASE,COV
All kidney disease,SNOMEDCT_US,16697141000119100,Bilateral congenital anomaly of renal veins,-,-,possible,Desc: code 16934004,G,KIDNEYDISEASE,COV
All kidney disease,SNOMEDCT_US,16697181000119105,Congenital anomaly of right renal artery,-,-,possible,Desc: code 16934004,G,KIDNEYDISEASE,COV
All kidney disease,SNOMEDCT_US,18796000,Injury of renal artery,-,-,possible,Desc: code 16934004,G,KIDNEYDISEASE,COV
All kidney disease,SNOMEDCT_US,195438008,Embolism and thrombosis of the renal vein,-,-,possible,Desc: code 16934004,G,KIDNEYDISEASE,COV
All kidney disease,SNOMEDCT_US,210811000,Renal blood vessel injury,-,-,possible,Desc: code 16934004,G,KIDNEYDISEASE,COV
All kidney disease,SNOMEDCT_US,236488005,Renal artery occlusion,-,-,possible,Desc: code 16934004,G,KIDNEYDISEASE,COV
All kidney disease,SNOMEDCT_US,236492003,Congenital renal artery aneurysm,-,-,possible,Desc: code 16934004,G,KIDNEYDISEASE,COV
All kidney disease,SNOMEDCT_US,236493008,Acquired renal artery aneurysm,-,-,possible,Desc: code 16934004,G,KIDNEYDISEASE,COV
All kidney disease,SNOMEDCT_US,271432005,Congenital renal artery stenosis,-,-,possible,Desc: code 16934004,G,KIDNEYDISEASE,COV
All kidney disease,SNOMEDCT_US,275510005,Acquired renal arteriovenous aneurysm,-,-,possible,Desc: code 16934004,G,KIDNEYDISEASE,COV
All kidney disease,SNOMEDCT_US,282348002,Acquired renal arteriovenous fistula,-,-,possible,Desc: code 16934004,G,KIDNEYDISEASE,COV
All kidney disease,SNOMEDCT_US,282664001,Renal artery stenosis of unknown cause,-,-,possible,Desc: code 16934004,G,KIDNEYDISEASE,COV
All kidney disease,SNOMEDCT_US,289923007,Acquired renal artery stenosis,-,-,possible,Desc: code 16934004,G,KIDNEYDISEASE,COV
All kidney disease,SNOMEDCT_US,302233006,Renal artery stenosis,-,-,possible,Desc: code 16934004,G,KIDNEYDISEASE,COV
All kidney disease,SNOMEDCT_US,302910002,Atherosclerotic renal artery stenosis,-,-,possible,Desc: code 16934004,G,KIDNEYDISEASE,COV
All kidney disease,SNOMEDCT_US,306852006,Occlusion of renal artery bypass graft,-,-,possible,Desc: code 16934004,G,KIDNEYDISEASE,COV
All kidney disease,SNOMEDCT_US,306857000,Thrombosis of renal artery bypass graft,-,-,possible,Desc: code 16934004,G,KIDNEYDISEASE,COV
All kidney disease,SNOMEDCT_US,361264003,Congenital arteriovenous fistula of kidney,-,-,possible,Desc: code 16934004,G,KIDNEYDISEASE,COV
All kidney disease,SNOMEDCT_US,36184004,Aneurysm of renal artery,-,-,possible,Desc: code 16934004,G,KIDNEYDISEASE,COV
All kidney disease,SNOMEDCT_US,39291006,Embolism of renal vein,-,-,possible,Desc: code 16934004,G,KIDNEYDISEASE,COV
All kidney disease,SNOMEDCT_US,425414000,Bilateral renal artery stenosis,-,-,possible,Desc: code 16934004,G,KIDNEYDISEASE,COV
All kidney disease,SNOMEDCT_US,431431000124100,Arteriosclerosis of renal artery,-,-,possible,Desc: code 16934004,G,KIDNEYDISEASE,COV
All kidney disease,SNOMEDCT_US,432294000,Dysplasia of blood vessel of kidney,-,-,possible,Desc: code 16934004,G,KIDNEYDISEASE,COV
All kidney disease,SNOMEDCT_US,432461000,Congenital anomaly of renal blood vessel,-,-,possible,Desc: code 16934004,G,KIDNEYDISEASE,COV
All kidney disease,SNOMEDCT_US,444819004,Polyarteritis of kidney,-,-,possible,Desc: code 16934004,G,KIDNEYDISEASE,COV
All kidney disease,SNOMEDCT_US,45281005,Atherosclerosis of renal artery,-,-,possible,Desc: code 16934004,G,KIDNEYDISEASE,COV
All kidney disease,SNOMEDCT_US,460365008,Systemic to pulmonary collateral artery from right renal artery,-,-,possible,Desc: code 16934004,G,KIDNEYDISEASE,COV
All kidney disease,SNOMEDCT_US,460375006,Systemic to pulmonary collateral artery from left renal artery,-,-,possible,Desc: code 16934004,G,KIDNEYDISEASE,COV
All kidney disease,SNOMEDCT_US,4611000119106,Vascular insufficiency of kidney,-,-,possible,Desc: code 16934004,G,KIDNEYDISEASE,COV
All kidney disease,SNOMEDCT_US,46395002,Multiple renal arteries,-,-,possible,Desc: code 16934004,G,KIDNEYDISEASE,COV
All kidney disease,SNOMEDCT_US,5753006,Injury of renal vein,-,-,possible,Desc: code 16934004,G,KIDNEYDISEASE,COV
All kidney disease,SNOMEDCT_US,713036004,Dissection of renal artery,-,-,possible,Desc: code 16934004,G,KIDNEYDISEASE,COV
All kidney disease,SNOMEDCT_US,717267005,Left renal vein entrapment syndrome,-,-,possible,Desc: code 16934004,G,KIDNEYDISEASE,COV
All kidney disease,SNOMEDCT_US,783730009,Fibromuscular dysplasia of wall of renal artery,-,-,possible,Desc: code 16934004,G,KIDNEYDISEASE,COV
All kidney disease,SNOMEDCT_US,896982005,Structural abnormality of renal artery,-,-,possible,Desc: code 16934004,G,KIDNEYDISEASE,COV
All kidney disease,SNOMEDCT_US,95474000,Arteriovenous malformation of kidney,-,-,possible,Desc: code 16934004,G,KIDNEYDISEASE,COV
All kidney disease,SNOMEDCT_US,95578000,Renal vasculitis,-,-,possible,Desc: code 16934004,G,KIDNEYDISEASE,COV
All kidney disease,SNOMEDCT_US,266559003,Renal vascular disorders NOS,C0268790,Renal vascular disorder,possible,,G,KIDNEYDISEASE,COV
All kidney disease,SNOMEDCT_US,197702001,"Recurrent and persistent haematuria, diffuse mesangial proliferative glomerulonephritis",C0475541,"Recurrent and persistent hematuria, diffuse mesangial proliferative glomerulonephritis",narrow,,G,KIDNEYDISEASE,COV
All kidney disease,SNOMEDCT_US,198497002,"[X]Rapidly progressive nephritic syndrome, other",C0477720,"Rapidly progressive nephritic syndrome, other",narrow,,G,KIDNEYDISEASE,COV
All kidney disease,SNOMEDCT_US,197701008,"Recurrent and persistent haematuria, diffuse membranous glomerulonephritis",C0475540,"Recurrent and persistent hematuria, diffuse membranous glomerulonephritis",narrow,,G,KIDNEYDISEASE,COV
All kidney disease,SNOMEDCT_US,198498007,"[X]Unspecified nephritic syndrome, minor glomerular abnormality",C0477721,"Unspecified nephritic syndrome, minor glomerular abnormality",narrow,,G,KIDNEYDISEASE,COV
All kidney disease,SNOMEDCT_US,197704000,"Recurrent and persistent haematuria, diffuse mesangiocapillary glomerulonephritis",C0475543,"Recurrent and persistent hematuria, diffuse mesangiocapillary glomerulonephritis",narrow,,G,KIDNEYDISEASE,COV
All kidney disease,SNOMEDCT_US,197703006,"Recurrent and persistent haematuria, diffuse endocapillary proliferative glomerulonephritis",C0475542,"Recurrent and persistent hematuria, diffuse endocapillary proliferative glomerulonephritis",narrow,,G,KIDNEYDISEASE,COV
All kidney disease,SNOMEDCT_US,771149000,"Hepatic fibrosis, renal cyst, intellectual disability syndrome",C2931226,Thompson Baraitser syndrome,exclude,,G,KIDNEYDISEASE,COV
All kidney disease,SNOMEDCT_US,197699008,"Recurrent and persistent haematuria, minor glomerular abnormality",C0475538,"Recurrent and persistent hematuria, minor glomerular abnormality",narrow,,G,KIDNEYDISEASE,COV
All kidney disease,SNOMEDCT_US,197698000,Recurrent and persistent haematuria,C0475537,"Recurrent and persistent hematuria, unspecified",possible,,G,KIDNEYDISEASE,COV
All kidney disease,SNOMEDCT_US,197700009,"Recurrent and persistent haematuria, focal and segmental glomerular lesions",C0475539,"Recurrent and persistent hematuria, focal and segmental glomerular lesions",narrow,,G,KIDNEYDISEASE,COV
All kidney disease,SNOMEDCT_US,198493003,[X]Glomerular disorders in diabetes mellitus,C0477716,Glomerular disorders in diabetes mellitus,possible,,G,KIDNEYDISEASE,COV
All kidney disease,SNOMEDCT_US,198490000,[X]Glomerular disorders in infectious and parasitic diseases classified elsewhere,C0477713,Glomerular disorders in infectious and parasitic diseases classified elsewhere,narrow,,G,KIDNEYDISEASE,COV
All kidney disease,SNOMEDCT_US,10757401000119104,Pre-existing hypertensive heart and chronic kidney disease in mother complicating childbirth,C3840196,Pre-existing hypertensive heart and chronic kidney disease in mother complicating childbirth,narrow,,G,KIDNEYDISEASE,COV
All kidney disease,SNOMEDCT_US,432654009,Insertion of peritoneal dialysis catheter using fluoroscopy guidance,C2315726,Insertion of peritoneal dialysis catheter using fluoroscopy guidance,narrow,,G,KIDNEYDISEASE,COV
All kidney disease,SNOMEDCT_US,83923004,Familial interstitial nephritis,C0268789,Familial interstitial nephritis,narrow,,G,KIDNEYDISEASE,COV
All kidney disease,SNOMEDCT_US,198496006,[X]Glomerular disorders in other diseases classified elsewhere,C0477719,Glomerular disorders in other diseases classified elsewhere,narrow,,G,KIDNEYDISEASE,COV
All kidney disease,SNOMEDCT_US,78815005,Hereditary tubulointerstitial disorder,C0268788,Hereditary tubulointerstitial disorder,narrow,,G,KIDNEYDISEASE,COV
All kidney disease,SNOMEDCT_US,53378008,Salt-wasting syndrome of infancy,C0268786,Salt-wasting syndrome of infancy,possible,,G,KIDNEYDISEASE,COV
All kidney disease,SNOMEDCT_US,197826009,Salt-losing nephritis,C0268785,Salt-losing nephropathy,narrow,,G,KIDNEYDISEASE,COV
All kidney disease,SNOMEDCT_US,91003006,Salt-losing nephropathy,C0268785,Salt-losing nephropathy,narrow,,G,KIDNEYDISEASE,COV
All kidney disease,SNOMEDCT_US,95612000,Neonatal respiratory acidosis,C0521645,Neonatal respiratory acidosis,exclude,,G,KIDNEYDISEASE,COV
All kidney disease,SNOMEDCT_US,32278006,Myeloma kidney,C0268784,Myeloma kidney,narrow,,G,KIDNEYDISEASE,COV
All kidney disease,SNOMEDCT_US,127901000119107,Light chain nephropathy due to plasma cell dyscrasia,C3875273,Light chain nephropathy due to plasma cell dyscrasia,narrow,,G,KIDNEYDISEASE,COV
All kidney disease,SNOMEDCT_US,55006001,Light chain nephropathy,C0268783,Light chain nephropathy,narrow,,G,KIDNEYDISEASE,COV
All kidney disease,SNOMEDCT_US,444976001,Congenital hemolytic uremic syndrome,C2919522,Congenital hemolytic uremic syndrome,possible,,G,KIDNEYDISEASE,COV
All kidney disease,SNOMEDCT_US,11480007,Idiopathic granulomatous interstitial nephropathy,C0268781,Idiopathic granulomatous interstitial nephropathy,narrow,,G,KIDNEYDISEASE,COV
All kidney disease,SNOMEDCT_US,47330001,Idiopathic acute tubulointerstitial nephritis,C0268780,Idiopathic acute tubulointerstitial nephritis,narrow,,G,KIDNEYDISEASE,COV
All kidney disease,SNOMEDCT_US,818952002,Fibronectin glomerulopathy,C3888104,Glomerulopathy with fibronectin deposits,narrow,,G,KIDNEYDISEASE,COV
All kidney disease,SNOMEDCT_US,58797008,Disorder of transplanted kidney,C1261281,Disorder of transplanted kidney,narrow,,G,KIDNEYDISEASE,COV
All kidney disease,SNOMEDCT_US,236568008,Kidney transplant disorder,C1261281,Disorder of transplanted kidney,narrow,,G,KIDNEYDISEASE,COV
All kidney disease,SNOMEDCT_US,373599008,Multiple acquired kidney cysts,C0403470,Multiple acquired kidney cysts,narrow,,G,KIDNEYDISEASE,COV
All kidney disease,SNOMEDCT_US,236442004,Acquired renal cyst without neoplastic change,C0403473,Acquired renal cyst without neoplastic change,possible,,G,KIDNEYDISEASE,COV
All kidney disease,SNOMEDCT_US,236444003,Microscopic nephrocalcinosis,C0403474,Microscopic nephrocalcinosis,narrow,,G,KIDNEYDISEASE,COV
All kidney disease,SNOMEDCT_US,197801000,Single acquired kidney cyst,C0403471,Single acquired kidney cyst,possible,,G,KIDNEYDISEASE,COV
All kidney disease,SNOMEDCT_US,236441006,Acquired renal cyst with neoplastic change,C0403472,Acquired renal cyst with neoplastic change,possible,,G,KIDNEYDISEASE,COV
All kidney disease,SNOMEDCT_US,368951000119105,Acute kidney injury caused by contrast agent,C4076071,Acute kidney injury caused by contrast agent,narrow,,G,KIDNEYDISEASE,COV
All kidney disease,SNOMEDCT_US,236447005,Medullary nephrocalcinosis,C0403477,Medullary nephrocalcinosis,narrow,,G,KIDNEYDISEASE,COV
All kidney disease,SNOMEDCT_US,236445002,Macroscopic nephrocalcinosis,C0403475,Macroscopic nephrocalcinosis,narrow,,G,KIDNEYDISEASE,COV
All kidney disease,SNOMEDCT_US,236446001,Cortical nephrocalcinosis,C0403476,Cortical nephrocalcinosis,possible,,G,KIDNEYDISEASE,COV
All kidney disease,SNOMEDCT_US,194909006,Acute pericarditis secondary to uremia,C0558914,Acute pericarditis secondary to uremia,narrow,,G,KIDNEYDISEASE,COV
All kidney disease,SNOMEDCT_US,717791000,Bartter syndrome type 4a,C1865270,"BARTTER SYNDROME, TYPE 4A",narrow,,G,KIDNEYDISEASE,COV
All kidney disease,SNOMEDCT_US,236367002,Renal diabetes,C0017980,"Glycosuria, Renal",narrow,,G,KIDNEYDISEASE,COV
All kidney disease,SNOMEDCT_US,154737003,Renal glycosuria,C0017980,"Glycosuria, Renal",narrow,,G,KIDNEYDISEASE,COV
All kidney disease,SNOMEDCT_US,190759004,Renal diabetes,C0017980,"Glycosuria, Renal",narrow,,G,KIDNEYDISEASE,COV
All kidney disease,SNOMEDCT_US,367418000,Renal glucosuria,C0017980,"Glycosuria, Renal",narrow,,G,KIDNEYDISEASE,COV
All kidney disease,SNOMEDCT_US,267430007,Renal glycosuria,C0017980,"Glycosuria, Renal",narrow,,G,KIDNEYDISEASE,COV
All kidney disease,SNOMEDCT_US,237230004,Uremia in pregnancy without hypertension,C0473335,Uremia in pregnancy without hypertension,narrow,,G,KIDNEYDISEASE,COV
All kidney disease,SNOMEDCT_US,199079005,Uraemia in pregnancy without hypertension,C0473335,Uremia in pregnancy without hypertension,possible,,G,KIDNEYDISEASE,COV
All kidney disease,SNOMEDCT_US,723440000,Nephrogenic syndrome of inappropriate antidiuresis,C1845202,Nephrogenic Syndrome of Inappropriate Antidiuresis,narrow,,G,KIDNEYDISEASE,COV
All kidney disease,SNOMEDCT_US,197602005,Congenital nephrotic syndrome NOS,C3501848,"Nephrosis, congenital",possible,,G,KIDNEYDISEASE,COV
All kidney disease,SNOMEDCT_US,48796009,Congenital nephrotic syndrome,C3501848,"Nephrosis, congenital",possible,,G,KIDNEYDISEASE,COV
All kidney disease,SNOMEDCT_US,302922004,Compensatory hypertrophy of single kidney,C0403481,Compensatory hypertrophy of single kidney,possible,,G,KIDNEYDISEASE,COV
All kidney disease,SNOMEDCT_US,445404003,Familial immunoglobulin A nephropathy,C2919502,Familial immunoglobulin A nephropathy,narrow,,G,KIDNEYDISEASE,COV
All kidney disease,SNOMEDCT_US,236452000,Chronic drug-induced tubulointerstitial nephritis,C0403484,Chronic drug-induced tubulointerstitial nephritis,narrow,,G,KIDNEYDISEASE,COV
All kidney disease,SNOMEDCT_US,236453005,Chronic tubulointerstitial nephritis caused by heavy metal,C0403485,Chronic tubulointerstitial nephritis caused by heavy metal,narrow,,G,KIDNEYDISEASE,COV
All kidney disease,SNOMEDCT_US,368931000119104,Isolated proteinuria co-occurrent and due to membranoproliferative glomerulonephritis type 3,C4076061,Isolated proteinuria co-occurrent and due to membranoproliferative glomerulonephritis type III,narrow,,G,KIDNEYDISEASE,COV
All kidney disease,SNOMEDCT_US,236451007,Renal ocular syndrome,C0403483,Renal ocular syndrome,possible,,G,KIDNEYDISEASE,COV
All kidney disease,SNOMEDCT_US,236457006,Chronic mercury nephropathy,C0403488,Chronic mercury nephropathy,narrow,,G,KIDNEYDISEASE,COV
All kidney disease,SNOMEDCT_US,236459009,Malakoplakia of kidney,C0403489,Malakoplakia of kidney,narrow,,G,KIDNEYDISEASE,COV
All kidney disease,SNOMEDCT_US,236455003,Saturnine nephropathy,C0403486,Saturnine nephropathy,narrow,,G,KIDNEYDISEASE,COV
All kidney disease,SNOMEDCT_US,236456002,Chronic cadmium nephropathy,C0403487,Chronic cadmium nephropathy,narrow,,G,KIDNEYDISEASE,COV
All kidney disease,SNOMEDCT_US,722369003,Congenital nephrotic syndrome due to diffuse mesangial sclerosis,C4302604,Congenital nephrotic syndrome due to diffuse mesangial sclerosis,narrow,,G,KIDNEYDISEASE,COV
All kidney disease,SNOMEDCT_US,45953007,Iridodialysis,C0152246,Iridodialysis,exclude,,G,KIDNEYDISEASE,COV
All kidney disease,SNOMEDCT_US,334691000119106,Iridodialysis of right eye,-,-,exclude,Desc: code 45953007,G,KIDNEYDISEASE,COV
All kidney disease,SNOMEDCT_US,340291000119103,Iridodialysis of left eye,-,-,exclude,Desc: code 45953007,G,KIDNEYDISEASE,COV
All kidney disease,SNOMEDCT_US,345651000119101,Bilateral iridodialysis,-,-,exclude,Desc: code 45953007,G,KIDNEYDISEASE,COV
All kidney disease,SNOMEDCT_US,410556000,Traumatic iridodialysis,-,-,exclude,Desc: code 45953007,G,KIDNEYDISEASE,COV
All kidney disease,SNOMEDCT_US,236460004,Familial proximal renal tubular acidosis,C0403491,Familial proximal renal tubular acidosis,narrow,,G,KIDNEYDISEASE,COV
All kidney disease,SNOMEDCT_US,197670003,Albright renal tubular acidosis,C0403490,Albright's renal tubular acidosis,narrow,,G,KIDNEYDISEASE,COV
All kidney disease,SNOMEDCT_US,236470002,Specific renal tubule transport defect,C0403495,Specific renal tubule transport defect,narrow,,G,KIDNEYDISEASE,COV
All kidney disease,SNOMEDCT_US,691421000119108,Anemia co-occurrent and due to chronic kidney disease stage 3,C4076096,Anemia co-occurrent and due to chronic kidney disease stage 3,narrow,,G,KIDNEYDISEASE,COV
All kidney disease,SNOMEDCT_US,156130007,Pregnancy-related glycosuria,C0403496,Pregnancy-related glycosuria,possible,,G,KIDNEYDISEASE,COV
All kidney disease,SNOMEDCT_US,199133002,Glycosuria during pregnancy unspecified,C0403496,Pregnancy-related glycosuria,possible,,G,KIDNEYDISEASE,COV
All kidney disease,SNOMEDCT_US,199138006,Glycosuria during pregnancy NOS,C0403496,Pregnancy-related glycosuria,possible,,G,KIDNEYDISEASE,COV
All kidney disease,SNOMEDCT_US,199132007,Pregnancy-related glycosuria,C0403496,Pregnancy-related glycosuria,possible,,G,KIDNEYDISEASE,COV
All kidney disease,SNOMEDCT_US,236462007,Distal renal tubular acidosis with bicarbonate wasting,C0403494,Mixed renal tubular acidosis,narrow,,G,KIDNEYDISEASE,COV
All kidney disease,SNOMEDCT_US,199135009,Glycosuria during pregnancy - delivered with postnatal complication,C0403499,Glycosuria during pregnancy - delivered with postnatal complication,possible,,G,KIDNEYDISEASE,COV
All kidney disease,SNOMEDCT_US,1003851001,Pyruvate dehydrogenase complex E1 beta subunit deficiency,C5439062,Pyruvate dehydrogenase complex E1 beta subunit deficiency,exclude,,G,KIDNEYDISEASE,COV
All kidney disease,SNOMEDCT_US,199134008,Glycosuria during pregnancy - delivered,C0403498,Glycosuria during pregnancy - delivered,possible,,G,KIDNEYDISEASE,COV
All kidney disease,SNOMEDCT_US,231732004,Correction iridodialysis,C0395475,Correction iridodialysis,exclude,,G,KIDNEYDISEASE,COV
All kidney disease,SNOMEDCT_US,434431000124103,End stage renal disease due to hypertension,C3536572,End stage renal disease due to hypertension,narrow,,G,KIDNEYDISEASE,COV
All kidney disease,SNOMEDCT_US,111411000119103,End stage renal disease due to hypertension,C3536572,End stage renal disease due to hypertension,narrow,,G,KIDNEYDISEASE,COV
All kidney disease,SNOMEDCT_US,237232007,Albuminuria in pregnancy without hypertension,C0269675,Albuminuria in pregnancy without hypertension,possible,,G,KIDNEYDISEASE,COV
All kidney disease,SNOMEDCT_US,16756008,Albuminuria in pregnancy without hypertension,C0269675,Albuminuria in pregnancy without hypertension,possible,,G,KIDNEYDISEASE,COV
All kidney disease,SNOMEDCT_US,199140001,Gestational proteinuria,C0269674,Gestational proteinuria,possible,,G,KIDNEYDISEASE,COV
All kidney disease,SNOMEDCT_US,156125008,Gestational proteinuria,C0269674,Gestational proteinuria,possible,,G,KIDNEYDISEASE,COV
All kidney disease,SNOMEDCT_US,34165000,Gestational proteinuria,C0269674,Gestational proteinuria,narrow,,G,KIDNEYDISEASE,COV
All kidney disease,SNOMEDCT_US,75150001,Renal disease in pregnancy AND/OR puerperium without hypertension,C0269673,Renal disease in pregnancy AND/OR puerperium without hypertension,narrow,,G,KIDNEYDISEASE,COV
All kidney disease,SNOMEDCT_US,237231000,Nephropathy NOS in pregnancy without hypertension,C0269673,Renal disease in pregnancy AND/OR puerperium without hypertension,narrow,,G,KIDNEYDISEASE,COV
All kidney disease,SNOMEDCT_US,371019009,Azotemia due to intrarenal disease,C0235446,Azotemia due to intrarenal disease,narrow,,G,KIDNEYDISEASE,COV
All kidney disease,SNOMEDCT_US,140031000119103,Acute nontraumatic kidney injury,C2349570,Acute nontraumatic kidney injury,narrow,,G,KIDNEYDISEASE,COV
All kidney disease,SNOMEDCT_US,721168004,Congenital hydronephrosis due to ureteropelvic junction obstruction,C4303516,Congenital hydronephrosis due to ureteropelvic junction obstruction,narrow,,G,KIDNEYDISEASE,COV
All kidney disease,SNOMEDCT_US,166717003,Serum creatinine above reference range,C0700225,Serum creatinine raised,possible,,G,KIDNEYDISEASE,COV
All kidney disease,SNOMEDCT_US,722294004,Autosomal dominant intermediate Charcot-Marie-Tooth disease type E,C4302667,Autosomal dominant intermediate Charcot-Marie-Tooth disease type E,exclude,,G,KIDNEYDISEASE,COV
All kidney disease,SNOMEDCT_US,721175003,Idiopathic glomerular disease,C4303511,Idiopathic glomerular disease,narrow,,G,KIDNEYDISEASE,COV
All kidney disease,SNOMEDCT_US,444977005,Autosomal dominant focal segmental glomerulosclerosis,C2919166,Autosomal dominant focal segmental glomerulosclerosis,narrow,,G,KIDNEYDISEASE,COV
All kidney disease,SNOMEDCT_US,8756002,Dense deposit disease,C0268739,"Idiopathic crescentic glomerulonephritis, type II",narrow,,G,KIDNEYDISEASE,COV
All kidney disease,SNOMEDCT_US,359694003,"Idiopathic crescentic glomerulonephritis, type II",C0268739,"Idiopathic crescentic glomerulonephritis, type II",narrow,,G,KIDNEYDISEASE,COV
All kidney disease,SNOMEDCT_US,367051000119105,Morphologic change of kidney due to chronic nephritic syndrome,C4076033,Morphologic change of kidney due to chronic nephritic syndrome,narrow,,G,KIDNEYDISEASE,COV
All kidney disease,SNOMEDCT_US,64168005,"Idiopathic crescentic glomerulonephritis, type I",C0268738,"Idiopathic crescentic glomerulonephritis, type I",narrow,,G,KIDNEYDISEASE,COV
All kidney disease,SNOMEDCT_US,102803006,Absence of renin secretion,C0522121,Absence of renin secretion,exclude,,G,KIDNEYDISEASE,COV
All kidney disease,SNOMEDCT_US,76224000,Hemoglobinuric nephrosis,C0268736,Hemoglobinuric nephrosis,narrow,,G,KIDNEYDISEASE,COV
All kidney disease,SNOMEDCT_US,67132008,Hypoxic nephrosis,C0268735,Hypoxic nephrosis,narrow,,G,KIDNEYDISEASE,COV
All kidney disease,SNOMEDCT_US,58574008,Acute nephropathy,C0268734,Acute nephropathy,narrow,,G,KIDNEYDISEASE,COV
All kidney disease,SNOMEDCT_US,197680004,Acute nephritic syndrome,C0268733,Acute nephritis,narrow,,G,KIDNEYDISEASE,COV
All kidney disease,SNOMEDCT_US,155850003,Acute nephritis,C0268733,Acute nephritis,narrow,,G,KIDNEYDISEASE,COV
All kidney disease,SNOMEDCT_US,61503006,Acute nephritis,C0268733,Acute nephritis,narrow,,G,KIDNEYDISEASE,COV
All kidney disease,SNOMEDCT_US,236386005,Acute nephritic syndrome,C0268733,Acute nephritis,narrow,,G,KIDNEYDISEASE,COV
All kidney disease,SNOMEDCT_US,197578003,Acute nephritis,C0268733,Acute nephritis,narrow,,G,KIDNEYDISEASE,COV
All kidney disease,SNOMEDCT_US,266613008,Acute nephritis,C0268733,Acute nephritis,narrow,,G,KIDNEYDISEASE,COV
All kidney disease,SNOMEDCT_US,7724006,Nephritic syndrome,C0268732,Nephritic syndrome,narrow,,G,KIDNEYDISEASE,COV
All kidney disease,SNOMEDCT_US,1217380005,HELIX syndrome,C4522164,HELIX SYNDROME,possible,,G,KIDNEYDISEASE,COV
All kidney disease,SNOMEDCT_US,198489009,Glomerular disease,C0268731,Renal glomerular disease,narrow,,G,KIDNEYDISEASE,COV
All kidney disease,SNOMEDCT_US,76910007,Renal glomerular disease,C0268731,Renal glomerular disease,narrow,,G,KIDNEYDISEASE,COV
All kidney disease,SNOMEDCT_US,197679002,Glomerular disease,C0268731,Renal glomerular disease,narrow,,G,KIDNEYDISEASE,COV
All kidney disease,SNOMEDCT_US,15958181000119103,Metastatic adenocarcinoma to bilateral kidneys,C5546582,Metastatic adenocarcinoma to bilateral kidneys,narrow,,G,KIDNEYDISEASE,COV
All kidney disease,SNOMEDCT_US,36388008,Stricture of pelviureteric junction,C0268727,Stricture of pelviureteric junction,narrow,,G,KIDNEYDISEASE,COV
All kidney disease,SNOMEDCT_US,15958221000119106,Metastatic adenocarcinoma to left kidney,C5546579,Metastatic adenocarcinoma to left kidney,narrow,,G,KIDNEYDISEASE,COV
All kidney disease,SNOMEDCT_US,197766000,Calculous pyelonephritis,C0268722,Calculous pyelonephritis,narrow,,G,KIDNEYDISEASE,COV
All kidney disease,SNOMEDCT_US,23754003,Calculous pyelonephritis,C0268722,Calculous pyelonephritis,narrow,,G,KIDNEYDISEASE,COV
All kidney disease,SNOMEDCT_US,15958261000119101,Metastatic adenocarcinoma to right kidney,C5546577,Metastatic adenocarcinoma to right kidney,narrow,,G,KIDNEYDISEASE,COV
All kidney disease,SNOMEDCT_US,89637003,Pyelitis glandularis,C0268721,Pyelitis glandularis,narrow,,G,KIDNEYDISEASE,COV
All kidney disease,SNOMEDCT_US,734990008,Primary hyperoxaluria type III,C3150878,Primary hyperoxaluria type III,narrow,,G,KIDNEYDISEASE,COV
All kidney disease,SNOMEDCT_US,7448003,Acute pyonephrosis with renal medullary necrosis,C0268719,Acute pyonephrosis with renal medullary necrosis,narrow,,G,KIDNEYDISEASE,COV
All kidney disease,SNOMEDCT_US,85495007,Acute pyonephrosis without renal medullary necrosis,C0268718,Acute pyonephrosis without renal medullary necrosis,narrow,,G,KIDNEYDISEASE,COV
All kidney disease,SNOMEDCT_US,9918001,Mobile kidney,C0027717,Congenital Nephroptosis,possible,,G,KIDNEYDISEASE,COV
All kidney disease,SNOMEDCT_US,14343001,Acute pyelitis with renal medullary necrosis,C0268717,Acute pyelitis with renal medullary necrosis,narrow,,G,KIDNEYDISEASE,COV
All kidney disease,SNOMEDCT_US,3999002,Acute pyelitis without renal medullary necrosis,C0268716,Acute pyelitis without renal medullary necrosis,narrow,,G,KIDNEYDISEASE,COV
All kidney disease,SNOMEDCT_US,197658002,Renal sclerosis unspecified,C0027719,Nephrosclerosis,narrow,,G,KIDNEYDISEASE,COV
All kidney disease,SNOMEDCT_US,32916005,Nephrosclerosis,C0027719,Nephrosclerosis,narrow,,G,KIDNEYDISEASE,COV
All kidney disease,SNOMEDCT_US,197662008,Renal sclerosis NOS,C0027719,Nephrosclerosis,narrow,,G,KIDNEYDISEASE,COV
All kidney disease,SNOMEDCT_US,32801008,Acute pyelitis,C0268715,Acute pyelitis,possible,,G,KIDNEYDISEASE,COV
All kidney disease,SNOMEDCT_US,428720002,Nephropathy caused by heroin,C1997267,Nephropathy caused by heroin,narrow,,G,KIDNEYDISEASE,COV
All kidney disease,SNOMEDCT_US,368901000119106,Chronic nephritic syndrome co-occurrent and due to membranoproliferative glomerulonephritis type III,C4076053,Chronic nephritic syndrome co-occurrent and due to membranoproliferative glomerulonephritis type III,narrow,,G,KIDNEYDISEASE,COV
All kidney disease,SNOMEDCT_US,1776003,Renal tubular acidosis,C0001126,Renal tubular acidosis,narrow,,G,KIDNEYDISEASE,COV
All kidney disease,SNOMEDCT_US,40233000,Nephrotic-nephritic syndrome,C0268714,Nephrotic-nephritic syndrome,narrow,,G,KIDNEYDISEASE,COV
All kidney disease,SNOMEDCT_US,367611000119100,Hydronephrosis due to ureteral stricture,C4076058,Hydronephrosis due to ureteral stricture,narrow,,G,KIDNEYDISEASE,COV
All kidney disease,SNOMEDCT_US,49708008,Anemia of chronic renal failure,C0271932,Anemia of chronic renal failure,narrow,,G,KIDNEYDISEASE,COV
All kidney disease,SNOMEDCT_US,191270002,Anaemia secondary to chronic renal failure,C0271932,Anemia of chronic renal failure,narrow,,G,KIDNEYDISEASE,COV
All kidney disease,SNOMEDCT_US,1148923005,Idiopathic nodular glomerulosclerosis,C5546939,Idiopathic nodular glomerulosclerosis,narrow,,G,KIDNEYDISEASE,COV
All kidney disease,SNOMEDCT_US,189813000,[M] Clear cell sarcoma of kidney,C0334488,Clear cell sarcoma of kidney,narrow,,G,KIDNEYDISEASE,COV
All kidney disease,SNOMEDCT_US,1187464007,Clear cell sarcoma of kidney,C0334488,Clear cell sarcoma of kidney,narrow,,G,KIDNEYDISEASE,COV
All kidney disease,SNOMEDCT_US,24007003,Clear cell sarcoma of kidney,C0334488,Clear cell sarcoma of kidney,narrow,,G,KIDNEYDISEASE,COV
All kidney disease,SNOMEDCT_US,7703001,Renal tubular defect,C0268709,Renal tubular defect,narrow,,G,KIDNEYDISEASE,COV
All kidney disease,SNOMEDCT_US,11659006,Uremic neuropathy,C0268708,Uremic neuropathy,narrow,,G,KIDNEYDISEASE,COV
All kidney disease,SNOMEDCT_US,236383002,Familial mesangial sclerosis,C3489732,Familial mesangial sclerosis,narrow,,G,KIDNEYDISEASE,COV
All kidney disease,SNOMEDCT_US,83850008,Uremic acidosis,C0268705,Uremic acidosis,possible,,G,KIDNEYDISEASE,COV
All kidney disease,SNOMEDCT_US,15959101000119103,Transitional cell carcinoma of right kidney,C5190496,Transitional cell carcinoma of right kidney,narrow,,G,KIDNEYDISEASE,COV
All kidney disease,SNOMEDCT_US,15959061000119101,Transitional cell carcinoma of left kidney,C5190497,Transitional cell carcinoma of left kidney,narrow,,G,KIDNEYDISEASE,COV
All kidney disease,SNOMEDCT_US,286980006,Kidney/ureter disorder NOS,C0268701,"Disorder of kidney and ureter, unspecified",possible,,G,KIDNEYDISEASE,COV
All kidney disease,SNOMEDCT_US,197827000,Kidney and ureter disease NOS,C0268701,"Disorder of kidney and ureter, unspecified",possible,,G,KIDNEYDISEASE,COV
All kidney disease,SNOMEDCT_US,155851004,Nephrotic syndrome,C0027726,Nephrotic Syndrome,narrow,,G,KIDNEYDISEASE,COV
All kidney disease,SNOMEDCT_US,197611005,Nephrotic syndrome NOS,C0027726,Nephrotic Syndrome,narrow,,G,KIDNEYDISEASE,COV
All kidney disease,SNOMEDCT_US,52254009,Nephrotic syndrome,C0027726,Nephrotic Syndrome,narrow,,G,KIDNEYDISEASE,COV
All kidney disease,SNOMEDCT_US,1148921007,Glomerular disorder due to sickle cell trait,C5546940,Glomerular disorder due to sickle cell trait,narrow,,G,KIDNEYDISEASE,COV
All kidney disease,SNOMEDCT_US,368921000119102,Nephritic syndrome co-occurrent and due to membranoproliferative glomerulonephritis type III,C4076041,Nephritic syndrome co-occurrent and due to membranoproliferative glomerulonephritis type III,narrow,,G,KIDNEYDISEASE,COV
All kidney disease,SNOMEDCT_US,15958381000119101,Metastatic squamous cell carcinoma to left kidney,C5546949,Metastatic squamous cell carcinoma to left kidney,narrow,,G,KIDNEYDISEASE,COV
All kidney disease,SNOMEDCT_US,438661003,Specimen from transplanted kidney obtained by biopsy,C2586179,Specimen from transplanted kidney obtained by biopsy,possible,,G,KIDNEYDISEASE,COV
All kidney disease,SNOMEDCT_US,128001000119105,Hypertension concurrent and due to end stage renal disease on dialysis due to type 1 diabetes mellitus,C3874859,Hypertension concurrent and due to end stage renal disease on dialysis due to type 1 diabetes mellitus,narrow,,G,KIDNEYDISEASE,COV
All kidney disease,SNOMEDCT_US,82112005,Idiopathic chronic tubulointerstitial nephritis,C0268778,Idiopathic chronic tubulointerstitial nephritis,narrow,,G,KIDNEYDISEASE,COV
All kidney disease,SNOMEDCT_US,285001000119105,Chronic kidney disease stage 4 due to benign hypertension,C4039054,Chronic kidney disease stage 4 due to benign hypertension,narrow,,G,KIDNEYDISEASE,COV
All kidney disease,SNOMEDCT_US,62853008,Anti-glomerular basement membrane tubulointerstitial nephritis,C0268777,Anti-glomerular basement membrane tubulointerstitial nephritis,narrow,,G,KIDNEYDISEASE,COV
All kidney disease,SNOMEDCT_US,15958301000119109,Metastatic squamous cell carcinoma to right kidney,C5546950,Metastatic squamous cell carcinoma to right kidney,narrow,,G,KIDNEYDISEASE,COV
All kidney disease,SNOMEDCT_US,45927004,Immunologic mediated TIN (tubulointerstitial nephritis),C0268776,Immunologic mediated TIN (tubulointerstitial nephritis),narrow,,G,KIDNEYDISEASE,COV
All kidney disease,SNOMEDCT_US,15958101000119106,Primary sarcoma of right kidney,C5546953,Primary sarcoma of right kidney,narrow,,G,KIDNEYDISEASE,COV
All kidney disease,SNOMEDCT_US,56654004,Acquired hyperoxaluria,C0268773,Secondary oxalosis,possible,,G,KIDNEYDISEASE,COV
All kidney disease,SNOMEDCT_US,41305006,Secondary oxalosis,C0268773,Secondary oxalosis,possible,,G,KIDNEYDISEASE,COV
All kidney disease,SNOMEDCT_US,15958021000119103,Primary sarcoma of left kidney,C5546954,Primary sarcoma of left kidney,narrow,,G,KIDNEYDISEASE,COV
All kidney disease,SNOMEDCT_US,69718008,Oxalate nephropathy,C0268770,Oxalate nephropathy,narrow,,G,KIDNEYDISEASE,COV
All kidney disease,SNOMEDCT_US,725908007,Neurofaciodigitorenal syndrome,C0796088,Neurofaciodigitorenal syndrome,possible,,G,KIDNEYDISEASE,COV
All kidney disease,SNOMEDCT_US,716657000,Familial papillary thyroid carcinoma with renal papillary neoplasia syndrome,C4274358,Familial papillary thyroid carcinoma with renal papillary neoplasia syndrome,narrow,,G,KIDNEYDISEASE,COV
All kidney disease,SNOMEDCT_US,881009,Cyclodialysis,C0197526,Cyclodialysis,exclude,,G,KIDNEYDISEASE,COV
All kidney disease,SNOMEDCT_US,398306001,Stallard operation,-,-,exclude,Desc: code 881009,G,KIDNEYDISEASE,COV
All kidney disease,SNOMEDCT_US,190863003,Nephrocalcinosis,C0027709,Nephrocalcinosis,possible,,G,KIDNEYDISEASE,COV
All kidney disease,SNOMEDCT_US,48638002,Nephrocalcinosis,C0027709,Nephrocalcinosis,possible,,G,KIDNEYDISEASE,COV
All kidney disease,SNOMEDCT_US,154752005,Nephrocalcinosis,C0027709,Nephrocalcinosis,possible,,G,KIDNEYDISEASE,COV
All kidney disease,SNOMEDCT_US,267505006,Nephrocalcinosis,C0027709,Nephrocalcinosis,possible,,G,KIDNEYDISEASE,COV
All kidney disease,SNOMEDCT_US,264536006,Interstitial nephritis,C0027707,"Nephritis, Interstitial",narrow,,G,KIDNEYDISEASE,COV
All kidney disease,SNOMEDCT_US,302849000,Nephroblastoma,C0027708,Nephroblastoma,narrow,,G,KIDNEYDISEASE,COV
All kidney disease,SNOMEDCT_US,31470003,[M]Nephroblastoma NOS,C0027708,Nephroblastoma,narrow,,G,KIDNEYDISEASE,COV
All kidney disease,SNOMEDCT_US,25081006,Nephroblastoma,C0027708,Nephroblastoma,narrow,,G,KIDNEYDISEASE,COV
All kidney disease,SNOMEDCT_US,1268569009,"Nephroblastoma, blastemal type",-,-,narrow,Desc: code 25081006,G,KIDNEYDISEASE,COV
All kidney disease,SNOMEDCT_US,1268570005,"Nephroblastoma, epithelial type",-,-,narrow,Desc: code 25081006,G,KIDNEYDISEASE,COV
All kidney disease,SNOMEDCT_US,1268571009,"Nephroblastoma, mixed type",-,-,narrow,Desc: code 25081006,G,KIDNEYDISEASE,COV
All kidney disease,SNOMEDCT_US,1268572002,"Nephroblastoma, regressive type",-,-,narrow,Desc: code 25081006,G,KIDNEYDISEASE,COV
All kidney disease,SNOMEDCT_US,1268573007,"Nephroblastoma, stromal type",-,-,narrow,Desc: code 25081006,G,KIDNEYDISEASE,COV
All kidney disease,SNOMEDCT_US,405937008,"Nephroblastoma, favorable histology",-,-,narrow,Desc: code 25081006,G,KIDNEYDISEASE,COV
All kidney disease,SNOMEDCT_US,405938003,"Nephroblastoma, focal anaplasia",-,-,narrow,Desc: code 25081006,G,KIDNEYDISEASE,COV
All kidney disease,SNOMEDCT_US,405939006,"Nephroblastoma, diffuse anaplasia",-,-,narrow,Desc: code 25081006,G,KIDNEYDISEASE,COV
All kidney disease,SNOMEDCT_US,190829000,Chronic gouty nephropathy,C0268769,Chronic gouty nephropathy,narrow,,G,KIDNEYDISEASE,COV
All kidney disease,SNOMEDCT_US,154747000,Chronic urate nephropathy,C0268769,Chronic gouty nephropathy,narrow,,G,KIDNEYDISEASE,COV
All kidney disease,SNOMEDCT_US,13889008,Methyl CCNU nephropathy,C0268768,Methyl CCNU nephropathy,narrow,,G,KIDNEYDISEASE,COV
All kidney disease,SNOMEDCT_US,53556002,Disorder of kidney caused by cisplatin,C0268767,Disorder of kidney caused by cisplatin,narrow,,G,KIDNEYDISEASE,COV
All kidney disease,SNOMEDCT_US,399190000,Non-progressive hereditary glomerulonephritis,C1302246,Non-progressive hereditary glomerulonephritis,narrow,,G,KIDNEYDISEASE,COV
All kidney disease,SNOMEDCT_US,71421000119105,Hypertension in chronic kidney disease due to type 2 diabetes mellitus,C3874846,Hypertension in chronic kidney disease due to type 2 diabetes mellitus,narrow,,G,KIDNEYDISEASE,COV
All kidney disease,SNOMEDCT_US,284961000119106,Chronic kidney disease due to benign hypertension,C4039066,Chronic kidney disease due to benign hypertension,narrow,,G,KIDNEYDISEASE,COV
All kidney disease,SNOMEDCT_US,1177174007,Acute kidney injury following administration of contrast media,C5567898,Acute kidney injury following administration of contrast media,narrow,,G,KIDNEYDISEASE,COV
All kidney disease,SNOMEDCT_US,897310009,Renal osteodystrophy with high bone turnover,C5438587,Renal osteodystrophy with high bone turnover,narrow,,G,KIDNEYDISEASE,COV
All kidney disease,SNOMEDCT_US,1148903009,Secondary glomerular disease,C5546962,Secondary glomerular disease,narrow,,G,KIDNEYDISEASE,COV
All kidney disease,SNOMEDCT_US,16751003,Acute tubulointerstitial nephritis associated with systemic infection,C0268764,Acute tubulointerstitial nephritis associated with systemic infection,narrow,,G,KIDNEYDISEASE,COV
All kidney disease,SNOMEDCT_US,27810000,Acute viral tubulointerstitial nephritis,C0268763,Acute viral tubulointerstitial nephritis,narrow,,G,KIDNEYDISEASE,COV
All kidney disease,SNOMEDCT_US,91195006,Acute fungal tubulointerstitial nephritis,C0268762,Acute fungal tubulointerstitial nephritis,narrow,,G,KIDNEYDISEASE,COV
All kidney disease,SNOMEDCT_US,190406000,Malnutrition-related diabetes mellitus with ketoacidosis,C0494291,Malnutrition-related diabetes mellitus with ketoacidosis,narrow,,G,KIDNEYDISEASE,COV
All kidney disease,SNOMEDCT_US,717952004,Acquired hydronephrosis due to ureteropelvic junction obstruction,C4303541,Acquired hydronephrosis due to ureteropelvic junction obstruction,narrow,,G,KIDNEYDISEASE,COV
All kidney disease,SNOMEDCT_US,111631000119106,Congenital dilatation of renal pelvis,C4076017,Congenital dilatation of renal pelvis,possible,,G,KIDNEYDISEASE,COV
All kidney disease,SNOMEDCT_US,368881000119109,Rapidly progressive nephritic syndrome co-occurrent and due to membranoproliferative glomerulonephritis type III,C4076012,Rapidly progressive nephritic syndrome co-occurrent and due to membranoproliferative glomerulonephritis type III,narrow,,G,KIDNEYDISEASE,COV
All kidney disease,SNOMEDCT_US,11013005,"SLE glomerulonephritis syndrome, WHO class VI",C0268759,"SLE glomerulonephritis syndrome, WHO class VI",narrow,,G,KIDNEYDISEASE,COV
All kidney disease,SNOMEDCT_US,52042003,"SLE glomerulonephritis syndrome, WHO class V",C0268758,"SLE glomerulonephritis syndrome, WHO class V",narrow,,G,KIDNEYDISEASE,COV
All kidney disease,SNOMEDCT_US,733650000,Adult familial nephronophthisis with spastic quadriparesia syndrome,C4518090,Adult familial nephronophthisis with spastic quadriparesia syndrome,possible,,G,KIDNEYDISEASE,COV
All kidney disease,SNOMEDCT_US,36402006,"SLE glomerulonephritis syndrome, WHO class IV",C0268757,"SLE glomerulonephritis syndrome, WHO class IV",narrow,,G,KIDNEYDISEASE,COV
All kidney disease,SNOMEDCT_US,200118004,Post-delivery acute renal failure with postnatal problem,C0405280,Post-delivery acute renal failure with postnatal problem,narrow,,G,KIDNEYDISEASE,COV
All kidney disease,SNOMEDCT_US,200117009,Post-delivery acute renal failure - delivered with postnatal problem,C0405280,Post-delivery acute renal failure with postnatal problem,narrow,,G,KIDNEYDISEASE,COV
All kidney disease,SNOMEDCT_US,76521009,"SLE glomerulonephritis syndrome, WHO class III",C0268756,"SLE glomerulonephritis syndrome, WHO class III",narrow,,G,KIDNEYDISEASE,COV
All kidney disease,SNOMEDCT_US,4676006,"SLE glomerulonephritis syndrome, WHO class II",C0268755,"SLE glomerulonephritis syndrome, WHO class II",narrow,,G,KIDNEYDISEASE,COV
All kidney disease,SNOMEDCT_US,73286009,"SLE glomerulonephritis syndrome, WHO class I",C0268754,"SLE glomerulonephritis syndrome, WHO class I",narrow,,G,KIDNEYDISEASE,COV
All kidney disease,SNOMEDCT_US,1142097006,Intermittent gestational proteinuria,C5545674,Intermittent gestational proteinuria,possible,,G,KIDNEYDISEASE,COV
All kidney disease,SNOMEDCT_US,37085009,Shunt nephritis,C0268753,Shunt nephritis,narrow,,G,KIDNEYDISEASE,COV
All kidney disease,SNOMEDCT_US,8199003,Focal embolic nephritis syndrome,C0268752,Focal embolic nephritis syndrome,narrow,,G,KIDNEYDISEASE,COV
All kidney disease,SNOMEDCT_US,1148885001,Glomerular disease due to action myoclonus renal failure syndrome,C5546976,Glomerular disease due to action myoclonus renal failure syndrome,narrow,,G,KIDNEYDISEASE,COV
All kidney disease,SNOMEDCT_US,1426004,Necrotizing glomerulonephritis,C0268750,Necrotizing glomerulonephritis,narrow,,G,KIDNEYDISEASE,COV
All kidney disease,SNOMEDCT_US,1148887009,Glomerular disease due to Alport syndrome,C5546977,Glomerular disease due to Alport syndrome,narrow,,G,KIDNEYDISEASE,COV
All kidney disease,SNOMEDCT_US,307415006,Kidney/urinary disease NOS,C0042075,Urologic Diseases,possible,,G,KIDNEYDISEASE,COV
All kidney disease,SNOMEDCT_US,155848006,Genitourinary system diseases (& [kidney] or [urinary]),C0042075,Urologic Diseases,possible,,G,KIDNEYDISEASE,COV
All kidney disease,SNOMEDCT_US,41368006,Disorder of urinary tract,C0042075,Urologic Diseases,possible,,G,KIDNEYDISEASE,COV
All kidney disease,SNOMEDCT_US,1003443006,Congenital stenosis of male external urethral orifice,-,-,possible,Desc: code 41368006,G,KIDNEYDISEASE,COV
All kidney disease,SNOMEDCT_US,1003552004,Agenesis of urinary bladder,-,-,possible,Desc: code 41368006,G,KIDNEYDISEASE,COV
All kidney disease,SNOMEDCT_US,1003879007,Penile megalourethra,-,-,possible,Desc: code 41368006,G,KIDNEYDISEASE,COV
All kidney disease,SNOMEDCT_US,102331000119107,Female cystourethrocele,-,-,possible,Desc: code 41368006,G,KIDNEYDISEASE,COV
All kidney disease,SNOMEDCT_US,102341000119103,Male cystourethrocele,-,-,possible,Desc: code 41368006,G,KIDNEYDISEASE,COV
All kidney disease,SNOMEDCT_US,10661000087107,Injury of urinary bladder during surgery,-,-,possible,Desc: code 41368006,G,KIDNEYDISEASE,COV
All kidney disease,SNOMEDCT_US,10738211000119102,Congenital fistula between uterus and urinary tract,-,-,possible,Desc: code 41368006,G,KIDNEYDISEASE,COV
All kidney disease,SNOMEDCT_US,10752111000119109,Postpartum acute cystitis,-,-,possible,Desc: code 41368006,G,KIDNEYDISEASE,COV
All kidney disease,SNOMEDCT_US,107591000119100,Primary squamous cell carcinoma of urethra,-,-,possible,Desc: code 41368006,G,KIDNEYDISEASE,COV
All kidney disease,SNOMEDCT_US,107601000119107,Primary transitional cell carcinoma of urethra,-,-,possible,Desc: code 41368006,G,KIDNEYDISEASE,COV
All kidney disease,SNOMEDCT_US,1084821000119103,Cystitis caused by Chlamydia,-,-,possible,Desc: code 41368006,G,KIDNEYDISEASE,COV
All kidney disease,SNOMEDCT_US,1087011000119108,Infection of lower genitourinary tract co-occurrent with abscess of periurethral gland caused by Gonococcus,-,-,possible,Desc: code 41368006,G,KIDNEYDISEASE,COV
All kidney disease,SNOMEDCT_US,111409009,Ulcerative cystitis,-,-,possible,Desc: code 41368006,G,KIDNEYDISEASE,COV
All kidney disease,SNOMEDCT_US,111410004,Hypertrophy of urinary bladder,-,-,possible,Desc: code 41368006,G,KIDNEYDISEASE,COV
All kidney disease,SNOMEDCT_US,111411000,Postoperative urethral stricture,-,-,possible,Desc: code 41368006,G,KIDNEYDISEASE,COV
All kidney disease,SNOMEDCT_US,111412007,Urethral granuloma,-,-,possible,Desc: code 41368006,G,KIDNEYDISEASE,COV
All kidney disease,SNOMEDCT_US,111830007,Tuberculosis of urinary organs,-,-,possible,Desc: code 41368006,G,KIDNEYDISEASE,COV
All kidney disease,SNOMEDCT_US,11251000,Radiation cystitis,-,-,possible,Desc: code 41368006,G,KIDNEYDISEASE,COV
All kidney disease,SNOMEDCT_US,1142033008,Non-circumferential urethrovaginal fistula with involvement of continence mechanism,-,-,possible,Desc: code 41368006,G,KIDNEYDISEASE,COV
All kidney disease,SNOMEDCT_US,1142115000,Circumferential urethrovaginal fistula with involvement of continence mechanism,-,-,possible,Desc: code 41368006,G,KIDNEYDISEASE,COV
All kidney disease,SNOMEDCT_US,1142116004,Circumferential urethrovaginal fistula with severe scarring,-,-,possible,Desc: code 41368006,G,KIDNEYDISEASE,COV
All kidney disease,SNOMEDCT_US,1142242007,Circumferential urethrovaginal fistula,-,-,possible,Desc: code 41368006,G,KIDNEYDISEASE,COV
All kidney disease,SNOMEDCT_US,1144548006,Aplasia of urinary bladder,-,-,possible,Desc: code 41368006,G,KIDNEYDISEASE,COV
All kidney disease,SNOMEDCT_US,1148902004,Postoperative stress incontinence,-,-,possible,Desc: code 41368006,G,KIDNEYDISEASE,COV
All kidney disease,SNOMEDCT_US,1148932007,Viral cystitis,-,-,possible,Desc: code 41368006,G,KIDNEYDISEASE,COV
All kidney disease,SNOMEDCT_US,1162380001,Hypertrophy of neck of urinary bladder,-,-,possible,Desc: code 41368006,G,KIDNEYDISEASE,COV
All kidney disease,SNOMEDCT_US,1162450005,Female cystocele and uterine prolapse,-,-,possible,Desc: code 41368006,G,KIDNEYDISEASE,COV
All kidney disease,SNOMEDCT_US,11671000119103,Contracture of neck of urinary bladder,-,-,possible,Desc: code 41368006,G,KIDNEYDISEASE,COV
All kidney disease,SNOMEDCT_US,1184603003,Postoperative urinary incontinence,-,-,possible,Desc: code 41368006,G,KIDNEYDISEASE,COV
All kidney disease,SNOMEDCT_US,118642009,Congenital anomaly of the urinary tract proper,-,-,possible,Desc: code 41368006,G,KIDNEYDISEASE,COV
All kidney disease,SNOMEDCT_US,11991000119105,Urinary tract obstruction due to duplicated collecting system,-,-,possible,Desc: code 41368006,G,KIDNEYDISEASE,COV
All kidney disease,SNOMEDCT_US,12011009,Female urinary-genital tract fistula,-,-,possible,Desc: code 41368006,G,KIDNEYDISEASE,COV
All kidney disease,SNOMEDCT_US,1204394008,Dilatation of urethra,-,-,possible,Desc: code 41368006,G,KIDNEYDISEASE,COV
All kidney disease,SNOMEDCT_US,12068006,Prolapse of urethra,-,-,possible,Desc: code 41368006,G,KIDNEYDISEASE,COV
All kidney disease,SNOMEDCT_US,1208451008,Transitional cell carcinoma of upper urinary tract,-,-,possible,Desc: code 41368006,G,KIDNEYDISEASE,COV
All kidney disease,SNOMEDCT_US,1208460000,Sarcomatoid urothelial carcinoma of urinary bladder,-,-,possible,Desc: code 41368006,G,KIDNEYDISEASE,COV
All kidney disease,SNOMEDCT_US,1208461001,Plasmacytoid urothelial carcinoma of urinary bladder,-,-,possible,Desc: code 41368006,G,KIDNEYDISEASE,COV
All kidney disease,SNOMEDCT_US,12245681000119103,Postprocedural retention of urine,-,-,possible,Desc: code 41368006,G,KIDNEYDISEASE,COV
All kidney disease,SNOMEDCT_US,1237457005,Metastatic carcinoma to urinary bladder,-,-,possible,Desc: code 41368006,G,KIDNEYDISEASE,COV
All kidney disease,SNOMEDCT_US,1237465008,Metastatic adenocarcinoma to urinary bladder,-,-,possible,Desc: code 41368006,G,KIDNEYDISEASE,COV
All kidney disease,SNOMEDCT_US,12454008,Cauda equina syndrome with neurogenic urinary bladder,-,-,possible,Desc: code 41368006,G,KIDNEYDISEASE,COV
All kidney disease,SNOMEDCT_US,1258958003,Acute bacterial simple cystitis,-,-,possible,Desc: code 41368006,G,KIDNEYDISEASE,COV
All kidney disease,SNOMEDCT_US,1259225008,Fibrosis of urinary bladder neck,-,-,possible,Desc: code 41368006,G,KIDNEYDISEASE,COV
All kidney disease,SNOMEDCT_US,1259233009,Cystic urethritis,-,-,possible,Desc: code 41368006,G,KIDNEYDISEASE,COV
All kidney disease,SNOMEDCT_US,1259240005,Male bulbous urethral stricture,-,-,possible,Desc: code 41368006,G,KIDNEYDISEASE,COV
All kidney disease,SNOMEDCT_US,1259241009,Male membranous urethral stricture,-,-,possible,Desc: code 41368006,G,KIDNEYDISEASE,COV
All kidney disease,SNOMEDCT_US,1259243007,Penile urethral stricture,-,-,possible,Desc: code 41368006,G,KIDNEYDISEASE,COV
All kidney disease,SNOMEDCT_US,1259244001,Stricture of prostatic urethra,-,-,possible,Desc: code 41368006,G,KIDNEYDISEASE,COV
All kidney disease,SNOMEDCT_US,1259245000,Lesion of urethra,-,-,possible,Desc: code 41368006,G,KIDNEYDISEASE,COV
All kidney disease,SNOMEDCT_US,1259400001,Primary carcinoma of urinary bladder,-,-,possible,Desc: code 41368006,G,KIDNEYDISEASE,COV
All kidney disease,SNOMEDCT_US,1259401002,Primary transitional cell carcinoma of urinary bladder,-,-,possible,Desc: code 41368006,G,KIDNEYDISEASE,COV
All kidney disease,SNOMEDCT_US,1259402009,Primary adenocarcinoma of urinary bladder,-,-,possible,Desc: code 41368006,G,KIDNEYDISEASE,COV
All kidney disease,SNOMEDCT_US,1259671005,Ileovesical fistula,-,-,possible,Desc: code 41368006,G,KIDNEYDISEASE,COV
All kidney disease,SNOMEDCT_US,1259705005,Primary sarcomatoid urothelial carcinoma of urinary bladder,-,-,possible,Desc: code 41368006,G,KIDNEYDISEASE,COV
All kidney disease,SNOMEDCT_US,1259711008,Primary transitional cell carcinoma of upper urinary tract,-,-,possible,Desc: code 41368006,G,KIDNEYDISEASE,COV
All kidney disease,SNOMEDCT_US,1259712001,Primary plasmacytoid urothelial carcinoma of urinary bladder,-,-,possible,Desc: code 41368006,G,KIDNEYDISEASE,COV
All kidney disease,SNOMEDCT_US,1259866001,Postoperative urinary bladder fistula,-,-,possible,Desc: code 41368006,G,KIDNEYDISEASE,COV
All kidney disease,SNOMEDCT_US,125991000119108,Urethral parameatal cyst,-,-,possible,Desc: code 41368006,G,KIDNEYDISEASE,COV
All kidney disease,SNOMEDCT_US,1263639008,Metastatic transitional cell carcinoma to urinary bladder,-,-,possible,Desc: code 41368006,G,KIDNEYDISEASE,COV
All kidney disease,SNOMEDCT_US,1263660002,Metastatic transitional cell carcinoma to upper urinary tract,-,-,possible,Desc: code 41368006,G,KIDNEYDISEASE,COV
All kidney disease,SNOMEDCT_US,1264150000,Damage to urinary bladder following molar pregnancy,-,-,possible,Desc: code 41368006,G,KIDNEYDISEASE,COV
All kidney disease,SNOMEDCT_US,1264151001,Damage to urinary bladder following ectopic pregnancy,-,-,possible,Desc: code 41368006,G,KIDNEYDISEASE,COV
All kidney disease,SNOMEDCT_US,1264505007,Carbuncle of urethra,-,-,possible,Desc: code 41368006,G,KIDNEYDISEASE,COV
All kidney disease,SNOMEDCT_US,126649009,Neoplasm of rectovesical septum,-,-,possible,Desc: code 41368006,G,KIDNEYDISEASE,COV
All kidney disease,SNOMEDCT_US,1268518009,Primary small cell neuroendocrine carcinoma of urinary bladder,-,-,possible,Desc: code 41368006,G,KIDNEYDISEASE,COV
All kidney disease,SNOMEDCT_US,126883004,Neoplasm of urethra,-,-,possible,Desc: code 41368006,G,KIDNEYDISEASE,COV
All kidney disease,SNOMEDCT_US,126884005,Neoplasm of paraurethral glands,-,-,possible,Desc: code 41368006,G,KIDNEYDISEASE,COV
All kidney disease,SNOMEDCT_US,126885006,Neoplasm of urinary bladder,-,-,possible,Desc: code 41368006,G,KIDNEYDISEASE,COV
All kidney disease,SNOMEDCT_US,126886007,Neoplasm of trigone of urinary bladder,-,-,possible,Desc: code 41368006,G,KIDNEYDISEASE,COV
All kidney disease,SNOMEDCT_US,126887003,Neoplasm of apex of urinary bladder,-,-,possible,Desc: code 41368006,G,KIDNEYDISEASE,COV
All kidney disease,SNOMEDCT_US,126888008,Neoplasm of lateral wall of urinary bladder,-,-,possible,Desc: code 41368006,G,KIDNEYDISEASE,COV
All kidney disease,SNOMEDCT_US,126889000,Neoplasm of anterior wall of urinary bladder,-,-,possible,Desc: code 41368006,G,KIDNEYDISEASE,COV
All kidney disease,SNOMEDCT_US,126890009,Neoplasm of posterior wall of urinary bladder,-,-,possible,Desc: code 41368006,G,KIDNEYDISEASE,COV
All kidney disease,SNOMEDCT_US,126891008,Neoplasm of urinary bladder neck,-,-,possible,Desc: code 41368006,G,KIDNEYDISEASE,COV
All kidney disease,SNOMEDCT_US,127001000119106,Hypervascular lesion of urinary bladder,-,-,possible,Desc: code 41368006,G,KIDNEYDISEASE,COV
All kidney disease,SNOMEDCT_US,129595005,Frozen urethra syndrome,-,-,possible,Desc: code 41368006,G,KIDNEYDISEASE,COV
All kidney disease,SNOMEDCT_US,1297032008,Contracture of urinary bladder,-,-,possible,Desc: code 41368006,G,KIDNEYDISEASE,COV
All kidney disease,SNOMEDCT_US,13285005,Cystitis cystica,-,-,possible,Desc: code 41368006,G,KIDNEYDISEASE,COV
All kidney disease,SNOMEDCT_US,1335833004,Mycoplasma genitalium urethritis,-,-,possible,Desc: code 41368006,G,KIDNEYDISEASE,COV
All kidney disease,SNOMEDCT_US,1351661007,Schistosomal urethritis,-,-,possible,Desc: code 41368006,G,KIDNEYDISEASE,COV
All kidney disease,SNOMEDCT_US,1351663005,Urethritis co-occurrent with reactive arthritis,-,-,possible,Desc: code 41368006,G,KIDNEYDISEASE,COV
All kidney disease,SNOMEDCT_US,1354494000,Induced termination of pregnancy complicated by damage to urethra,-,-,possible,Desc: code 41368006,G,KIDNEYDISEASE,COV
All kidney disease,SNOMEDCT_US,1354495004,Injury of urethra during vaginal delivery,-,-,possible,Desc: code 41368006,G,KIDNEYDISEASE,COV
All kidney disease,SNOMEDCT_US,1354496003,Injury of urethra during cesarean section,-,-,possible,Desc: code 41368006,G,KIDNEYDISEASE,COV
All kidney disease,SNOMEDCT_US,135521000119103,Mass of urethra,-,-,possible,Desc: code 41368006,G,KIDNEYDISEASE,COV
All kidney disease,SNOMEDCT_US,1366546000,Post-traumatic urethral stricture,-,-,possible,Desc: code 41368006,G,KIDNEYDISEASE,COV
All kidney disease,SNOMEDCT_US,1366547009,Post-traumatic female urethral stricture,-,-,possible,Desc: code 41368006,G,KIDNEYDISEASE,COV
All kidney disease,SNOMEDCT_US,1366548004,Post-traumatic membranous urethral stricture,-,-,possible,Desc: code 41368006,G,KIDNEYDISEASE,COV
All kidney disease,SNOMEDCT_US,1366549007,Post-traumatic anterior urethral stricture,-,-,possible,Desc: code 41368006,G,KIDNEYDISEASE,COV
All kidney disease,SNOMEDCT_US,1366550007,Male post-traumatic bulbous urethral stricture,-,-,possible,Desc: code 41368006,G,KIDNEYDISEASE,COV
All kidney disease,SNOMEDCT_US,13671009,Congenital stricture of urethra,-,-,possible,Desc: code 41368006,G,KIDNEYDISEASE,COV
All kidney disease,SNOMEDCT_US,13806003,Congenital anomaly of urethra,-,-,possible,Desc: code 41368006,G,KIDNEYDISEASE,COV
All kidney disease,SNOMEDCT_US,14021000119107,Female urethrocele,-,-,possible,Desc: code 41368006,G,KIDNEYDISEASE,COV
All kidney disease,SNOMEDCT_US,14365001,Congenital prolapse of urinary bladder,-,-,possible,Desc: code 41368006,G,KIDNEYDISEASE,COV
All kidney disease,SNOMEDCT_US,145071000119106,Male cystocele,-,-,possible,Desc: code 41368006,G,KIDNEYDISEASE,COV
All kidney disease,SNOMEDCT_US,14568003,Vesicocervicovaginal fistula,-,-,possible,Desc: code 41368006,G,KIDNEYDISEASE,COV
All kidney disease,SNOMEDCT_US,14981000,Urethral fistula,-,-,possible,Desc: code 41368006,G,KIDNEYDISEASE,COV
All kidney disease,SNOMEDCT_US,15165002,Urethrorectal fistula,-,-,possible,Desc: code 41368006,G,KIDNEYDISEASE,COV
All kidney disease,SNOMEDCT_US,15933781000119105,Supravesical fissure of urinary bladder,-,-,possible,Desc: code 41368006,G,KIDNEYDISEASE,COV
All kidney disease,SNOMEDCT_US,16470041000119105,Urinary incontinence due to and following cerebrovascular accident with intracranial hemorrhage,-,-,possible,Desc: code 41368006,G,KIDNEYDISEASE,COV
All kidney disease,SNOMEDCT_US,16470101000119107,Urinary incontinence due to and following cerebrovascular accident,-,-,possible,Desc: code 41368006,G,KIDNEYDISEASE,COV
All kidney disease,SNOMEDCT_US,16470151000119106,Urinary incontinence due to and following ischemic stroke,-,-,possible,Desc: code 41368006,G,KIDNEYDISEASE,COV
All kidney disease,SNOMEDCT_US,16470211000119100,Urinary incontinence due to and following embolic cerebrovascular accident,-,-,possible,Desc: code 41368006,G,KIDNEYDISEASE,COV
All kidney disease,SNOMEDCT_US,16697661000119105,Infection associated with artificial urinary sphincter,-,-,possible,Desc: code 41368006,G,KIDNEYDISEASE,COV
All kidney disease,SNOMEDCT_US,16697701000119103,Infection associated with stent of urinary tract,-,-,possible,Desc: code 41368006,G,KIDNEYDISEASE,COV
All kidney disease,SNOMEDCT_US,16914711000119109,Male urethral stricture,-,-,possible,Desc: code 41368006,G,KIDNEYDISEASE,COV
All kidney disease,SNOMEDCT_US,1723008,Urethral stricture due to schistosomiasis,-,-,possible,Desc: code 41368006,G,KIDNEYDISEASE,COV
All kidney disease,SNOMEDCT_US,17615006,Hemorrhage into wall of urinary bladder,-,-,possible,Desc: code 41368006,G,KIDNEYDISEASE,COV
All kidney disease,SNOMEDCT_US,17701000119108,Noncompliant neuropathic urinary bladder,-,-,possible,Desc: code 41368006,G,KIDNEYDISEASE,COV
All kidney disease,SNOMEDCT_US,17711000119106,Noncompliant urinary bladder,-,-,possible,Desc: code 41368006,G,KIDNEYDISEASE,COV
All kidney disease,SNOMEDCT_US,179101003,Urethritis caused by Chlamydia trachomatis,-,-,possible,Desc: code 41368006,G,KIDNEYDISEASE,COV
All kidney disease,SNOMEDCT_US,18109005,Calculus in diverticulum of urinary bladder,-,-,possible,Desc: code 41368006,G,KIDNEYDISEASE,COV
All kidney disease,SNOMEDCT_US,18241005,Early urethral obstruction sequence,-,-,possible,Desc: code 41368006,G,KIDNEYDISEASE,COV
All kidney disease,SNOMEDCT_US,182661000119107,Stricture of neck of urinary bladder,-,-,possible,Desc: code 41368006,G,KIDNEYDISEASE,COV
All kidney disease,SNOMEDCT_US,18675002,Vesicoperineal fistula,-,-,possible,Desc: code 41368006,G,KIDNEYDISEASE,COV
All kidney disease,SNOMEDCT_US,188239000,Malignant neoplasm of trigone of urinary bladder,-,-,possible,Desc: code 41368006,G,KIDNEYDISEASE,COV
All kidney disease,SNOMEDCT_US,188240003,Malignant neoplasm of dome of urinary bladder,-,-,possible,Desc: code 41368006,G,KIDNEYDISEASE,COV
All kidney disease,SNOMEDCT_US,188241004,Malignant neoplasm of lateral wall of urinary bladder,-,-,possible,Desc: code 41368006,G,KIDNEYDISEASE,COV
All kidney disease,SNOMEDCT_US,188242006,Malignant neoplasm of anterior wall of urinary bladder,-,-,possible,Desc: code 41368006,G,KIDNEYDISEASE,COV
All kidney disease,SNOMEDCT_US,188243001,Malignant neoplasm of posterior wall of urinary bladder,-,-,possible,Desc: code 41368006,G,KIDNEYDISEASE,COV
All kidney disease,SNOMEDCT_US,188244007,Malignant neoplasm of neck of urinary bladder,-,-,possible,Desc: code 41368006,G,KIDNEYDISEASE,COV
All kidney disease,SNOMEDCT_US,188247000,Malignant neoplasm of overlapping sites of urinary bladder,-,-,possible,Desc: code 41368006,G,KIDNEYDISEASE,COV
All kidney disease,SNOMEDCT_US,19042000,Congenital prolapse of urethra,-,-,possible,Desc: code 41368006,G,KIDNEYDISEASE,COV
All kidney disease,SNOMEDCT_US,19099008,Failed attempted abortion with laceration of urinary bladder,-,-,possible,Desc: code 41368006,G,KIDNEYDISEASE,COV
All kidney disease,SNOMEDCT_US,191978003,Psychogenic dysuria,-,-,possible,Desc: code 41368006,G,KIDNEYDISEASE,COV
All kidney disease,SNOMEDCT_US,1922008,Congenital absence of urethra,-,-,possible,Desc: code 41368006,G,KIDNEYDISEASE,COV
All kidney disease,SNOMEDCT_US,19228003,Failed attempted abortion with perforation of urinary bladder,-,-,possible,Desc: code 41368006,G,KIDNEYDISEASE,COV
All kidney disease,SNOMEDCT_US,197836001,Panmural fibrosis of urinary bladder,-,-,possible,Desc: code 41368006,G,KIDNEYDISEASE,COV
All kidney disease,SNOMEDCT_US,197837005,Submucous cystitis,-,-,possible,Desc: code 41368006,G,KIDNEYDISEASE,COV
All kidney disease,SNOMEDCT_US,197845000,Cystitis associated with another disorder,-,-,possible,Desc: code 41368006,G,KIDNEYDISEASE,COV
All kidney disease,SNOMEDCT_US,197848003,Gonococcal cystitis,-,-,possible,Desc: code 41368006,G,KIDNEYDISEASE,COV
All kidney disease,SNOMEDCT_US,197849006,Monilial cystitis,-,-,possible,Desc: code 41368006,G,KIDNEYDISEASE,COV
All kidney disease,SNOMEDCT_US,197850006,Trichomonal cystitis,-,-,possible,Desc: code 41368006,G,KIDNEYDISEASE,COV
All kidney disease,SNOMEDCT_US,197853008,Recurrent cystitis,-,-,possible,Desc: code 41368006,G,KIDNEYDISEASE,COV
All kidney disease,SNOMEDCT_US,197861003,Vesicosigmoidal fistula,-,-,possible,Desc: code 41368006,G,KIDNEYDISEASE,COV
All kidney disease,SNOMEDCT_US,197866008,Diverticulum of urinary bladder,-,-,possible,Desc: code 41368006,G,KIDNEYDISEASE,COV
All kidney disease,SNOMEDCT_US,197867004,Acquired diverticulum of urinary bladder,-,-,possible,Desc: code 41368006,G,KIDNEYDISEASE,COV
All kidney disease,SNOMEDCT_US,197868009,False diverticulum of urinary bladder,-,-,possible,Desc: code 41368006,G,KIDNEYDISEASE,COV
All kidney disease,SNOMEDCT_US,197870000,Acontractile detrusor,-,-,possible,Desc: code 41368006,G,KIDNEYDISEASE,COV
All kidney disease,SNOMEDCT_US,197871001,Hypotonic urinary bladder,-,-,possible,Desc: code 41368006,G,KIDNEYDISEASE,COV
All kidney disease,SNOMEDCT_US,197872008,Inertia of urinary bladder,-,-,possible,Desc: code 41368006,G,KIDNEYDISEASE,COV
All kidney disease,SNOMEDCT_US,197876006,Paralysis of sphincter of urinary bladder,-,-,possible,Desc: code 41368006,G,KIDNEYDISEASE,COV
All kidney disease,SNOMEDCT_US,197881002,Spontaneous rupture of urinary bladder,-,-,possible,Desc: code 41368006,G,KIDNEYDISEASE,COV
All kidney disease,SNOMEDCT_US,197887003,Hemorrhage of urinary bladder,-,-,possible,Desc: code 41368006,G,KIDNEYDISEASE,COV
All kidney disease,SNOMEDCT_US,197890009,Hourglass urinary bladder,-,-,possible,Desc: code 41368006,G,KIDNEYDISEASE,COV
All kidney disease,SNOMEDCT_US,197892001,Squamous metaplasia of urinary bladder,-,-,possible,Desc: code 41368006,G,KIDNEYDISEASE,COV
All kidney disease,SNOMEDCT_US,197895004,Scar of urinary bladder,-,-,possible,Desc: code 41368006,G,KIDNEYDISEASE,COV
All kidney disease,SNOMEDCT_US,197903003,Candidal urethritis,-,-,possible,Desc: code 41368006,G,KIDNEYDISEASE,COV
All kidney disease,SNOMEDCT_US,197907002,Ulcer of urethral meatus,-,-,possible,Desc: code 41368006,G,KIDNEYDISEASE,COV
All kidney disease,SNOMEDCT_US,197919005,Stenosis of urinary meatus,-,-,possible,Desc: code 41368006,G,KIDNEYDISEASE,COV
All kidney disease,SNOMEDCT_US,199206009,Infections of urethra in pregnancy,-,-,possible,Desc: code 41368006,G,KIDNEYDISEASE,COV
All kidney disease,SNOMEDCT_US,20342001,Calculus in urethra,-,-,possible,Desc: code 41368006,G,KIDNEYDISEASE,COV
All kidney disease,SNOMEDCT_US,204847000,Congenital fistulae between uterus and digestive and urinary tracts,-,-,possible,Desc: code 41368006,G,KIDNEYDISEASE,COV
All kidney disease,SNOMEDCT_US,204849002,Congenital uterovesical fistula,-,-,possible,Desc: code 41368006,G,KIDNEYDISEASE,COV
All kidney disease,SNOMEDCT_US,204888000,Penile hypospadias,-,-,possible,Desc: code 41368006,G,KIDNEYDISEASE,COV
All kidney disease,SNOMEDCT_US,204889008,Penoscrotal hypospadias,-,-,possible,Desc: code 41368006,G,KIDNEYDISEASE,COV
All kidney disease,SNOMEDCT_US,204890004,Perineal hypospadias,-,-,possible,Desc: code 41368006,G,KIDNEYDISEASE,COV
All kidney disease,SNOMEDCT_US,204967008,Renal pelvis and ureter obstructive defects,-,-,possible,Desc: code 41368006,G,KIDNEYDISEASE,COV
All kidney disease,SNOMEDCT_US,204998005,Urethra and bladder neck atresia and stenosis,-,-,possible,Desc: code 41368006,G,KIDNEYDISEASE,COV
All kidney disease,SNOMEDCT_US,204999002,Atresia of neck of urinary bladder,-,-,possible,Desc: code 41368006,G,KIDNEYDISEASE,COV
All kidney disease,SNOMEDCT_US,205000002,Stenosis of neck of urinary bladder,-,-,possible,Desc: code 41368006,G,KIDNEYDISEASE,COV
All kidney disease,SNOMEDCT_US,205003000,Atresia of anterior urethra,-,-,possible,Desc: code 41368006,G,KIDNEYDISEASE,COV
All kidney disease,SNOMEDCT_US,205004006,Stenosis of anterior urethra,-,-,possible,Desc: code 41368006,G,KIDNEYDISEASE,COV
All kidney disease,SNOMEDCT_US,205022009,Congenital hernia of urinary bladder,-,-,possible,Desc: code 41368006,G,KIDNEYDISEASE,COV
All kidney disease,SNOMEDCT_US,205023004,Congenital prolapse of mucous membrane of urinary bladder,-,-,possible,Desc: code 41368006,G,KIDNEYDISEASE,COV
All kidney disease,SNOMEDCT_US,205024005,Congenital hourglass urinary bladder,-,-,possible,Desc: code 41368006,G,KIDNEYDISEASE,COV
All kidney disease,SNOMEDCT_US,205026007,Female epispadias,-,-,possible,Desc: code 41368006,G,KIDNEYDISEASE,COV
All kidney disease,SNOMEDCT_US,205027003,Female hypospadias,-,-,possible,Desc: code 41368006,G,KIDNEYDISEASE,COV
All kidney disease,SNOMEDCT_US,20815007,Exstrophy of cloaca sequence,-,-,possible,Desc: code 41368006,G,KIDNEYDISEASE,COV
All kidney disease,SNOMEDCT_US,20913004,Urethrovesicovaginal fistula,-,-,possible,Desc: code 41368006,G,KIDNEYDISEASE,COV
All kidney disease,SNOMEDCT_US,210213008,Closed injury of urethra,-,-,possible,Desc: code 41368006,G,KIDNEYDISEASE,COV
All kidney disease,SNOMEDCT_US,210215001,Injury of urinary bladder and urethra with open wound into abdominal cavity,-,-,possible,Desc: code 41368006,G,KIDNEYDISEASE,COV
All kidney disease,SNOMEDCT_US,210216000,Open injury of urinary bladder,-,-,possible,Desc: code 41368006,G,KIDNEYDISEASE,COV
All kidney disease,SNOMEDCT_US,210217009,Open injury of urethra,-,-,possible,Desc: code 41368006,G,KIDNEYDISEASE,COV
All kidney disease,SNOMEDCT_US,211648000,Foreign body in urinary bladder and urethra,-,-,possible,Desc: code 41368006,G,KIDNEYDISEASE,COV
All kidney disease,SNOMEDCT_US,211649008,Foreign body in urinary bladder,-,-,possible,Desc: code 41368006,G,KIDNEYDISEASE,COV
All kidney disease,SNOMEDCT_US,211650008,Foreign body in urethra,-,-,possible,Desc: code 41368006,G,KIDNEYDISEASE,COV
All kidney disease,SNOMEDCT_US,21237001,Postmenopausal urethral atrophy,-,-,possible,Desc: code 41368006,G,KIDNEYDISEASE,COV
All kidney disease,SNOMEDCT_US,22218007,Lower urinary tract obstructive syndrome,-,-,possible,Desc: code 41368006,G,KIDNEYDISEASE,COV
All kidney disease,SNOMEDCT_US,22421007,Congenital absence of urinary bladder,-,-,possible,Desc: code 41368006,G,KIDNEYDISEASE,COV
All kidney disease,SNOMEDCT_US,22557000,Bullous cystitis,-,-,possible,Desc: code 41368006,G,KIDNEYDISEASE,COV
All kidney disease,SNOMEDCT_US,22724000,Injury of urethra,-,-,possible,Desc: code 41368006,G,KIDNEYDISEASE,COV
All kidney disease,SNOMEDCT_US,230402000,Panmural cystitis,-,-,possible,Desc: code 41368006,G,KIDNEYDISEASE,COV
All kidney disease,SNOMEDCT_US,235066005,Oral lesion co-occurrent with reactive arthritis triad,-,-,possible,Desc: code 41368006,G,KIDNEYDISEASE,COV
All kidney disease,SNOMEDCT_US,235781009,Intestinourinary fistula,-,-,possible,Desc: code 41368006,G,KIDNEYDISEASE,COV
All kidney disease,SNOMEDCT_US,235784001,Rectourinary fistula,-,-,possible,Desc: code 41368006,G,KIDNEYDISEASE,COV
All kidney disease,SNOMEDCT_US,236591007,Upper urinary tract dilatation and obstruction,-,-,possible,Desc: code 41368006,G,KIDNEYDISEASE,COV
All kidney disease,SNOMEDCT_US,236620008,Infective cystitis,-,-,possible,Desc: code 41368006,G,KIDNEYDISEASE,COV
All kidney disease,SNOMEDCT_US,236622000,Chronic infective cystitis,-,-,possible,Desc: code 41368006,G,KIDNEYDISEASE,COV
All kidney disease,SNOMEDCT_US,236623005,Non-infective cystitis,-,-,possible,Desc: code 41368006,G,KIDNEYDISEASE,COV
All kidney disease,SNOMEDCT_US,236624004,Acute cystitis - culture-negative,-,-,possible,Desc: code 41368006,G,KIDNEYDISEASE,COV
All kidney disease,SNOMEDCT_US,236625003,Recurrent cystitis - culture-negative,-,-,possible,Desc: code 41368006,G,KIDNEYDISEASE,COV
All kidney disease,SNOMEDCT_US,236628001,Acute radiation cystitis,-,-,possible,Desc: code 41368006,G,KIDNEYDISEASE,COV
All kidney disease,SNOMEDCT_US,236629009,Chronic radiation cystitis,-,-,possible,Desc: code 41368006,G,KIDNEYDISEASE,COV
All kidney disease,SNOMEDCT_US,236630004,Chemical cystitis,-,-,possible,Desc: code 41368006,G,KIDNEYDISEASE,COV
All kidney disease,SNOMEDCT_US,236631000,Leukoplakia of urinary bladder,-,-,possible,Desc: code 41368006,G,KIDNEYDISEASE,COV
All kidney disease,SNOMEDCT_US,236632007,Functional disorder of urinary bladder,-,-,possible,Desc: code 41368006,G,KIDNEYDISEASE,COV
All kidney disease,SNOMEDCT_US,236634008,Urinary bladder muscle dysfunction - underactive,-,-,possible,Desc: code 41368006,G,KIDNEYDISEASE,COV
All kidney disease,SNOMEDCT_US,236635009,Detrusor areflexia,-,-,possible,Desc: code 41368006,G,KIDNEYDISEASE,COV
All kidney disease,SNOMEDCT_US,236637001,Decentralized urinary bladder,-,-,possible,Desc: code 41368006,G,KIDNEYDISEASE,COV
All kidney disease,SNOMEDCT_US,236638006,Abnormal sensation of urinary bladder,-,-,possible,Desc: code 41368006,G,KIDNEYDISEASE,COV
All kidney disease,SNOMEDCT_US,236639003,Hypersensitivity of urinary bladder,-,-,possible,Desc: code 41368006,G,KIDNEYDISEASE,COV
All kidney disease,SNOMEDCT_US,236640001,Hyposensitivity of urinary bladder,-,-,possible,Desc: code 41368006,G,KIDNEYDISEASE,COV
All kidney disease,SNOMEDCT_US,236641002,Absent sensation of urinary bladder,-,-,possible,Desc: code 41368006,G,KIDNEYDISEASE,COV
All kidney disease,SNOMEDCT_US,236642009,Abnormal compliance of urinary bladder,-,-,possible,Desc: code 41368006,G,KIDNEYDISEASE,COV
All kidney disease,SNOMEDCT_US,236644005,Functional disorder of neck of urinary bladder and sphincter mechanism,-,-,possible,Desc: code 41368006,G,KIDNEYDISEASE,COV
All kidney disease,SNOMEDCT_US,236645006,Obstruction of urinary bladder outflow,-,-,possible,Desc: code 41368006,G,KIDNEYDISEASE,COV
All kidney disease,SNOMEDCT_US,236646007,Benign prostatic hyperplasia with outflow obstruction,-,-,possible,Desc: code 41368006,G,KIDNEYDISEASE,COV
All kidney disease,SNOMEDCT_US,236647003,Urethral stenosis,-,-,possible,Desc: code 41368006,G,KIDNEYDISEASE,COV
All kidney disease,SNOMEDCT_US,236648008,Acute retention of urine,-,-,possible,Desc: code 41368006,G,KIDNEYDISEASE,COV
All kidney disease,SNOMEDCT_US,236649000,Acute-on-chronic retention of urine,-,-,possible,Desc: code 41368006,G,KIDNEYDISEASE,COV
All kidney disease,SNOMEDCT_US,236650000,Chronic retention of urine,-,-,possible,Desc: code 41368006,G,KIDNEYDISEASE,COV
All kidney disease,SNOMEDCT_US,236651001,Clot retention of urine,-,-,possible,Desc: code 41368006,G,KIDNEYDISEASE,COV
All kidney disease,SNOMEDCT_US,236652008,Postoperative retention of urine,-,-,possible,Desc: code 41368006,G,KIDNEYDISEASE,COV
All kidney disease,SNOMEDCT_US,236653003,Dyssynergia of urinary bladder outflow,-,-,possible,Desc: code 41368006,G,KIDNEYDISEASE,COV
All kidney disease,SNOMEDCT_US,236654009,Dyssynergia of neck of urinary bladder,-,-,possible,Desc: code 41368006,G,KIDNEYDISEASE,COV
All kidney disease,SNOMEDCT_US,236655005,Detrusor and sphincter dyssynergia,-,-,possible,Desc: code 41368006,G,KIDNEYDISEASE,COV
All kidney disease,SNOMEDCT_US,236656006,Dyssynergia of detrusor muscle and neck of urinary bladder,-,-,possible,Desc: code 41368006,G,KIDNEYDISEASE,COV
All kidney disease,SNOMEDCT_US,236657002,Dysfunctional voiding,-,-,possible,Desc: code 41368006,G,KIDNEYDISEASE,COV
All kidney disease,SNOMEDCT_US,236667007,Psychogenic urinary incontinence,-,-,possible,Desc: code 41368006,G,KIDNEYDISEASE,COV
All kidney disease,SNOMEDCT_US,236668002,Escape of urine from urinary bladder,-,-,possible,Desc: code 41368006,G,KIDNEYDISEASE,COV
All kidney disease,SNOMEDCT_US,236669005,Extravasation of urine from urinary bladder,-,-,possible,Desc: code 41368006,G,KIDNEYDISEASE,COV
All kidney disease,SNOMEDCT_US,236670006,Paravesical urinoma,-,-,possible,Desc: code 41368006,G,KIDNEYDISEASE,COV
All kidney disease,SNOMEDCT_US,236671005,Necrosis of urinary bladder,-,-,possible,Desc: code 41368006,G,KIDNEYDISEASE,COV
All kidney disease,SNOMEDCT_US,236681009,Infective urethritis,-,-,possible,Desc: code 41368006,G,KIDNEYDISEASE,COV
All kidney disease,SNOMEDCT_US,236682002,Gonococcal urethritis,-,-,possible,Desc: code 41368006,G,KIDNEYDISEASE,COV
All kidney disease,SNOMEDCT_US,236683007,Chlamydial urethritis,-,-,possible,Desc: code 41368006,G,KIDNEYDISEASE,COV
All kidney disease,SNOMEDCT_US,236684001,Tuberculous urethritis,-,-,possible,Desc: code 41368006,G,KIDNEYDISEASE,COV
All kidney disease,SNOMEDCT_US,236685000,Schistosomiasis of urethra,-,-,possible,Desc: code 41368006,G,KIDNEYDISEASE,COV
All kidney disease,SNOMEDCT_US,236686004,Schistosomal urethral fistula,-,-,possible,Desc: code 41368006,G,KIDNEYDISEASE,COV
All kidney disease,SNOMEDCT_US,236687008,Gonococcal urethral abscess,-,-,possible,Desc: code 41368006,G,KIDNEYDISEASE,COV
All kidney disease,SNOMEDCT_US,236690002,Urethritis due to reactive arthritis triad,-,-,possible,Desc: code 41368006,G,KIDNEYDISEASE,COV
All kidney disease,SNOMEDCT_US,236692005,Degenerative disorder of urethra,-,-,possible,Desc: code 41368006,G,KIDNEYDISEASE,COV
All kidney disease,SNOMEDCT_US,236693000,Post-catheterization urethral stricture,-,-,possible,Desc: code 41368006,G,KIDNEYDISEASE,COV
All kidney disease,SNOMEDCT_US,236695007,Post-inflammatory urethral stricture,-,-,possible,Desc: code 41368006,G,KIDNEYDISEASE,COV
All kidney disease,SNOMEDCT_US,236697004,Acquired urethral fistula,-,-,possible,Desc: code 41368006,G,KIDNEYDISEASE,COV
All kidney disease,SNOMEDCT_US,236698009,Urethral fistula to skin,-,-,possible,Desc: code 41368006,G,KIDNEYDISEASE,COV
All kidney disease,SNOMEDCT_US,236699001,Multiple urethrocutaneous fistulae,-,-,possible,Desc: code 41368006,G,KIDNEYDISEASE,COV
All kidney disease,SNOMEDCT_US,236700000,Extravasation of urine from urethra,-,-,possible,Desc: code 41368006,G,KIDNEYDISEASE,COV
All kidney disease,SNOMEDCT_US,236701001,Paraurethral urinoma,-,-,possible,Desc: code 41368006,G,KIDNEYDISEASE,COV
All kidney disease,SNOMEDCT_US,236702008,Acute culture positive cystitis,-,-,possible,Desc: code 41368006,G,KIDNEYDISEASE,COV
All kidney disease,SNOMEDCT_US,236703003,Recurrent infective cystitis,-,-,possible,Desc: code 41368006,G,KIDNEYDISEASE,COV
All kidney disease,SNOMEDCT_US,236723002,Disorder of urinary sphincter implant,-,-,possible,Desc: code 41368006,G,KIDNEYDISEASE,COV
All kidney disease,SNOMEDCT_US,236739009,Disorder of urological anastomosis,-,-,possible,Desc: code 41368006,G,KIDNEYDISEASE,COV
All kidney disease,SNOMEDCT_US,236744002,Circinate balanitis co-occurrent with reactive arthritis triad,-,-,possible,Desc: code 41368006,G,KIDNEYDISEASE,COV
All kidney disease,SNOMEDCT_US,237121000119100,Urethral cellulitis,-,-,possible,Desc: code 41368006,G,KIDNEYDISEASE,COV
All kidney disease,SNOMEDCT_US,237210003,"Cystocele in pregnancy, childbirth and the puerperium",-,-,possible,Desc: code 41368006,G,KIDNEYDISEASE,COV
All kidney disease,SNOMEDCT_US,237330001,Obstetric injury of urinary bladder,-,-,possible,Desc: code 41368006,G,KIDNEYDISEASE,COV
All kidney disease,SNOMEDCT_US,239808004,Juvenile reactive arthritis triad,-,-,possible,Desc: code 41368006,G,KIDNEYDISEASE,COV
All kidney disease,SNOMEDCT_US,240574004,Gonococcal Skenitis,-,-,possible,Desc: code 41368006,G,KIDNEYDISEASE,COV
All kidney disease,SNOMEDCT_US,240577006,Gonococcal Littritis,-,-,possible,Desc: code 41368006,G,KIDNEYDISEASE,COV
All kidney disease,SNOMEDCT_US,240578001,Gonococcal Littré gland abscess,-,-,possible,Desc: code 41368006,G,KIDNEYDISEASE,COV
All kidney disease,SNOMEDCT_US,240579009,Gonococcal paraurethral gland abscess,-,-,possible,Desc: code 41368006,G,KIDNEYDISEASE,COV
All kidney disease,SNOMEDCT_US,24868007,Acute gonococcal cystitis,-,-,possible,Desc: code 41368006,G,KIDNEYDISEASE,COV
All kidney disease,SNOMEDCT_US,251925007,Rupture of urinary bladder,-,-,possible,Desc: code 41368006,G,KIDNEYDISEASE,COV
All kidney disease,SNOMEDCT_US,252005008,Cystocele,-,-,possible,Desc: code 41368006,G,KIDNEYDISEASE,COV
All kidney disease,SNOMEDCT_US,252028009,Urinary outflow obstruction,-,-,possible,Desc: code 41368006,G,KIDNEYDISEASE,COV
All kidney disease,SNOMEDCT_US,252029001,Mechanical urinary obstruction,-,-,possible,Desc: code 41368006,G,KIDNEYDISEASE,COV
All kidney disease,SNOMEDCT_US,253781004,"Megacystis, microcolon, hypoperistalsis syndrome",-,-,possible,Desc: code 41368006,G,KIDNEYDISEASE,COV
All kidney disease,SNOMEDCT_US,253837000,Congenital urethrovaginal fistula,-,-,possible,Desc: code 41368006,G,KIDNEYDISEASE,COV
All kidney disease,SNOMEDCT_US,253856005,Congenital parameatal cyst,-,-,possible,Desc: code 41368006,G,KIDNEYDISEASE,COV
All kidney disease,SNOMEDCT_US,253900005,Congenital posterior urethral valves,-,-,possible,Desc: code 41368006,G,KIDNEYDISEASE,COV
All kidney disease,SNOMEDCT_US,253901009,Congenital urethral posterior valvular stricture,-,-,possible,Desc: code 41368006,G,KIDNEYDISEASE,COV
All kidney disease,SNOMEDCT_US,253902002,Atresia of urethra,-,-,possible,Desc: code 41368006,G,KIDNEYDISEASE,COV
All kidney disease,SNOMEDCT_US,253903007,Congenital short urethra,-,-,possible,Desc: code 41368006,G,KIDNEYDISEASE,COV
All kidney disease,SNOMEDCT_US,253905000,Megalourethra,-,-,possible,Desc: code 41368006,G,KIDNEYDISEASE,COV
All kidney disease,SNOMEDCT_US,253906004,Congenital urethral syringocele,-,-,possible,Desc: code 41368006,G,KIDNEYDISEASE,COV
All kidney disease,SNOMEDCT_US,253907008,Congenital anterior urethral valve,-,-,possible,Desc: code 41368006,G,KIDNEYDISEASE,COV
All kidney disease,SNOMEDCT_US,253909006,Congenital gastrointestinal-urinary tract fistula,-,-,possible,Desc: code 41368006,G,KIDNEYDISEASE,COV
All kidney disease,SNOMEDCT_US,25474009,Uterovesical fistula,-,-,possible,Desc: code 41368006,G,KIDNEYDISEASE,COV
All kidney disease,SNOMEDCT_US,254913005,Neoplasm of urinary tract proper,-,-,possible,Desc: code 41368006,G,KIDNEYDISEASE,COV
All kidney disease,SNOMEDCT_US,254932004,Neoplasm of neck of urinary bladder,-,-,possible,Desc: code 41368006,G,KIDNEYDISEASE,COV
All kidney disease,SNOMEDCT_US,254934003,Malignant neoplasm of urethral stump,-,-,possible,Desc: code 41368006,G,KIDNEYDISEASE,COV
All kidney disease,SNOMEDCT_US,255108000,Carcinoma of urinary bladder,-,-,possible,Desc: code 41368006,G,KIDNEYDISEASE,COV
All kidney disease,SNOMEDCT_US,255109008,Transitional cell carcinoma of urinary bladder,-,-,possible,Desc: code 41368006,G,KIDNEYDISEASE,COV
All kidney disease,SNOMEDCT_US,255110003,Adenocarcinoma of urinary bladder,-,-,possible,Desc: code 41368006,G,KIDNEYDISEASE,COV
All kidney disease,SNOMEDCT_US,255111004,Squamous cell carcinoma of urinary bladder,-,-,possible,Desc: code 41368006,G,KIDNEYDISEASE,COV
All kidney disease,SNOMEDCT_US,255150000,Carcinoma in situ of urinary tract proper,-,-,possible,Desc: code 41368006,G,KIDNEYDISEASE,COV
All kidney disease,SNOMEDCT_US,262614000,Foreign body in male urethra,-,-,possible,Desc: code 41368006,G,KIDNEYDISEASE,COV
All kidney disease,SNOMEDCT_US,262615004,Foreign body in female urethra,-,-,possible,Desc: code 41368006,G,KIDNEYDISEASE,COV
All kidney disease,SNOMEDCT_US,262890007,Injury of urinary tract,-,-,possible,Desc: code 41368006,G,KIDNEYDISEASE,COV
All kidney disease,SNOMEDCT_US,262906009,Perforation of urinary conduit,-,-,possible,Desc: code 41368006,G,KIDNEYDISEASE,COV
All kidney disease,SNOMEDCT_US,262907000,Traumatic rupture of urinary bladder,-,-,possible,Desc: code 41368006,G,KIDNEYDISEASE,COV
All kidney disease,SNOMEDCT_US,262909002,Perforation of urinary bladder,-,-,possible,Desc: code 41368006,G,KIDNEYDISEASE,COV
All kidney disease,SNOMEDCT_US,262910007,Accidental perforation of urinary bladder during operation,-,-,possible,Desc: code 41368006,G,KIDNEYDISEASE,COV
All kidney disease,SNOMEDCT_US,262911006,Injury of neck of urinary bladder,-,-,possible,Desc: code 41368006,G,KIDNEYDISEASE,COV
All kidney disease,SNOMEDCT_US,262912004,Injury of male urethra,-,-,possible,Desc: code 41368006,G,KIDNEYDISEASE,COV
All kidney disease,SNOMEDCT_US,262913009,Traumatic rupture of male urethra,-,-,possible,Desc: code 41368006,G,KIDNEYDISEASE,COV
All kidney disease,SNOMEDCT_US,262914003,Partial rupture of male urethra,-,-,possible,Desc: code 41368006,G,KIDNEYDISEASE,COV
All kidney disease,SNOMEDCT_US,262915002,Complete rupture of male urethra,-,-,possible,Desc: code 41368006,G,KIDNEYDISEASE,COV
All kidney disease,SNOMEDCT_US,262916001,Injury of female urethra,-,-,possible,Desc: code 41368006,G,KIDNEYDISEASE,COV
All kidney disease,SNOMEDCT_US,266564004,Urethral and periurethral abscess,-,-,possible,Desc: code 41368006,G,KIDNEYDISEASE,COV
All kidney disease,SNOMEDCT_US,267064002,Retention of urine,-,-,possible,Desc: code 41368006,G,KIDNEYDISEASE,COV
All kidney disease,SNOMEDCT_US,26797002,Hyperemia of urinary bladder,-,-,possible,Desc: code 41368006,G,KIDNEYDISEASE,COV
All kidney disease,SNOMEDCT_US,268236002,Congenital stenosis of neck of urinary bladder,-,-,possible,Desc: code 41368006,G,KIDNEYDISEASE,COV
All kidney disease,SNOMEDCT_US,268237006,Congenital urethral valvular stricture,-,-,possible,Desc: code 41368006,G,KIDNEYDISEASE,COV
All kidney disease,SNOMEDCT_US,269160003,Closed injury of urinary bladder,-,-,possible,Desc: code 41368006,G,KIDNEYDISEASE,COV
All kidney disease,SNOMEDCT_US,271778003,Oxalate urinary bladder stone,-,-,possible,Desc: code 41368006,G,KIDNEYDISEASE,COV
All kidney disease,SNOMEDCT_US,271779006,Uric acid calculus of urinary bladder,-,-,possible,Desc: code 41368006,G,KIDNEYDISEASE,COV
All kidney disease,SNOMEDCT_US,271780009,Phosphate calculus of urinary bladder,-,-,possible,Desc: code 41368006,G,KIDNEYDISEASE,COV
All kidney disease,SNOMEDCT_US,274109003,Acute recurrent cystitis,-,-,possible,Desc: code 41368006,G,KIDNEYDISEASE,COV
All kidney disease,SNOMEDCT_US,274732007,Extravasation of urine,-,-,possible,Desc: code 41368006,G,KIDNEYDISEASE,COV
All kidney disease,SNOMEDCT_US,275410008,Infected diverticulum of urinary bladder,-,-,possible,Desc: code 41368006,G,KIDNEYDISEASE,COV
All kidney disease,SNOMEDCT_US,275411007,Submeatal urethral stricture,-,-,possible,Desc: code 41368006,G,KIDNEYDISEASE,COV
All kidney disease,SNOMEDCT_US,275412000,Cystitis of pregnancy,-,-,possible,Desc: code 41368006,G,KIDNEYDISEASE,COV
All kidney disease,SNOMEDCT_US,275415003,Foreign body in penile urethra,-,-,possible,Desc: code 41368006,G,KIDNEYDISEASE,COV
All kidney disease,SNOMEDCT_US,276867000,Stricture of urological anastomosis,-,-,possible,Desc: code 41368006,G,KIDNEYDISEASE,COV
All kidney disease,SNOMEDCT_US,276868005,Breakdown of urological anastomosis,-,-,possible,Desc: code 41368006,G,KIDNEYDISEASE,COV
All kidney disease,SNOMEDCT_US,276869002,Leakage of urological anastomosis,-,-,possible,Desc: code 41368006,G,KIDNEYDISEASE,COV
All kidney disease,SNOMEDCT_US,277845008,Foreign body in membranous urethra,-,-,possible,Desc: code 41368006,G,KIDNEYDISEASE,COV
All kidney disease,SNOMEDCT_US,278024000,Rhabdomyosarcoma of urinary bladder,-,-,possible,Desc: code 41368006,G,KIDNEYDISEASE,COV
All kidney disease,SNOMEDCT_US,278046008,Sarcoma of urinary bladder,-,-,possible,Desc: code 41368006,G,KIDNEYDISEASE,COV
All kidney disease,SNOMEDCT_US,278899001,Amyloid of urinary bladder,-,-,possible,Desc: code 41368006,G,KIDNEYDISEASE,COV
All kidney disease,SNOMEDCT_US,281700003,Benign papilloma of urinary bladder,-,-,possible,Desc: code 41368006,G,KIDNEYDISEASE,COV
All kidney disease,SNOMEDCT_US,28321004,Vesicocutaneous fistula,-,-,possible,Desc: code 41368006,G,KIDNEYDISEASE,COV
All kidney disease,SNOMEDCT_US,283915004,Contusion of urinary bladder,-,-,possible,Desc: code 41368006,G,KIDNEYDISEASE,COV
All kidney disease,SNOMEDCT_US,283916003,Laceration of urinary bladder,-,-,possible,Desc: code 41368006,G,KIDNEYDISEASE,COV
All kidney disease,SNOMEDCT_US,283918002,Contusion of urethra,-,-,possible,Desc: code 41368006,G,KIDNEYDISEASE,COV
All kidney disease,SNOMEDCT_US,283919005,Burn of urethra,-,-,possible,Desc: code 41368006,G,KIDNEYDISEASE,COV
All kidney disease,SNOMEDCT_US,283920004,Transection of urethra,-,-,possible,Desc: code 41368006,G,KIDNEYDISEASE,COV
All kidney disease,SNOMEDCT_US,283921000,Hematoma of urethra,-,-,possible,Desc: code 41368006,G,KIDNEYDISEASE,COV
All kidney disease,SNOMEDCT_US,283922007,Laceration of urethra,-,-,possible,Desc: code 41368006,G,KIDNEYDISEASE,COV
All kidney disease,SNOMEDCT_US,283926005,Rupture of urethra,-,-,possible,Desc: code 41368006,G,KIDNEYDISEASE,COV
All kidney disease,SNOMEDCT_US,28626004,Vesicocolic fistula,-,-,possible,Desc: code 41368006,G,KIDNEYDISEASE,COV
All kidney disease,SNOMEDCT_US,29500006,Urethral stricture due to syphilis,-,-,possible,Desc: code 41368006,G,KIDNEYDISEASE,COV
All kidney disease,SNOMEDCT_US,297163001,Congenital urethral valve,-,-,possible,Desc: code 41368006,G,KIDNEYDISEASE,COV
All kidney disease,SNOMEDCT_US,29864006,Acute gonococcal urethritis,-,-,possible,Desc: code 41368006,G,KIDNEYDISEASE,COV
All kidney disease,SNOMEDCT_US,299685003,Stricture of transplant urological anastomosis,-,-,possible,Desc: code 41368006,G,KIDNEYDISEASE,COV
All kidney disease,SNOMEDCT_US,299686002,Leakage of transplant urological anastomosis,-,-,possible,Desc: code 41368006,G,KIDNEYDISEASE,COV
All kidney disease,SNOMEDCT_US,299687006,Breakdown of transplant urological anastomosis,-,-,possible,Desc: code 41368006,G,KIDNEYDISEASE,COV
All kidney disease,SNOMEDCT_US,300457003,Lesion of urinary bladder,-,-,possible,Desc: code 41368006,G,KIDNEYDISEASE,COV
All kidney disease,SNOMEDCT_US,30116001,Trichomonal urethritis,-,-,possible,Desc: code 41368006,G,KIDNEYDISEASE,COV
All kidney disease,SNOMEDCT_US,307426000,Acute infective cystitis,-,-,possible,Desc: code 41368006,G,KIDNEYDISEASE,COV
All kidney disease,SNOMEDCT_US,307729008,Metaplasia of trigone,-,-,possible,Desc: code 41368006,G,KIDNEYDISEASE,COV
All kidney disease,SNOMEDCT_US,309248004,Polyp of urinary bladder,-,-,possible,Desc: code 41368006,G,KIDNEYDISEASE,COV
All kidney disease,SNOMEDCT_US,311495006,Amyloid disease of the urethra,-,-,possible,Desc: code 41368006,G,KIDNEYDISEASE,COV
All kidney disease,SNOMEDCT_US,31204009,Calcification of urinary bladder,-,-,possible,Desc: code 41368006,G,KIDNEYDISEASE,COV
All kidney disease,SNOMEDCT_US,31273004,Urethral syndrome,-,-,possible,Desc: code 41368006,G,KIDNEYDISEASE,COV
All kidney disease,SNOMEDCT_US,314968009,Local recurrence of malignant neoplasm of urinary bladder,-,-,possible,Desc: code 41368006,G,KIDNEYDISEASE,COV
All kidney disease,SNOMEDCT_US,31822004,Urethritis,-,-,possible,Desc: code 41368006,G,KIDNEYDISEASE,COV
All kidney disease,SNOMEDCT_US,32268008,Tuberculosis of urinary bladder,-,-,possible,Desc: code 41368006,G,KIDNEYDISEASE,COV
All kidney disease,SNOMEDCT_US,3263004,Verumontanitis,-,-,possible,Desc: code 41368006,G,KIDNEYDISEASE,COV
All kidney disease,SNOMEDCT_US,33495006,Pinhole meatus,-,-,possible,Desc: code 41368006,G,KIDNEYDISEASE,COV
All kidney disease,SNOMEDCT_US,33655002,Chronic cystitis,-,-,possible,Desc: code 41368006,G,KIDNEYDISEASE,COV
All kidney disease,SNOMEDCT_US,34102000,Acquired contracture of neck of urinary bladder,-,-,possible,Desc: code 41368006,G,KIDNEYDISEASE,COV
All kidney disease,SNOMEDCT_US,34145007,Cervicovesical fistula,-,-,possible,Desc: code 41368006,G,KIDNEYDISEASE,COV
All kidney disease,SNOMEDCT_US,34409000,Hemorrhage into urinary bladder lumen,-,-,possible,Desc: code 41368006,G,KIDNEYDISEASE,COV
All kidney disease,SNOMEDCT_US,359782004,Metastatic malignant neoplasm to apex of urinary bladder,-,-,possible,Desc: code 41368006,G,KIDNEYDISEASE,COV
All kidney disease,SNOMEDCT_US,359785002,Metastatic malignant neoplasm to dome of urinary bladder,-,-,possible,Desc: code 41368006,G,KIDNEYDISEASE,COV
All kidney disease,SNOMEDCT_US,36139001,Chronic ulcerating interstitial cystitis,-,-,possible,Desc: code 41368006,G,KIDNEYDISEASE,COV
All kidney disease,SNOMEDCT_US,363459007,Malignant neoplasm of urethra,-,-,possible,Desc: code 41368006,G,KIDNEYDISEASE,COV
All kidney disease,SNOMEDCT_US,363460002,Malignant neoplasm of paraurethral gland,-,-,possible,Desc: code 41368006,G,KIDNEYDISEASE,COV
All kidney disease,SNOMEDCT_US,363517008,Malignant neoplasm of urinary tract proper,-,-,possible,Desc: code 41368006,G,KIDNEYDISEASE,COV
All kidney disease,SNOMEDCT_US,36699003,Abscess of urinary bladder,-,-,possible,Desc: code 41368006,G,KIDNEYDISEASE,COV
All kidney disease,SNOMEDCT_US,367081000119103,Combined urethral hypermobility and intrinsic sphincter deficiency,-,-,possible,Desc: code 41368006,G,KIDNEYDISEASE,COV
All kidney disease,SNOMEDCT_US,367101000119105,Congenital malformation of urinary bladder and urethra,-,-,possible,Desc: code 41368006,G,KIDNEYDISEASE,COV
All kidney disease,SNOMEDCT_US,367121000119101,Congenital prolapse of urinary meatus,-,-,possible,Desc: code 41368006,G,KIDNEYDISEASE,COV
All kidney disease,SNOMEDCT_US,367421000119109,Retention of urine caused by drug,-,-,possible,Desc: code 41368006,G,KIDNEYDISEASE,COV
All kidney disease,SNOMEDCT_US,367491000119106,Stricture of female urethra following procedure,-,-,possible,Desc: code 41368006,G,KIDNEYDISEASE,COV
All kidney disease,SNOMEDCT_US,367701000119109,Stricture of male urethra following procedure,-,-,possible,Desc: code 41368006,G,KIDNEYDISEASE,COV
All kidney disease,SNOMEDCT_US,367711000119107,Stricture of male urethral meatus following trauma,-,-,possible,Desc: code 41368006,G,KIDNEYDISEASE,COV
All kidney disease,SNOMEDCT_US,367831000119109,Postinfective anterior urethral stricture,-,-,possible,Desc: code 41368006,G,KIDNEYDISEASE,COV
All kidney disease,SNOMEDCT_US,367841000119100,Postinfective bulbous urethral stricture,-,-,possible,Desc: code 41368006,G,KIDNEYDISEASE,COV
All kidney disease,SNOMEDCT_US,367851000119103,Postinfective membranous urethral stricture,-,-,possible,Desc: code 41368006,G,KIDNEYDISEASE,COV
All kidney disease,SNOMEDCT_US,367861000119101,Postinfective urethral stricture of female,-,-,possible,Desc: code 41368006,G,KIDNEYDISEASE,COV
All kidney disease,SNOMEDCT_US,367871000119107,Postinfective urethral stricture of male,-,-,possible,Desc: code 41368006,G,KIDNEYDISEASE,COV
All kidney disease,SNOMEDCT_US,367881000119105,Postinfective urethral meatal stricture of male,-,-,possible,Desc: code 41368006,G,KIDNEYDISEASE,COV
All kidney disease,SNOMEDCT_US,367891000119108,Postprocedural anterior urethral stricture,-,-,possible,Desc: code 41368006,G,KIDNEYDISEASE,COV
All kidney disease,SNOMEDCT_US,367911000119105,Postprocedural bulbous urethral stricture,-,-,possible,Desc: code 41368006,G,KIDNEYDISEASE,COV
All kidney disease,SNOMEDCT_US,367931000119100,"Postprocedural meatal urethral stricture, male",-,-,possible,Desc: code 41368006,G,KIDNEYDISEASE,COV
All kidney disease,SNOMEDCT_US,367941000119109,Postprocedural membranous urethral stricture,-,-,possible,Desc: code 41368006,G,KIDNEYDISEASE,COV
All kidney disease,SNOMEDCT_US,367951000119106,Traumatic anterior urethral stricture,-,-,possible,Desc: code 41368006,G,KIDNEYDISEASE,COV
All kidney disease,SNOMEDCT_US,367961000119108,Traumatic bulbous urethral stricture,-,-,possible,Desc: code 41368006,G,KIDNEYDISEASE,COV
All kidney disease,SNOMEDCT_US,367971000119102,Traumatic membranous urethral stricture,-,-,possible,Desc: code 41368006,G,KIDNEYDISEASE,COV
All kidney disease,SNOMEDCT_US,368311000119105,Reflex neuropathic urinary bladder,-,-,possible,Desc: code 41368006,G,KIDNEYDISEASE,COV
All kidney disease,SNOMEDCT_US,368981000119103,Traumatic stricture of female urethra,-,-,possible,Desc: code 41368006,G,KIDNEYDISEASE,COV
All kidney disease,SNOMEDCT_US,368991000119100,Urinary tract infection caused by Enterococcus,-,-,possible,Desc: code 41368006,G,KIDNEYDISEASE,COV
All kidney disease,SNOMEDCT_US,369465003,Malignant tumor involving urethra by direct extension from bladder,-,-,possible,Desc: code 41368006,G,KIDNEYDISEASE,COV
All kidney disease,SNOMEDCT_US,369466002,Malignant tumor involving urethra by direct extension from prostate,-,-,possible,Desc: code 41368006,G,KIDNEYDISEASE,COV
All kidney disease,SNOMEDCT_US,369469009,Malignant neoplasm involving urinary bladder by direct extension from endometrium,-,-,possible,Desc: code 41368006,G,KIDNEYDISEASE,COV
All kidney disease,SNOMEDCT_US,369470005,Malignant neoplasm involving urinary bladder by direct extension from fallopian tube,-,-,possible,Desc: code 41368006,G,KIDNEYDISEASE,COV
All kidney disease,SNOMEDCT_US,369471009,Malignant neoplasm involving urinary bladder by direct extension from ovary,-,-,possible,Desc: code 41368006,G,KIDNEYDISEASE,COV
All kidney disease,SNOMEDCT_US,369472002,Malignant neoplasm involving urinary bladder by direct extension from prostate,-,-,possible,Desc: code 41368006,G,KIDNEYDISEASE,COV
All kidney disease,SNOMEDCT_US,369473007,Malignant neoplasm involving urinary bladder by direct extension from uterine cervix,-,-,possible,Desc: code 41368006,G,KIDNEYDISEASE,COV
All kidney disease,SNOMEDCT_US,369474001,Malignant neoplasm involving urinary bladder by direct extension from uterus,-,-,possible,Desc: code 41368006,G,KIDNEYDISEASE,COV
All kidney disease,SNOMEDCT_US,369475000,Malignant neoplasm involving urinary bladder by direct extension from vagina,-,-,possible,Desc: code 41368006,G,KIDNEYDISEASE,COV
All kidney disease,SNOMEDCT_US,371061003,Infection of urinary bladder catheter,-,-,possible,Desc: code 41368006,G,KIDNEYDISEASE,COV
All kidney disease,SNOMEDCT_US,371969003,Primary malignant neoplasm of apex of urinary bladder,-,-,possible,Desc: code 41368006,G,KIDNEYDISEASE,COV
All kidney disease,SNOMEDCT_US,373586005,Congenital urinary meatus obstruction,-,-,possible,Desc: code 41368006,G,KIDNEYDISEASE,COV
All kidney disease,SNOMEDCT_US,373597005,Hematoma of wall of urinary bladder,-,-,possible,Desc: code 41368006,G,KIDNEYDISEASE,COV
All kidney disease,SNOMEDCT_US,373611003,Pyocystis,-,-,possible,Desc: code 41368006,G,KIDNEYDISEASE,COV
All kidney disease,SNOMEDCT_US,37731000119108,Urethral hypermobility,-,-,possible,Desc: code 41368006,G,KIDNEYDISEASE,COV
All kidney disease,SNOMEDCT_US,37939008,Congenital anomaly of urinary bladder,-,-,possible,Desc: code 41368006,G,KIDNEYDISEASE,COV
All kidney disease,SNOMEDCT_US,38731000087104,Chronic primary bladder pain syndrome,-,-,possible,Desc: code 41368006,G,KIDNEYDISEASE,COV
All kidney disease,SNOMEDCT_US,38822007,Cystitis,-,-,possible,Desc: code 41368006,G,KIDNEYDISEASE,COV
All kidney disease,SNOMEDCT_US,39199000,Miscarriage with laceration of urinary bladder,-,-,possible,Desc: code 41368006,G,KIDNEYDISEASE,COV
All kidney disease,SNOMEDCT_US,399072004,Obstruction of neck of urinary bladder,-,-,possible,Desc: code 41368006,G,KIDNEYDISEASE,COV
All kidney disease,SNOMEDCT_US,399279001,Acquired obstruction of neck of urinary bladder,-,-,possible,Desc: code 41368006,G,KIDNEYDISEASE,COV
All kidney disease,SNOMEDCT_US,399326009,Malignant neoplasm of urinary bladder,-,-,possible,Desc: code 41368006,G,KIDNEYDISEASE,COV
All kidney disease,SNOMEDCT_US,40026008,Acquired stenosis of neck of urinary bladder,-,-,possible,Desc: code 41368006,G,KIDNEYDISEASE,COV
All kidney disease,SNOMEDCT_US,40046003,Intestinovesical fistula,-,-,possible,Desc: code 41368006,G,KIDNEYDISEASE,COV
All kidney disease,SNOMEDCT_US,4009004,Lower urinary tract infectious disease,-,-,possible,Desc: code 41368006,G,KIDNEYDISEASE,COV
All kidney disease,SNOMEDCT_US,402338004,Circinate vulvovaginitis co-occurrent with reactive arthritis triad,-,-,possible,Desc: code 41368006,G,KIDNEYDISEASE,COV
All kidney disease,SNOMEDCT_US,402339007,Nail dystrophy co-occurrent with reactive arthritis triad,-,-,possible,Desc: code 41368006,G,KIDNEYDISEASE,COV
All kidney disease,SNOMEDCT_US,40421000119104,Urinary obstruction due to nodular prostate,-,-,possible,Desc: code 41368006,G,KIDNEYDISEASE,COV
All kidney disease,SNOMEDCT_US,405555006,Hemorrhage of urethra,-,-,possible,Desc: code 41368006,G,KIDNEYDISEASE,COV
All kidney disease,SNOMEDCT_US,405587009,Traumatic perforation of urinary bladder,-,-,possible,Desc: code 41368006,G,KIDNEYDISEASE,COV
All kidney disease,SNOMEDCT_US,40635000,Cystitis caused by Pseudomonas,-,-,possible,Desc: code 41368006,G,KIDNEYDISEASE,COV
All kidney disease,SNOMEDCT_US,406476007,Epispadias,-,-,possible,Desc: code 41368006,G,KIDNEYDISEASE,COV
All kidney disease,SNOMEDCT_US,406477003,Male epispadias,-,-,possible,Desc: code 41368006,G,KIDNEYDISEASE,COV
All kidney disease,SNOMEDCT_US,410070006,Herniated urinary bladder,-,-,possible,Desc: code 41368006,G,KIDNEYDISEASE,COV
All kidney disease,SNOMEDCT_US,4127004,Prostatic obstruction,-,-,possible,Desc: code 41368006,G,KIDNEYDISEASE,COV
All kidney disease,SNOMEDCT_US,413938008,Cystocele with first degree uterine prolapse,-,-,possible,Desc: code 41368006,G,KIDNEYDISEASE,COV
All kidney disease,SNOMEDCT_US,413939000,Cystocele with second degree uterine prolapse,-,-,possible,Desc: code 41368006,G,KIDNEYDISEASE,COV
All kidney disease,SNOMEDCT_US,413940003,Cystocele with third degree uterine prolapse,-,-,possible,Desc: code 41368006,G,KIDNEYDISEASE,COV
All kidney disease,SNOMEDCT_US,416010008,Hypospadias,-,-,possible,Desc: code 41368006,G,KIDNEYDISEASE,COV
All kidney disease,SNOMEDCT_US,416991005,Obstruction of urinary bladder outlet,-,-,possible,Desc: code 41368006,G,KIDNEYDISEASE,COV
All kidney disease,SNOMEDCT_US,423352002,Malakoplakia of urethra,-,-,possible,Desc: code 41368006,G,KIDNEYDISEASE,COV
All kidney disease,SNOMEDCT_US,423633003,Midline cystocele,-,-,possible,Desc: code 41368006,G,KIDNEYDISEASE,COV
All kidney disease,SNOMEDCT_US,424551004,Bacterial cystitis,-,-,possible,Desc: code 41368006,G,KIDNEYDISEASE,COV
All kidney disease,SNOMEDCT_US,425066001,"Carcinoma of urinary bladder, invasive",-,-,possible,Desc: code 41368006,G,KIDNEYDISEASE,COV
All kidney disease,SNOMEDCT_US,425231005,"Carcinoma of urinary bladder, superficial",-,-,possible,Desc: code 41368006,G,KIDNEYDISEASE,COV
All kidney disease,SNOMEDCT_US,425561001,Neurogenic urinary bladder following poliomyelitis,-,-,possible,Desc: code 41368006,G,KIDNEYDISEASE,COV
All kidney disease,SNOMEDCT_US,425562008,Recurrent bacterial cystitis,-,-,possible,Desc: code 41368006,G,KIDNEYDISEASE,COV
All kidney disease,SNOMEDCT_US,42643001,Disorder of urinary bladder,-,-,possible,Desc: code 41368006,G,KIDNEYDISEASE,COV
All kidney disease,SNOMEDCT_US,426479005,Urethral wart,-,-,possible,Desc: code 41368006,G,KIDNEYDISEASE,COV
All kidney disease,SNOMEDCT_US,428091000,Chronic lower urinary tract infection,-,-,possible,Desc: code 41368006,G,KIDNEYDISEASE,COV
All kidney disease,SNOMEDCT_US,428190001,Neurogenic urinary bladder due to spina bifida,-,-,possible,Desc: code 41368006,G,KIDNEYDISEASE,COV
All kidney disease,SNOMEDCT_US,429233001,Nonneurogenic neurogenic urinary bladder dysfunction,-,-,possible,Desc: code 41368006,G,KIDNEYDISEASE,COV
All kidney disease,SNOMEDCT_US,429631000124104,Glanular hypospadias,-,-,possible,Desc: code 41368006,G,KIDNEYDISEASE,COV
All kidney disease,SNOMEDCT_US,429641000124109,Coronal hypospadias,-,-,possible,Desc: code 41368006,G,KIDNEYDISEASE,COV
All kidney disease,SNOMEDCT_US,429651000124106,Penile shaft hypospadias,-,-,possible,Desc: code 41368006,G,KIDNEYDISEASE,COV
All kidney disease,SNOMEDCT_US,429661000124108,Penile mid-shaft hypospadias,-,-,possible,Desc: code 41368006,G,KIDNEYDISEASE,COV
All kidney disease,SNOMEDCT_US,429681000124103,Covered exstrophy of bladder,-,-,possible,Desc: code 41368006,G,KIDNEYDISEASE,COV
All kidney disease,SNOMEDCT_US,429728004,Bacterial urethritis,-,-,possible,Desc: code 41368006,G,KIDNEYDISEASE,COV
All kidney disease,SNOMEDCT_US,430031000124100,Intraperitoneal rupture of bladder,-,-,possible,Desc: code 41368006,G,KIDNEYDISEASE,COV
All kidney disease,SNOMEDCT_US,430041000124105,Extraperitoneal rupture of bladder,-,-,possible,Desc: code 41368006,G,KIDNEYDISEASE,COV
All kidney disease,SNOMEDCT_US,430976005,Retention of urine due to occlusion of Foley catheter,-,-,possible,Desc: code 41368006,G,KIDNEYDISEASE,COV
All kidney disease,SNOMEDCT_US,43114002,Chronic trigonitis,-,-,possible,Desc: code 41368006,G,KIDNEYDISEASE,COV
All kidney disease,SNOMEDCT_US,431737008,Acute lower urinary tract infection,-,-,possible,Desc: code 41368006,G,KIDNEYDISEASE,COV
All kidney disease,SNOMEDCT_US,431941000124103,Idiopathic urethral stricture,-,-,possible,Desc: code 41368006,G,KIDNEYDISEASE,COV
All kidney disease,SNOMEDCT_US,4324001,Subacute cystitis,-,-,possible,Desc: code 41368006,G,KIDNEYDISEASE,COV
All kidney disease,SNOMEDCT_US,433183000,Neurogenic urinary bladder due to and following cerebrovascular accident,-,-,possible,Desc: code 41368006,G,KIDNEYDISEASE,COV
All kidney disease,SNOMEDCT_US,441891001,Lateral cystocele,-,-,possible,Desc: code 41368006,G,KIDNEYDISEASE,COV
All kidney disease,SNOMEDCT_US,442060006,Stress incontinence after prostatectomy,-,-,possible,Desc: code 41368006,G,KIDNEYDISEASE,COV
All kidney disease,SNOMEDCT_US,443006,Cystocele affecting pregnancy,-,-,possible,Desc: code 41368006,G,KIDNEYDISEASE,COV
All kidney disease,SNOMEDCT_US,44412000,Chronic gonococcal urethritis,-,-,possible,Desc: code 41368006,G,KIDNEYDISEASE,COV
All kidney disease,SNOMEDCT_US,444725008,Cystic dilatation of paraurethral gland,-,-,possible,Desc: code 41368006,G,KIDNEYDISEASE,COV
All kidney disease,SNOMEDCT_US,444820005,Abscess of urethral gland,-,-,possible,Desc: code 41368006,G,KIDNEYDISEASE,COV
All kidney disease,SNOMEDCT_US,444834005,Abscess of urethral gland caused by Neisseria gonorrhoeae,-,-,possible,Desc: code 41368006,G,KIDNEYDISEASE,COV
All kidney disease,SNOMEDCT_US,445918001,Eosinophilic cystitis,-,-,possible,Desc: code 41368006,G,KIDNEYDISEASE,COV
All kidney disease,SNOMEDCT_US,446681005,Rupture of posterior urethra,-,-,possible,Desc: code 41368006,G,KIDNEYDISEASE,COV
All kidney disease,SNOMEDCT_US,446702009,Small calculus particles in urinary bladder,-,-,possible,Desc: code 41368006,G,KIDNEYDISEASE,COV
All kidney disease,SNOMEDCT_US,447765004,Inverted papilloma of urinary bladder,-,-,possible,Desc: code 41368006,G,KIDNEYDISEASE,COV
All kidney disease,SNOMEDCT_US,448238009,Papillary growth of urinary bladder,-,-,possible,Desc: code 41368006,G,KIDNEYDISEASE,COV
All kidney disease,SNOMEDCT_US,448768004,Injury of urinary bladder and urethra,-,-,possible,Desc: code 41368006,G,KIDNEYDISEASE,COV
All kidney disease,SNOMEDCT_US,448954003,Carcinoma of urethra,-,-,possible,Desc: code 41368006,G,KIDNEYDISEASE,COV
All kidney disease,SNOMEDCT_US,449800007,Neoplasm of dome of urinary bladder,-,-,possible,Desc: code 41368006,G,KIDNEYDISEASE,COV
All kidney disease,SNOMEDCT_US,449801006,Benign neoplasm of dome of urinary bladder,-,-,possible,Desc: code 41368006,G,KIDNEYDISEASE,COV
All kidney disease,SNOMEDCT_US,449802004,Carcinoma in situ of dome of urinary bladder,-,-,possible,Desc: code 41368006,G,KIDNEYDISEASE,COV
All kidney disease,SNOMEDCT_US,449803009,Primary malignant neoplasm of dome of urinary bladder,-,-,possible,Desc: code 41368006,G,KIDNEYDISEASE,COV
All kidney disease,SNOMEDCT_US,449804003,Neoplasm of uncertain behavior of dome of urinary bladder,-,-,possible,Desc: code 41368006,G,KIDNEYDISEASE,COV
All kidney disease,SNOMEDCT_US,450761000124106,Irradiation cystitis without hematuria,-,-,possible,Desc: code 41368006,G,KIDNEYDISEASE,COV
All kidney disease,SNOMEDCT_US,453311000124101,Stricture of male urethra following trauma,-,-,possible,Desc: code 41368006,G,KIDNEYDISEASE,COV
All kidney disease,SNOMEDCT_US,453371000124105,Stricture of male urethral meatus following circumcision,-,-,possible,Desc: code 41368006,G,KIDNEYDISEASE,COV
All kidney disease,SNOMEDCT_US,458321000124102,Metastatic urothelial carcinoma,-,-,possible,Desc: code 41368006,G,KIDNEYDISEASE,COV
All kidney disease,SNOMEDCT_US,46284005,Congenital obstruction of neck of urinary bladder,-,-,possible,Desc: code 41368006,G,KIDNEYDISEASE,COV
All kidney disease,SNOMEDCT_US,46442004,Abscess of Littré's glands,-,-,possible,Desc: code 41368006,G,KIDNEYDISEASE,COV
All kidney disease,SNOMEDCT_US,48278001,Diphtheritic cystitis,-,-,possible,Desc: code 41368006,G,KIDNEYDISEASE,COV
All kidney disease,SNOMEDCT_US,48337000,Congenital stricture of urinary meatus,-,-,possible,Desc: code 41368006,G,KIDNEYDISEASE,COV
All kidney disease,SNOMEDCT_US,48980001,Congenital obstruction of urethra,-,-,possible,Desc: code 41368006,G,KIDNEYDISEASE,COV
All kidney disease,SNOMEDCT_US,4985009,Disorder of urethra,-,-,possible,Desc: code 41368006,G,KIDNEYDISEASE,COV
All kidney disease,SNOMEDCT_US,50477003,Urethrovaginal fistula,-,-,possible,Desc: code 41368006,G,KIDNEYDISEASE,COV
All kidney disease,SNOMEDCT_US,5093001,Cystitis with actinomycosis,-,-,possible,Desc: code 41368006,G,KIDNEYDISEASE,COV
All kidney disease,SNOMEDCT_US,51105006,Urethritis caused by Ureaplasma urealyticum,-,-,possible,Desc: code 41368006,G,KIDNEYDISEASE,COV
All kidney disease,SNOMEDCT_US,5112009,Autonomic hyperreflexia of urinary bladder,-,-,possible,Desc: code 41368006,G,KIDNEYDISEASE,COV
All kidney disease,SNOMEDCT_US,521000119104,"Acute cystitis in pregnancy, antepartum",-,-,possible,Desc: code 41368006,G,KIDNEYDISEASE,COV
All kidney disease,SNOMEDCT_US,52123000,Emphysematous cystitis,-,-,possible,Desc: code 41368006,G,KIDNEYDISEASE,COV
All kidney disease,SNOMEDCT_US,52620003,Urethral atrophy,-,-,possible,Desc: code 41368006,G,KIDNEYDISEASE,COV
All kidney disease,SNOMEDCT_US,53212003,Postobstetric urethral stricture,-,-,possible,Desc: code 41368006,G,KIDNEYDISEASE,COV
All kidney disease,SNOMEDCT_US,53944005,Female urethrocele without uterine prolapse,-,-,possible,Desc: code 41368006,G,KIDNEYDISEASE,COV
All kidney disease,SNOMEDCT_US,53991003,Cystitis with bilharziasis,-,-,possible,Desc: code 41368006,G,KIDNEYDISEASE,COV
All kidney disease,SNOMEDCT_US,54022006,Urethroperineal fistula,-,-,possible,Desc: code 41368006,G,KIDNEYDISEASE,COV
All kidney disease,SNOMEDCT_US,54026009,Cystitis with Echinococcus infestation,-,-,possible,Desc: code 41368006,G,KIDNEYDISEASE,COV
All kidney disease,SNOMEDCT_US,54679003,Traumatic injury of urinary bladder during obstetric procedure,-,-,possible,Desc: code 41368006,G,KIDNEYDISEASE,COV
All kidney disease,SNOMEDCT_US,57243009,Urinary fistula,-,-,possible,Desc: code 41368006,G,KIDNEYDISEASE,COV
All kidney disease,SNOMEDCT_US,57514000,3-Oxo-5 alpha-steroid delta 4-dehydrogenase deficiency,-,-,possible,Desc: code 41368006,G,KIDNEYDISEASE,COV
All kidney disease,SNOMEDCT_US,59020000,Skene's gland adenitis,-,-,possible,Desc: code 41368006,G,KIDNEYDISEASE,COV
All kidney disease,SNOMEDCT_US,60210005,Edema bullosum vesicae,-,-,possible,Desc: code 41368006,G,KIDNEYDISEASE,COV
All kidney disease,SNOMEDCT_US,60867007,Klebsiella cystitis,-,-,possible,Desc: code 41368006,G,KIDNEYDISEASE,COV
All kidney disease,SNOMEDCT_US,609498008,Induced termination of pregnancy complicated by laceration of urinary bladder,-,-,possible,Desc: code 41368006,G,KIDNEYDISEASE,COV
All kidney disease,SNOMEDCT_US,609500009,Induced termination of pregnancy complicated by perforation of urinary bladder,-,-,possible,Desc: code 41368006,G,KIDNEYDISEASE,COV
All kidney disease,SNOMEDCT_US,609503006,Induced termination of pregnancy complicated by urinary bladder damage,-,-,possible,Desc: code 41368006,G,KIDNEYDISEASE,COV
All kidney disease,SNOMEDCT_US,61758007,Exstrophy of urinary bladder sequence,-,-,possible,Desc: code 41368006,G,KIDNEYDISEASE,COV
All kidney disease,SNOMEDCT_US,62199007,Acute trigonitis,-,-,possible,Desc: code 41368006,G,KIDNEYDISEASE,COV
All kidney disease,SNOMEDCT_US,62500006,Accessory urinary bladder,-,-,possible,Desc: code 41368006,G,KIDNEYDISEASE,COV
All kidney disease,SNOMEDCT_US,63684002,Hereditary hollow viscus myopathy,-,-,possible,Desc: code 41368006,G,KIDNEYDISEASE,COV
All kidney disease,SNOMEDCT_US,64283009,Congenital rectovesical fistula,-,-,possible,Desc: code 41368006,G,KIDNEYDISEASE,COV
All kidney disease,SNOMEDCT_US,64956000,Follicular cystitis,-,-,possible,Desc: code 41368006,G,KIDNEYDISEASE,COV
All kidney disease,SNOMEDCT_US,65099004,Endometriosis of urinary bladder,-,-,possible,Desc: code 41368006,G,KIDNEYDISEASE,COV
All kidney disease,SNOMEDCT_US,65332001,Diverticulitis of urinary bladder,-,-,possible,Desc: code 41368006,G,KIDNEYDISEASE,COV
All kidney disease,SNOMEDCT_US,65885002,Partial obstruction of urinary tract,-,-,possible,Desc: code 41368006,G,KIDNEYDISEASE,COV
All kidney disease,SNOMEDCT_US,67167008,Urethrotrigonitis,-,-,possible,Desc: code 41368006,G,KIDNEYDISEASE,COV
All kidney disease,SNOMEDCT_US,67224007,Reactive arthritis triad,-,-,possible,Desc: code 41368006,G,KIDNEYDISEASE,COV
All kidney disease,SNOMEDCT_US,67277002,Urethral abscess,-,-,possible,Desc: code 41368006,G,KIDNEYDISEASE,COV
All kidney disease,SNOMEDCT_US,67685000,Prostatocystitis,-,-,possible,Desc: code 41368006,G,KIDNEYDISEASE,COV
All kidney disease,SNOMEDCT_US,67853001,Polyp of urethra,-,-,possible,Desc: code 41368006,G,KIDNEYDISEASE,COV
All kidney disease,SNOMEDCT_US,679690691000119102,Deep endometriosis of bladder,-,-,possible,Desc: code 41368006,G,KIDNEYDISEASE,COV
All kidney disease,SNOMEDCT_US,681591000119108,Primary adenocarcinoma of anterior wall of urinary bladder,-,-,possible,Desc: code 41368006,G,KIDNEYDISEASE,COV
All kidney disease,SNOMEDCT_US,681611000119103,Primary adenocarcinoma of neck of urinary bladder,-,-,possible,Desc: code 41368006,G,KIDNEYDISEASE,COV
All kidney disease,SNOMEDCT_US,681661000119100,Primary adenocarcinoma of dome of urinary bladder,-,-,possible,Desc: code 41368006,G,KIDNEYDISEASE,COV
All kidney disease,SNOMEDCT_US,681771000119102,Primary adenocarcinoma of lateral wall of urinary bladder,-,-,possible,Desc: code 41368006,G,KIDNEYDISEASE,COV
All kidney disease,SNOMEDCT_US,681921000119101,Primary adenocarcinoma of posterior wall of urinary bladder,-,-,possible,Desc: code 41368006,G,KIDNEYDISEASE,COV
All kidney disease,SNOMEDCT_US,681991000119104,Primary adenocarcinoma of trigone of urinary bladder,-,-,possible,Desc: code 41368006,G,KIDNEYDISEASE,COV
All kidney disease,SNOMEDCT_US,68226007,Acute cystitis,-,-,possible,Desc: code 41368006,G,KIDNEYDISEASE,COV
All kidney disease,SNOMEDCT_US,68301001,Vesicorectal fistula,-,-,possible,Desc: code 41368006,G,KIDNEYDISEASE,COV
All kidney disease,SNOMEDCT_US,68666001,Fistula of urinary bladder,-,-,possible,Desc: code 41368006,G,KIDNEYDISEASE,COV
All kidney disease,SNOMEDCT_US,688691000119102,Primary squamous cell carcinoma of anterior wall of urinary bladder,-,-,possible,Desc: code 41368006,G,KIDNEYDISEASE,COV
All kidney disease,SNOMEDCT_US,688731000119109,Primary squamous cell carcinoma of neck of urinary bladder,-,-,possible,Desc: code 41368006,G,KIDNEYDISEASE,COV
All kidney disease,SNOMEDCT_US,688801000119109,Primary squamous cell carcinoma of dome of urinary bladder,-,-,possible,Desc: code 41368006,G,KIDNEYDISEASE,COV
All kidney disease,SNOMEDCT_US,688941000119102,Primary squamous cell carcinoma of lateral wall of urinary bladder,-,-,possible,Desc: code 41368006,G,KIDNEYDISEASE,COV
All kidney disease,SNOMEDCT_US,689231000119107,Primary squamous cell carcinoma of posterior wall of urinary bladder,-,-,possible,Desc: code 41368006,G,KIDNEYDISEASE,COV
All kidney disease,SNOMEDCT_US,689771000119103,Primary transitional cell carcinoma of anterior wall of urinary bladder,-,-,possible,Desc: code 41368006,G,KIDNEYDISEASE,COV
All kidney disease,SNOMEDCT_US,689781000119100,Primary transitional cell carcinoma of neck of urinary bladder,-,-,possible,Desc: code 41368006,G,KIDNEYDISEASE,COV
All kidney disease,SNOMEDCT_US,689791000119102,Primary transitional cell carcinoma of dome of urinary bladder,-,-,possible,Desc: code 41368006,G,KIDNEYDISEASE,COV
All kidney disease,SNOMEDCT_US,689801000119101,Primary transitional cell carcinoma of lateral wall of urinary bladder,-,-,possible,Desc: code 41368006,G,KIDNEYDISEASE,COV
All kidney disease,SNOMEDCT_US,689821000119105,Primary transitional cell carcinoma of posterior wall of urinary bladder,-,-,possible,Desc: code 41368006,G,KIDNEYDISEASE,COV
All kidney disease,SNOMEDCT_US,689831000119108,Primary transitional cell carcinoma of trigone of urinary bladder,-,-,possible,Desc: code 41368006,G,KIDNEYDISEASE,COV
All kidney disease,SNOMEDCT_US,69015003,Double urethra,-,-,possible,Desc: code 41368006,G,KIDNEYDISEASE,COV
All kidney disease,SNOMEDCT_US,6929003,Urethral caruncle,-,-,possible,Desc: code 41368006,G,KIDNEYDISEASE,COV
All kidney disease,SNOMEDCT_US,69784004,Rupture of urinary bladder with uroperitoneum,-,-,possible,Desc: code 41368006,G,KIDNEYDISEASE,COV
All kidney disease,SNOMEDCT_US,699051006,Male subcoronal hypospadias,-,-,possible,Desc: code 41368006,G,KIDNEYDISEASE,COV
All kidney disease,SNOMEDCT_US,699278004,Fibrosis of external urethral sphincter,-,-,possible,Desc: code 41368006,G,KIDNEYDISEASE,COV
All kidney disease,SNOMEDCT_US,699294006,Denervation of external urethral sphincter,-,-,possible,Desc: code 41368006,G,KIDNEYDISEASE,COV
All kidney disease,SNOMEDCT_US,700242002,Fowler syndrome,-,-,possible,Desc: code 41368006,G,KIDNEYDISEASE,COV
All kidney disease,SNOMEDCT_US,702434007,Distal penile hypospadias,-,-,possible,Desc: code 41368006,G,KIDNEYDISEASE,COV
All kidney disease,SNOMEDCT_US,702436009,Proximal penile hypospadias,-,-,possible,Desc: code 41368006,G,KIDNEYDISEASE,COV
All kidney disease,SNOMEDCT_US,702462000,Scrotal hypospadias,-,-,possible,Desc: code 41368006,G,KIDNEYDISEASE,COV
All kidney disease,SNOMEDCT_US,702467006,Malignant neoplasm of augmented urinary bladder,-,-,possible,Desc: code 41368006,G,KIDNEYDISEASE,COV
All kidney disease,SNOMEDCT_US,703315000,Inguinal cystocele,-,-,possible,Desc: code 41368006,G,KIDNEYDISEASE,COV
All kidney disease,SNOMEDCT_US,70650003,Urinary bladder stone,-,-,possible,Desc: code 41368006,G,KIDNEYDISEASE,COV
All kidney disease,SNOMEDCT_US,707131004,Polypoid urethritis,-,-,possible,Desc: code 41368006,G,KIDNEYDISEASE,COV
All kidney disease,SNOMEDCT_US,707834009,Acute on chronic cystitis,-,-,possible,Desc: code 41368006,G,KIDNEYDISEASE,COV
All kidney disease,SNOMEDCT_US,70795003,Urethral cyst,-,-,possible,Desc: code 41368006,G,KIDNEYDISEASE,COV
All kidney disease,SNOMEDCT_US,708059004,Atresia of penile urethra,-,-,possible,Desc: code 41368006,G,KIDNEYDISEASE,COV
All kidney disease,SNOMEDCT_US,708515003,Acquired obstruction of urinary tract,-,-,possible,Desc: code 41368006,G,KIDNEYDISEASE,COV
All kidney disease,SNOMEDCT_US,710779007,Reflux of urine,-,-,possible,Desc: code 41368006,G,KIDNEYDISEASE,COV
All kidney disease,SNOMEDCT_US,715001,Nontraumatic rupture of urethra,-,-,possible,Desc: code 41368006,G,KIDNEYDISEASE,COV
All kidney disease,SNOMEDCT_US,716092007,Schmitt Gillenwater Kelly syndrome,-,-,possible,Desc: code 41368006,G,KIDNEYDISEASE,COV
All kidney disease,SNOMEDCT_US,716096005,Goldblatt Wallis syndrome,-,-,possible,Desc: code 41368006,G,KIDNEYDISEASE,COV
All kidney disease,SNOMEDCT_US,7163005,Urinary tract obstruction,-,-,possible,Desc: code 41368006,G,KIDNEYDISEASE,COV
All kidney disease,SNOMEDCT_US,716744000,Familial penile hypospadias,-,-,possible,Desc: code 41368006,G,KIDNEYDISEASE,COV
All kidney disease,SNOMEDCT_US,717706003,Cyst of Skene's duct,-,-,possible,Desc: code 41368006,G,KIDNEYDISEASE,COV
All kidney disease,SNOMEDCT_US,717752005,Fetal lower urinary tract obstruction,-,-,possible,Desc: code 41368006,G,KIDNEYDISEASE,COV
All kidney disease,SNOMEDCT_US,717753000,Fetal lower urinary tract obstruction due to atresia of urethra,-,-,possible,Desc: code 41368006,G,KIDNEYDISEASE,COV
All kidney disease,SNOMEDCT_US,717754006,Fetal lower urinary tract obstruction due to posterior urethral valve,-,-,possible,Desc: code 41368006,G,KIDNEYDISEASE,COV
All kidney disease,SNOMEDCT_US,717755007,Fetal lower urinary tract obstruction due to anterior urethral valve,-,-,possible,Desc: code 41368006,G,KIDNEYDISEASE,COV
All kidney disease,SNOMEDCT_US,717756008,Complete duplication of urethra,-,-,possible,Desc: code 41368006,G,KIDNEYDISEASE,COV
All kidney disease,SNOMEDCT_US,717757004,Partial duplication of urethra,-,-,possible,Desc: code 41368006,G,KIDNEYDISEASE,COV
All kidney disease,SNOMEDCT_US,717759001,Congenital absence of urinary bladder and urethra,-,-,possible,Desc: code 41368006,G,KIDNEYDISEASE,COV
All kidney disease,SNOMEDCT_US,717958000,Calculus of upper urinary tract,-,-,possible,Desc: code 41368006,G,KIDNEYDISEASE,COV
All kidney disease,SNOMEDCT_US,718604008,Small cell neuroendocrine carcinoma of urinary bladder,-,-,possible,Desc: code 41368006,G,KIDNEYDISEASE,COV
All kidney disease,SNOMEDCT_US,72222004,Papillary cystitis,-,-,possible,Desc: code 41368006,G,KIDNEYDISEASE,COV
All kidney disease,SNOMEDCT_US,72225002,Urethral stricture due to gonococcal infection,-,-,possible,Desc: code 41368006,G,KIDNEYDISEASE,COV
All kidney disease,SNOMEDCT_US,724470002,Urethral stricture due to and following procedure,-,-,possible,Desc: code 41368006,G,KIDNEYDISEASE,COV
All kidney disease,SNOMEDCT_US,724472005,Cystocele co-occurrent with incomplete uterovaginal prolapse,-,-,possible,Desc: code 41368006,G,KIDNEYDISEASE,COV
All kidney disease,SNOMEDCT_US,724474006,Cystocele and rectocele co-occurrent with incomplete uterovaginal prolapse,-,-,possible,Desc: code 41368006,G,KIDNEYDISEASE,COV
All kidney disease,SNOMEDCT_US,724477004,Cystocele and rectocele co-occurrent with complete uterovaginal prolapse,-,-,possible,Desc: code 41368006,G,KIDNEYDISEASE,COV
All kidney disease,SNOMEDCT_US,724479001,Urinary incontinence co-occurrent and due to prolapse of female genital organ,-,-,possible,Desc: code 41368006,G,KIDNEYDISEASE,COV
All kidney disease,SNOMEDCT_US,724480003,Functional disorder of urinary bladder due to prolapse of female genital organ,-,-,possible,Desc: code 41368006,G,KIDNEYDISEASE,COV
All kidney disease,SNOMEDCT_US,724491005,Vesicovaginal fistula with involvement of urinary continence mechanism following normal delivery,-,-,possible,Desc: code 41368006,G,KIDNEYDISEASE,COV
All kidney disease,SNOMEDCT_US,724492003,Vesicovaginal fistula with involvement of urinary continence mechanism due to and following obstructed labor,-,-,possible,Desc: code 41368006,G,KIDNEYDISEASE,COV
All kidney disease,SNOMEDCT_US,724493008,Vesicovaginal fistula with involvement of urinary continence mechanism following obstetric delivery procedure,-,-,possible,Desc: code 41368006,G,KIDNEYDISEASE,COV
All kidney disease,SNOMEDCT_US,724494002,Vesicovaginal fistula with involvement of urinary continence mechanism following termination of pregnancy procedure,-,-,possible,Desc: code 41368006,G,KIDNEYDISEASE,COV
All kidney disease,SNOMEDCT_US,72815004,Cystitis glandularis,-,-,possible,Desc: code 41368006,G,KIDNEYDISEASE,COV
All kidney disease,SNOMEDCT_US,733134009,Primary squamous cell carcinoma of paraurethral gland,-,-,possible,Desc: code 41368006,G,KIDNEYDISEASE,COV
All kidney disease,SNOMEDCT_US,733135005,Primary urothelial carcinoma of paraurethral gland,-,-,possible,Desc: code 41368006,G,KIDNEYDISEASE,COV
All kidney disease,SNOMEDCT_US,733136006,Primary adenocarcinoma of urethra,-,-,possible,Desc: code 41368006,G,KIDNEYDISEASE,COV
All kidney disease,SNOMEDCT_US,733362008,Primary adenocarcinoma of paraurethral gland,-,-,possible,Desc: code 41368006,G,KIDNEYDISEASE,COV
All kidney disease,SNOMEDCT_US,7350007,Urethrovesical fistula,-,-,possible,Desc: code 41368006,G,KIDNEYDISEASE,COV
All kidney disease,SNOMEDCT_US,735483004,Stress incontinence due to prolapse of pelvic organ,-,-,possible,Desc: code 41368006,G,KIDNEYDISEASE,COV
All kidney disease,SNOMEDCT_US,735484005,Absent sensation of urinary bladder due to prolapse of pelvic organ,-,-,possible,Desc: code 41368006,G,KIDNEYDISEASE,COV
All kidney disease,SNOMEDCT_US,735485006,Reduced urinary bladder sensation due to prolapse of pelvic organ,-,-,possible,Desc: code 41368006,G,KIDNEYDISEASE,COV
All kidney disease,SNOMEDCT_US,7358000,Dysuria-frequency syndrome,-,-,possible,Desc: code 41368006,G,KIDNEYDISEASE,COV
All kidney disease,SNOMEDCT_US,74445007,Trigonitis,-,-,possible,Desc: code 41368006,G,KIDNEYDISEASE,COV
All kidney disease,SNOMEDCT_US,74944002,Urethral false passage,-,-,possible,Desc: code 41368006,G,KIDNEYDISEASE,COV
All kidney disease,SNOMEDCT_US,75073007,Malakoplakia of urinary bladder,-,-,possible,Desc: code 41368006,G,KIDNEYDISEASE,COV
All kidney disease,SNOMEDCT_US,7601009,Double urinary meatus,-,-,possible,Desc: code 41368006,G,KIDNEYDISEASE,COV
All kidney disease,SNOMEDCT_US,762262008,Overactive urinary bladder due to prolapse of female genital organ,-,-,possible,Desc: code 41368006,G,KIDNEYDISEASE,COV
All kidney disease,SNOMEDCT_US,762263003,Overflow incontinence of urine due to prolapse of female genital organ,-,-,possible,Desc: code 41368006,G,KIDNEYDISEASE,COV
All kidney disease,SNOMEDCT_US,762264009,Urge incontinence due to prolapse of female genital organ,-,-,possible,Desc: code 41368006,G,KIDNEYDISEASE,COV
All kidney disease,SNOMEDCT_US,762265005,Mixed incontinence due to prolapse of female genital organ,-,-,possible,Desc: code 41368006,G,KIDNEYDISEASE,COV
All kidney disease,SNOMEDCT_US,762289003,Neonatal hemorrhage of urinary bladder,-,-,possible,Desc: code 41368006,G,KIDNEYDISEASE,COV
All kidney disease,SNOMEDCT_US,763889002,Spina bifida and hypospadias syndrome,-,-,possible,Desc: code 41368006,G,KIDNEYDISEASE,COV
All kidney disease,SNOMEDCT_US,76618002,Urethral stricture,-,-,possible,Desc: code 41368006,G,KIDNEYDISEASE,COV
All kidney disease,SNOMEDCT_US,767225004,Displacement of indwelling urinary catheter balloon into urethra due to and following insertion of urethral catheter,-,-,possible,Desc: code 41368006,G,KIDNEYDISEASE,COV
All kidney disease,SNOMEDCT_US,770561007,Lower limb malformation hypospadias syndrome,-,-,possible,Desc: code 41368006,G,KIDNEYDISEASE,COV
All kidney disease,SNOMEDCT_US,77165001,Injury of urinary bladder,-,-,possible,Desc: code 41368006,G,KIDNEYDISEASE,COV
All kidney disease,SNOMEDCT_US,772794003,Prolapse of urethral mucosa,-,-,possible,Desc: code 41368006,G,KIDNEYDISEASE,COV
All kidney disease,SNOMEDCT_US,773140008,Foreign body in lower urinary tract,-,-,possible,Desc: code 41368006,G,KIDNEYDISEASE,COV
All kidney disease,SNOMEDCT_US,7762009,Paraspadias,-,-,possible,Desc: code 41368006,G,KIDNEYDISEASE,COV
All kidney disease,SNOMEDCT_US,7793005,Disorder of lower urinary tract,-,-,possible,Desc: code 41368006,G,KIDNEYDISEASE,COV
All kidney disease,SNOMEDCT_US,782390002,Cauda equina syndrome with painless urinary retention,-,-,possible,Desc: code 41368006,G,KIDNEYDISEASE,COV
All kidney disease,SNOMEDCT_US,783184003,Encrusted cystitis,-,-,possible,Desc: code 41368006,G,KIDNEYDISEASE,COV
All kidney disease,SNOMEDCT_US,786457000,Overactive urinary bladder,-,-,possible,Desc: code 41368006,G,KIDNEYDISEASE,COV
All kidney disease,SNOMEDCT_US,786460007,Detrusor overactivity,-,-,possible,Desc: code 41368006,G,KIDNEYDISEASE,COV
All kidney disease,SNOMEDCT_US,786483005,Neurogenic detrusor overactivity,-,-,possible,Desc: code 41368006,G,KIDNEYDISEASE,COV
All kidney disease,SNOMEDCT_US,786496006,Idiopathic detrusor overactivity,-,-,possible,Desc: code 41368006,G,KIDNEYDISEASE,COV
All kidney disease,SNOMEDCT_US,788961008,Gonorrhea of penis,-,-,possible,Desc: code 41368006,G,KIDNEYDISEASE,COV
All kidney disease,SNOMEDCT_US,79184009,Trabeculation of urinary bladder,-,-,possible,Desc: code 41368006,G,KIDNEYDISEASE,COV
All kidney disease,SNOMEDCT_US,79509009,Calculus of lower urinary tract,-,-,possible,Desc: code 41368006,G,KIDNEYDISEASE,COV
All kidney disease,SNOMEDCT_US,79788002,Atresia of urinary meatus,-,-,possible,Desc: code 41368006,G,KIDNEYDISEASE,COV
All kidney disease,SNOMEDCT_US,80375002,Urethral stricture due to infection,-,-,possible,Desc: code 41368006,G,KIDNEYDISEASE,COV
All kidney disease,SNOMEDCT_US,8041002,Urethral ulcer,-,-,possible,Desc: code 41368006,G,KIDNEYDISEASE,COV
All kidney disease,SNOMEDCT_US,80797002,Congenital stricture of vesicourethral orifice,-,-,possible,Desc: code 41368006,G,KIDNEYDISEASE,COV
All kidney disease,SNOMEDCT_US,81107006,Congenital diverticulum of urinary bladder,-,-,possible,Desc: code 41368006,G,KIDNEYDISEASE,COV
All kidney disease,SNOMEDCT_US,81125004,Acute hemorrhagic cystitis,-,-,possible,Desc: code 41368006,G,KIDNEYDISEASE,COV
All kidney disease,SNOMEDCT_US,81771002,Opitz-Frias syndrome,-,-,possible,Desc: code 41368006,G,KIDNEYDISEASE,COV
All kidney disease,SNOMEDCT_US,818963004,Posterior hypospadias,-,-,possible,Desc: code 41368006,G,KIDNEYDISEASE,COV
All kidney disease,SNOMEDCT_US,82635007,Accessory urethra,-,-,possible,Desc: code 41368006,G,KIDNEYDISEASE,COV
All kidney disease,SNOMEDCT_US,82916009,Female prostatic obstruction syndrome,-,-,possible,Desc: code 41368006,G,KIDNEYDISEASE,COV
All kidney disease,SNOMEDCT_US,833292002,Calcium oxalate calculus of urinary bladder,-,-,possible,Desc: code 41368006,G,KIDNEYDISEASE,COV
All kidney disease,SNOMEDCT_US,838301001,Disorder of urinary bladder caused by Schistosoma,-,-,possible,Desc: code 41368006,G,KIDNEYDISEASE,COV
All kidney disease,SNOMEDCT_US,838302008,Disorder of urinary bladder caused by Schistosoma japonicum,-,-,possible,Desc: code 41368006,G,KIDNEYDISEASE,COV
All kidney disease,SNOMEDCT_US,84619001,Nongonococcal urethritis,-,-,possible,Desc: code 41368006,G,KIDNEYDISEASE,COV
All kidney disease,SNOMEDCT_US,85467007,Miscarriage with perforation of urinary bladder,-,-,possible,Desc: code 41368006,G,KIDNEYDISEASE,COV
All kidney disease,SNOMEDCT_US,86009008,Postoperative perforation of urinary bladder,-,-,possible,Desc: code 41368006,G,KIDNEYDISEASE,COV
All kidney disease,SNOMEDCT_US,86113003,Complete obstruction of the urinary tract,-,-,possible,Desc: code 41368006,G,KIDNEYDISEASE,COV
All kidney disease,SNOMEDCT_US,86221000119109,Suburethral cyst,-,-,possible,Desc: code 41368006,G,KIDNEYDISEASE,COV
All kidney disease,SNOMEDCT_US,86347007,Traumatic urethral stricture,-,-,possible,Desc: code 41368006,G,KIDNEYDISEASE,COV
All kidney disease,SNOMEDCT_US,866046008,Mucous membrane pemphigoid of penile mucosa,-,-,possible,Desc: code 41368006,G,KIDNEYDISEASE,COV
All kidney disease,SNOMEDCT_US,866229004,Trauma to urethra and urinary bladder during delivery,-,-,possible,Desc: code 41368006,G,KIDNEYDISEASE,COV
All kidney disease,SNOMEDCT_US,87093008,Congenital urethrorectal fistula,-,-,possible,Desc: code 41368006,G,KIDNEYDISEASE,COV
All kidney disease,SNOMEDCT_US,87696004,Hemorrhagic cystitis,-,-,possible,Desc: code 41368006,G,KIDNEYDISEASE,COV
All kidney disease,SNOMEDCT_US,8776008,Amebic cystitis,-,-,possible,Desc: code 41368006,G,KIDNEYDISEASE,COV
All kidney disease,SNOMEDCT_US,88813005,Chronic gonococcal cystitis,-,-,possible,Desc: code 41368006,G,KIDNEYDISEASE,COV
All kidney disease,SNOMEDCT_US,89405008,Vesicovaginal fistula,-,-,possible,Desc: code 41368006,G,KIDNEYDISEASE,COV
All kidney disease,SNOMEDCT_US,89656008,Urethral meatitis,-,-,possible,Desc: code 41368006,G,KIDNEYDISEASE,COV
All kidney disease,SNOMEDCT_US,897154008,Structural abnormality of male urethral meatus,-,-,possible,Desc: code 41368006,G,KIDNEYDISEASE,COV
All kidney disease,SNOMEDCT_US,89891003,Follicular urethritis,-,-,possible,Desc: code 41368006,G,KIDNEYDISEASE,COV
All kidney disease,SNOMEDCT_US,9009001,Low compliance urinary bladder,-,-,possible,Desc: code 41368006,G,KIDNEYDISEASE,COV
All kidney disease,SNOMEDCT_US,90531003,Urethral diverticulum,-,-,possible,Desc: code 41368006,G,KIDNEYDISEASE,COV
All kidney disease,SNOMEDCT_US,91141000119100,Primary spindle cell carcinoma of urinary bladder,-,-,possible,Desc: code 41368006,G,KIDNEYDISEASE,COV
All kidney disease,SNOMEDCT_US,91210006,Congenital anourethral fistula,-,-,possible,Desc: code 41368006,G,KIDNEYDISEASE,COV
All kidney disease,SNOMEDCT_US,91977009,Benign neoplasm of anterior wall of urinary bladder,-,-,possible,Desc: code 41368006,G,KIDNEYDISEASE,COV
All kidney disease,SNOMEDCT_US,91980005,Benign neoplasm of apex of urinary bladder,-,-,possible,Desc: code 41368006,G,KIDNEYDISEASE,COV
All kidney disease,SNOMEDCT_US,91992005,Benign neoplasm of urinary bladder,-,-,possible,Desc: code 41368006,G,KIDNEYDISEASE,COV
All kidney disease,SNOMEDCT_US,92179009,Benign neoplasm of lateral wall of urinary bladder,-,-,possible,Desc: code 41368006,G,KIDNEYDISEASE,COV
All kidney disease,SNOMEDCT_US,92273004,Benign neoplasm of paraurethral glands,-,-,possible,Desc: code 41368006,G,KIDNEYDISEASE,COV
All kidney disease,SNOMEDCT_US,92305008,Benign neoplasm of posterior wall of urinary bladder,-,-,possible,Desc: code 41368006,G,KIDNEYDISEASE,COV
All kidney disease,SNOMEDCT_US,92317005,Benign neoplasm of rectovesical septum,-,-,possible,Desc: code 41368006,G,KIDNEYDISEASE,COV
All kidney disease,SNOMEDCT_US,92452001,Benign neoplasm of trigone of urinary bladder,-,-,possible,Desc: code 41368006,G,KIDNEYDISEASE,COV
All kidney disease,SNOMEDCT_US,92466006,Benign neoplasm of urethra,-,-,possible,Desc: code 41368006,G,KIDNEYDISEASE,COV
All kidney disease,SNOMEDCT_US,92467002,Benign neoplasm of urinary bladder neck,-,-,possible,Desc: code 41368006,G,KIDNEYDISEASE,COV
All kidney disease,SNOMEDCT_US,92536001,Carcinoma in situ of anterior wall of urinary bladder,-,-,possible,Desc: code 41368006,G,KIDNEYDISEASE,COV
All kidney disease,SNOMEDCT_US,92538000,Carcinoma in situ of apex of urinary bladder,-,-,possible,Desc: code 41368006,G,KIDNEYDISEASE,COV
All kidney disease,SNOMEDCT_US,92546004,Carcinoma in situ of urinary bladder,-,-,possible,Desc: code 41368006,G,KIDNEYDISEASE,COV
All kidney disease,SNOMEDCT_US,92638007,Carcinoma in situ of lateral wall of urinary bladder,-,-,possible,Desc: code 41368006,G,KIDNEYDISEASE,COV
All kidney disease,SNOMEDCT_US,92676001,Carcinoma in situ of paraurethral glands,-,-,possible,Desc: code 41368006,G,KIDNEYDISEASE,COV
All kidney disease,SNOMEDCT_US,92690003,Carcinoma in situ of posterior wall of urinary bladder,-,-,possible,Desc: code 41368006,G,KIDNEYDISEASE,COV
All kidney disease,SNOMEDCT_US,92774006,Carcinoma in situ of trigone of urinary bladder,-,-,possible,Desc: code 41368006,G,KIDNEYDISEASE,COV
All kidney disease,SNOMEDCT_US,92784007,Carcinoma in situ of urethra,-,-,possible,Desc: code 41368006,G,KIDNEYDISEASE,COV
All kidney disease,SNOMEDCT_US,92785008,Carcinoma in situ of urinary bladder neck,-,-,possible,Desc: code 41368006,G,KIDNEYDISEASE,COV
All kidney disease,SNOMEDCT_US,93046003,Congenital cyst of urinary bladder,-,-,possible,Desc: code 41368006,G,KIDNEYDISEASE,COV
All kidney disease,SNOMEDCT_US,93052002,Congenital dilatation of urinary bladder,-,-,possible,Desc: code 41368006,G,KIDNEYDISEASE,COV
All kidney disease,SNOMEDCT_US,93245009,Congenital hypoplasia of urinary bladder,-,-,possible,Desc: code 41368006,G,KIDNEYDISEASE,COV
All kidney disease,SNOMEDCT_US,93675008,Primary malignant neoplasm of anterior wall of urinary bladder,-,-,possible,Desc: code 41368006,G,KIDNEYDISEASE,COV
All kidney disease,SNOMEDCT_US,93689003,Primary malignant neoplasm of urinary bladder,-,-,possible,Desc: code 41368006,G,KIDNEYDISEASE,COV
All kidney disease,SNOMEDCT_US,93863000,Primary malignant neoplasm of lateral wall of urinary bladder,-,-,possible,Desc: code 41368006,G,KIDNEYDISEASE,COV
All kidney disease,SNOMEDCT_US,93944002,Primary malignant neoplasm of paraurethral glands,-,-,possible,Desc: code 41368006,G,KIDNEYDISEASE,COV
All kidney disease,SNOMEDCT_US,93972009,Primary malignant neoplasm of posterior wall of urinary bladder,-,-,possible,Desc: code 41368006,G,KIDNEYDISEASE,COV
All kidney disease,SNOMEDCT_US,93983000,Primary malignant neoplasm of rectovesical septum,-,-,possible,Desc: code 41368006,G,KIDNEYDISEASE,COV
All kidney disease,SNOMEDCT_US,94109006,Primary malignant neoplasm of trigone of urinary bladder,-,-,possible,Desc: code 41368006,G,KIDNEYDISEASE,COV
All kidney disease,SNOMEDCT_US,94123008,Primary malignant neoplasm of urethra,-,-,possible,Desc: code 41368006,G,KIDNEYDISEASE,COV
All kidney disease,SNOMEDCT_US,94124002,Primary malignant neoplasm of urinary bladder neck,-,-,possible,Desc: code 41368006,G,KIDNEYDISEASE,COV
All kidney disease,SNOMEDCT_US,94171008,Metastatic malignant neoplasm to anterior wall of urinary bladder,-,-,possible,Desc: code 41368006,G,KIDNEYDISEASE,COV
All kidney disease,SNOMEDCT_US,94186002,Metastatic malignant neoplasm to urinary bladder,-,-,possible,Desc: code 41368006,G,KIDNEYDISEASE,COV
All kidney disease,SNOMEDCT_US,94374009,Metastatic malignant neoplasm to lateral wall of urinary bladder,-,-,possible,Desc: code 41368006,G,KIDNEYDISEASE,COV
All kidney disease,SNOMEDCT_US,94468008,Metastatic malignant neoplasm to paraurethral glands,-,-,possible,Desc: code 41368006,G,KIDNEYDISEASE,COV
All kidney disease,SNOMEDCT_US,94500000,Metastatic malignant neoplasm to posterior wall of urinary bladder,-,-,possible,Desc: code 41368006,G,KIDNEYDISEASE,COV
All kidney disease,SNOMEDCT_US,94512001,Metastatic malignant neoplasm to rectovesical septum,-,-,possible,Desc: code 41368006,G,KIDNEYDISEASE,COV
All kidney disease,SNOMEDCT_US,94647000,Metastatic malignant neoplasm to trigone of urinary bladder,-,-,possible,Desc: code 41368006,G,KIDNEYDISEASE,COV
All kidney disease,SNOMEDCT_US,94661005,Metastatic malignant neoplasm to urethra,-,-,possible,Desc: code 41368006,G,KIDNEYDISEASE,COV
All kidney disease,SNOMEDCT_US,94662003,Metastatic malignant neoplasm to urinary bladder neck,-,-,possible,Desc: code 41368006,G,KIDNEYDISEASE,COV
All kidney disease,SNOMEDCT_US,94740008,Neoplasm of uncertain behavior of anterior wall of urinary bladder,-,-,possible,Desc: code 41368006,G,KIDNEYDISEASE,COV
All kidney disease,SNOMEDCT_US,94743005,Neoplasm of uncertain behavior of apex of urinary bladder,-,-,possible,Desc: code 41368006,G,KIDNEYDISEASE,COV
All kidney disease,SNOMEDCT_US,94754000,Neoplasm of uncertain behavior of urinary bladder,-,-,possible,Desc: code 41368006,G,KIDNEYDISEASE,COV
All kidney disease,SNOMEDCT_US,94903008,Neoplasm of uncertain behavior of lateral wall of urinary bladder,-,-,possible,Desc: code 41368006,G,KIDNEYDISEASE,COV
All kidney disease,SNOMEDCT_US,94984000,Neoplasm of uncertain behavior of paraurethral glands,-,-,possible,Desc: code 41368006,G,KIDNEYDISEASE,COV
All kidney disease,SNOMEDCT_US,95012001,Neoplasm of uncertain behavior of posterior wall of urinary bladder,-,-,possible,Desc: code 41368006,G,KIDNEYDISEASE,COV
All kidney disease,SNOMEDCT_US,95023002,Neoplasm of uncertain behavior of rectovesical septum,-,-,possible,Desc: code 41368006,G,KIDNEYDISEASE,COV
All kidney disease,SNOMEDCT_US,95149005,Neoplasm of uncertain behavior of trigone of urinary bladder,-,-,possible,Desc: code 41368006,G,KIDNEYDISEASE,COV
All kidney disease,SNOMEDCT_US,95163004,Neoplasm of uncertain behavior of urethra,-,-,possible,Desc: code 41368006,G,KIDNEYDISEASE,COV
All kidney disease,SNOMEDCT_US,95164005,Neoplasm of uncertain behavior of urinary bladder neck,-,-,possible,Desc: code 41368006,G,KIDNEYDISEASE,COV
All kidney disease,SNOMEDCT_US,95585001,Detrusor muscle paresis,-,-,possible,Desc: code 41368006,G,KIDNEYDISEASE,COV
All kidney disease,SNOMEDCT_US,95586000,Telangiectasia of urinary bladder,-,-,possible,Desc: code 41368006,G,KIDNEYDISEASE,COV
All kidney disease,SNOMEDCT_US,95587009,Fibrosis of urinary bladder,-,-,possible,Desc: code 41368006,G,KIDNEYDISEASE,COV
All kidney disease,SNOMEDCT_US,95588004,Obstruction of urethra,-,-,possible,Desc: code 41368006,G,KIDNEYDISEASE,COV
All kidney disease,SNOMEDCT_US,97381000119100,Neurogenic urinary bladder due to quadriplegia,-,-,possible,Desc: code 41368006,G,KIDNEYDISEASE,COV
All kidney disease,SNOMEDCT_US,97391000119102,Paraplegia with neurogenic urinary bladder,-,-,possible,Desc: code 41368006,G,KIDNEYDISEASE,COV
All kidney disease,SNOMEDCT_US,99621000119104,Acquired urethrocutaneous fistula,-,-,possible,Desc: code 41368006,G,KIDNEYDISEASE,COV
All kidney disease,SNOMEDCT_US,128606002,Disorder of urinary system,C0042075,Urologic Diseases,possible,,G,KIDNEYDISEASE,COV
All kidney disease,SNOMEDCT_US,10751431000119104,Urinary tract infection due to ectopic pregnancy,-,-,possible,Desc: code 128606002,G,KIDNEYDISEASE,COV
All kidney disease,SNOMEDCT_US,10812041000119103,Urinary tract infection due to incomplete miscarriage,-,-,possible,Desc: code 128606002,G,KIDNEYDISEASE,COV
All kidney disease,SNOMEDCT_US,109870007,Overlapping malignant neoplasm of urinary system,-,-,possible,Desc: code 128606002,G,KIDNEYDISEASE,COV
All kidney disease,SNOMEDCT_US,1148870007,Bacterial pyuria,-,-,possible,Desc: code 128606002,G,KIDNEYDISEASE,COV
All kidney disease,SNOMEDCT_US,1149232006,Infection of urachal sinus,-,-,possible,Desc: code 128606002,G,KIDNEYDISEASE,COV
All kidney disease,SNOMEDCT_US,1149233001,Infection of urachal remnant,-,-,possible,Desc: code 128606002,G,KIDNEYDISEASE,COV
All kidney disease,SNOMEDCT_US,1179406007,Pseudomonas aeruginosa urinary tract infection,-,-,possible,Desc: code 128606002,G,KIDNEYDISEASE,COV
All kidney disease,SNOMEDCT_US,12197921000119109,Leakage from indwelling urinary catheter,-,-,possible,Desc: code 128606002,G,KIDNEYDISEASE,COV
All kidney disease,SNOMEDCT_US,1222581000,Lipid-rich urothelial carcinoma of urinary system,-,-,possible,Desc: code 128606002,G,KIDNEYDISEASE,COV
All kidney disease,SNOMEDCT_US,12301009,Neonatal urinary tract infection,-,-,possible,Desc: code 128606002,G,KIDNEYDISEASE,COV
All kidney disease,SNOMEDCT_US,1231381006,Clear cell urothelial carcinoma of urinary system,-,-,possible,Desc: code 128606002,G,KIDNEYDISEASE,COV
All kidney disease,SNOMEDCT_US,1259713006,Primary lipid-rich urothelial carcinoma of urinary system,-,-,possible,Desc: code 128606002,G,KIDNEYDISEASE,COV
All kidney disease,SNOMEDCT_US,1259714000,Primary clear cell urothelial carcinoma of urinary system,-,-,possible,Desc: code 128606002,G,KIDNEYDISEASE,COV
All kidney disease,SNOMEDCT_US,1264236000,Urinary tract infection following molar pregnancy,-,-,possible,Desc: code 128606002,G,KIDNEYDISEASE,COV
All kidney disease,SNOMEDCT_US,1264237009,Urinary tract infection following ectopic pregnancy,-,-,possible,Desc: code 128606002,G,KIDNEYDISEASE,COV
All kidney disease,SNOMEDCT_US,126879004,Neoplasm of urinary system,-,-,possible,Desc: code 128606002,G,KIDNEYDISEASE,COV
All kidney disease,SNOMEDCT_US,126893006,Neoplasm of urachus,-,-,possible,Desc: code 128606002,G,KIDNEYDISEASE,COV
All kidney disease,SNOMEDCT_US,1469007,Miscarriage with urinary tract infection,-,-,possible,Desc: code 128606002,G,KIDNEYDISEASE,COV
All kidney disease,SNOMEDCT_US,16916631000119104,Urinary tract infection caused by Streptococcus agalactiae,-,-,possible,Desc: code 128606002,G,KIDNEYDISEASE,COV
All kidney disease,SNOMEDCT_US,17234001,Allantoic cyst,-,-,possible,Desc: code 128606002,G,KIDNEYDISEASE,COV
All kidney disease,SNOMEDCT_US,188256008,Malignant neoplasm of overlapping sites of urinary organs,-,-,possible,Desc: code 128606002,G,KIDNEYDISEASE,COV
All kidney disease,SNOMEDCT_US,197926005,Postoperative urinary tract infection,-,-,possible,Desc: code 128606002,G,KIDNEYDISEASE,COV
All kidney disease,SNOMEDCT_US,197927001,Recurrent urinary tract infection,-,-,possible,Desc: code 128606002,G,KIDNEYDISEASE,COV
All kidney disease,SNOMEDCT_US,197928006,Chronic urinary tract infection,-,-,possible,Desc: code 128606002,G,KIDNEYDISEASE,COV
All kidney disease,SNOMEDCT_US,197954003,Urinary calculus in schistosomiasis,-,-,possible,Desc: code 128606002,G,KIDNEYDISEASE,COV
All kidney disease,SNOMEDCT_US,199111004,Urinary tract infection following delivery,-,-,possible,Desc: code 128606002,G,KIDNEYDISEASE,COV
All kidney disease,SNOMEDCT_US,205016000,Malformation of urachus,-,-,possible,Desc: code 128606002,G,KIDNEYDISEASE,COV
All kidney disease,SNOMEDCT_US,213137004,"Infection and inflammatory reaction due to prosthetic device, implant and graft in urinary system",-,-,possible,Desc: code 128606002,G,KIDNEYDISEASE,COV
All kidney disease,SNOMEDCT_US,213235004,Urinary complications of care,-,-,possible,Desc: code 128606002,G,KIDNEYDISEASE,COV
All kidney disease,SNOMEDCT_US,213237007,Urinary tract internal anastomosis complication,-,-,possible,Desc: code 128606002,G,KIDNEYDISEASE,COV
All kidney disease,SNOMEDCT_US,231860006,Proteinuria of undiagnosed cause,-,-,possible,Desc: code 128606002,G,KIDNEYDISEASE,COV
All kidney disease,SNOMEDCT_US,236706006,Urinary schistosomiasis,-,-,possible,Desc: code 128606002,G,KIDNEYDISEASE,COV
All kidney disease,SNOMEDCT_US,236721000,Candiduria,-,-,possible,Desc: code 128606002,G,KIDNEYDISEASE,COV
All kidney disease,SNOMEDCT_US,237886009,Familial idiopathic hypercalciuria,-,-,possible,Desc: code 128606002,G,KIDNEYDISEASE,COV
All kidney disease,SNOMEDCT_US,240721007,Renal tract candidiasis,-,-,possible,Desc: code 128606002,G,KIDNEYDISEASE,COV
All kidney disease,SNOMEDCT_US,253859003,Congenital malformation of the urinary system,-,-,possible,Desc: code 128606002,G,KIDNEYDISEASE,COV
All kidney disease,SNOMEDCT_US,253899000,Urachal diverticulum,-,-,possible,Desc: code 128606002,G,KIDNEYDISEASE,COV
All kidney disease,SNOMEDCT_US,25881000119108,Disorder of urinary system due to and following surgery,-,-,possible,Desc: code 128606002,G,KIDNEYDISEASE,COV
All kidney disease,SNOMEDCT_US,262611008,Foreign body in urinary tract,-,-,possible,Desc: code 128606002,G,KIDNEYDISEASE,COV
All kidney disease,SNOMEDCT_US,267441009,Uric acid urolithiasis,-,-,possible,Desc: code 128606002,G,KIDNEYDISEASE,COV
All kidney disease,SNOMEDCT_US,286930000,Hemoglobinuria - external causation,-,-,possible,Desc: code 128606002,G,KIDNEYDISEASE,COV
All kidney disease,SNOMEDCT_US,29340001000004108,Urachal abscess,-,-,possible,Desc: code 128606002,G,KIDNEYDISEASE,COV
All kidney disease,SNOMEDCT_US,301010001,Coliform urinary tract infection,-,-,possible,Desc: code 128606002,G,KIDNEYDISEASE,COV
All kidney disease,SNOMEDCT_US,301011002,Urinary tract infection caused by Escherichia coli,-,-,possible,Desc: code 128606002,G,KIDNEYDISEASE,COV
All kidney disease,SNOMEDCT_US,301012009,Proteus urinary tract infection,-,-,possible,Desc: code 128606002,G,KIDNEYDISEASE,COV
All kidney disease,SNOMEDCT_US,304543009,Radiolucent calculus of urinary tract,-,-,possible,Desc: code 128606002,G,KIDNEYDISEASE,COV
All kidney disease,SNOMEDCT_US,307534009,Urinary tract infection in pregnancy,-,-,possible,Desc: code 128606002,G,KIDNEYDISEASE,COV
All kidney disease,SNOMEDCT_US,312124009,Bacterial urinary infection,-,-,possible,Desc: code 128606002,G,KIDNEYDISEASE,COV
All kidney disease,SNOMEDCT_US,34001000087101,Multiple injuries of urinary system,-,-,possible,Desc: code 128606002,G,KIDNEYDISEASE,COV
All kidney disease,SNOMEDCT_US,363337006,Urinary sequelae of disorders,-,-,possible,Desc: code 128606002,G,KIDNEYDISEASE,COV
All kidney disease,SNOMEDCT_US,363338001,Hereditary disorder of the urinary system,-,-,possible,Desc: code 128606002,G,KIDNEYDISEASE,COV
All kidney disease,SNOMEDCT_US,363339009,Urological system complication of procedure,-,-,possible,Desc: code 128606002,G,KIDNEYDISEASE,COV
All kidney disease,SNOMEDCT_US,363456000,Malignant neoplasm of urachus,-,-,possible,Desc: code 128606002,G,KIDNEYDISEASE,COV
All kidney disease,SNOMEDCT_US,369001000119100,Urinary tract infection caused by Klebsiella,-,-,possible,Desc: code 128606002,G,KIDNEYDISEASE,COV
All kidney disease,SNOMEDCT_US,369011000119102,Urinary tract infection caused by Pseudomonas,-,-,possible,Desc: code 128606002,G,KIDNEYDISEASE,COV
All kidney disease,SNOMEDCT_US,398316009,Patent urachus,-,-,possible,Desc: code 128606002,G,KIDNEYDISEASE,COV
All kidney disease,SNOMEDCT_US,398320008,Fistula of urachus,-,-,possible,Desc: code 128606002,G,KIDNEYDISEASE,COV
All kidney disease,SNOMEDCT_US,419052002,Malignant neoplasm of urinary system,-,-,possible,Desc: code 128606002,G,KIDNEYDISEASE,COV
All kidney disease,SNOMEDCT_US,420648005,Leakage from urinary catheter,-,-,possible,Desc: code 128606002,G,KIDNEYDISEASE,COV
All kidney disease,SNOMEDCT_US,422747000,Upper urinary tract infection,-,-,possible,Desc: code 128606002,G,KIDNEYDISEASE,COV
All kidney disease,SNOMEDCT_US,429671000124101,Infected urachal cyst,-,-,possible,Desc: code 128606002,G,KIDNEYDISEASE,COV
All kidney disease,SNOMEDCT_US,431308006,Acute upper urinary tract infection,-,-,possible,Desc: code 128606002,G,KIDNEYDISEASE,COV
All kidney disease,SNOMEDCT_US,431309003,Acute urinary tract infection,-,-,possible,Desc: code 128606002,G,KIDNEYDISEASE,COV
All kidney disease,SNOMEDCT_US,444690001,Magnesium ammonium phosphate urolithiasis,-,-,possible,Desc: code 128606002,G,KIDNEYDISEASE,COV
All kidney disease,SNOMEDCT_US,444717006,Calcium oxalate urolithiasis,-,-,possible,Desc: code 128606002,G,KIDNEYDISEASE,COV
All kidney disease,SNOMEDCT_US,448233000,Malignant neoplasm of urinary organ,-,-,possible,Desc: code 128606002,G,KIDNEYDISEASE,COV
All kidney disease,SNOMEDCT_US,451030007,Urachal sinus,-,-,possible,Desc: code 128606002,G,KIDNEYDISEASE,COV
All kidney disease,SNOMEDCT_US,49698005,Urinary complication,-,-,possible,Desc: code 128606002,G,KIDNEYDISEASE,COV
All kidney disease,SNOMEDCT_US,50029007,Familial hypomagnesemia-hypercalciuria,-,-,possible,Desc: code 128606002,G,KIDNEYDISEASE,COV
All kidney disease,SNOMEDCT_US,5078000,Scriver-Goldbloom-Roy syndrome,-,-,possible,Desc: code 128606002,G,KIDNEYDISEASE,COV
All kidney disease,SNOMEDCT_US,50986000,Congenital fistula of urachus,-,-,possible,Desc: code 128606002,G,KIDNEYDISEASE,COV
All kidney disease,SNOMEDCT_US,55756002,Complication of internal anastomosis AND/OR bypass of urinary tract including that involving intestinal tract,-,-,possible,Desc: code 128606002,G,KIDNEYDISEASE,COV
All kidney disease,SNOMEDCT_US,56574000,Polyuric state,-,-,possible,Desc: code 128606002,G,KIDNEYDISEASE,COV
All kidney disease,SNOMEDCT_US,609491002,Induced termination of pregnancy complicated by urinary tract infection,-,-,possible,Desc: code 128606002,G,KIDNEYDISEASE,COV
All kidney disease,SNOMEDCT_US,66892003,Failed attempted termination of pregnancy with urinary tract infection,-,-,possible,Desc: code 128606002,G,KIDNEYDISEASE,COV
All kidney disease,SNOMEDCT_US,682031000119109,Primary adenocarcinoma of urachus,-,-,possible,Desc: code 128606002,G,KIDNEYDISEASE,COV
All kidney disease,SNOMEDCT_US,68566005,Urinary tract infectious disease,-,-,possible,Desc: code 128606002,G,KIDNEYDISEASE,COV
All kidney disease,SNOMEDCT_US,699850008,Indinavir urolithiasis,-,-,possible,Desc: code 128606002,G,KIDNEYDISEASE,COV
All kidney disease,SNOMEDCT_US,700372006,Catheter-associated urinary tract infection,-,-,possible,Desc: code 128606002,G,KIDNEYDISEASE,COV
All kidney disease,SNOMEDCT_US,717956001,Calculus of bowel segments after urinary diversion,-,-,possible,Desc: code 128606002,G,KIDNEYDISEASE,COV
All kidney disease,SNOMEDCT_US,71938000,Hypercalciuria,-,-,possible,Desc: code 128606002,G,KIDNEYDISEASE,COV
All kidney disease,SNOMEDCT_US,720636001,Cholestasis with pigmentary retinopathy and cleft palate syndrome,-,-,possible,Desc: code 128606002,G,KIDNEYDISEASE,COV
All kidney disease,SNOMEDCT_US,721817004,Disorder of kidney and/or ureter caused by Schistosoma haematobium,-,-,possible,Desc: code 128606002,G,KIDNEYDISEASE,COV
All kidney disease,SNOMEDCT_US,723879002,Primary adenocarcinoma of overlapping sites of urinary organ,-,-,possible,Desc: code 128606002,G,KIDNEYDISEASE,COV
All kidney disease,SNOMEDCT_US,724467001,Primary squamous cell carcinoma of overlapping sites of urinary organs,-,-,possible,Desc: code 128606002,G,KIDNEYDISEASE,COV
All kidney disease,SNOMEDCT_US,724468006,Primary urothelial carcinoma of overlapping sites of urinary organs,-,-,possible,Desc: code 128606002,G,KIDNEYDISEASE,COV
All kidney disease,SNOMEDCT_US,726081005,Hereditary hypophosphatemic rickets with hypercalciuria,-,-,possible,Desc: code 128606002,G,KIDNEYDISEASE,COV
All kidney disease,SNOMEDCT_US,732927000,"Split hand, obstructive uropathy, spina bifida, diaphragmatic defect syndrome",-,-,possible,Desc: code 128606002,G,KIDNEYDISEASE,COV
All kidney disease,SNOMEDCT_US,733140002,Malfunction of afferent segment of continent urinary pouch,-,-,possible,Desc: code 128606002,G,KIDNEYDISEASE,COV
All kidney disease,SNOMEDCT_US,733141003,Malfunction of efferent segment of a continent urinary pouch,-,-,possible,Desc: code 128606002,G,KIDNEYDISEASE,COV
All kidney disease,SNOMEDCT_US,733386005,Injury of urinary organ,-,-,possible,Desc: code 128606002,G,KIDNEYDISEASE,COV
All kidney disease,SNOMEDCT_US,773280009,"Hydrocephalus, blue sclera, nephropathy syndrome",-,-,possible,Desc: code 128606002,G,KIDNEYDISEASE,COV
All kidney disease,SNOMEDCT_US,788962001,Infection of urinary tract caused by Herpes simplex,-,-,possible,Desc: code 128606002,G,KIDNEYDISEASE,COV
All kidney disease,SNOMEDCT_US,92463003,Benign neoplasm of urachus,-,-,possible,Desc: code 128606002,G,KIDNEYDISEASE,COV
All kidney disease,SNOMEDCT_US,92468007,Benign neoplasm of urinary system,-,-,possible,Desc: code 128606002,G,KIDNEYDISEASE,COV
All kidney disease,SNOMEDCT_US,92781004,Carcinoma in situ of urachus,-,-,possible,Desc: code 128606002,G,KIDNEYDISEASE,COV
All kidney disease,SNOMEDCT_US,92786009,Carcinoma in situ of urinary system,-,-,possible,Desc: code 128606002,G,KIDNEYDISEASE,COV
All kidney disease,SNOMEDCT_US,94120006,Primary malignant neoplasm of urachus,-,-,possible,Desc: code 128606002,G,KIDNEYDISEASE,COV
All kidney disease,SNOMEDCT_US,94125001,Primary malignant neoplasm of urinary system,-,-,possible,Desc: code 128606002,G,KIDNEYDISEASE,COV
All kidney disease,SNOMEDCT_US,94658009,Metastatic malignant neoplasm to urachus,-,-,possible,Desc: code 128606002,G,KIDNEYDISEASE,COV
All kidney disease,SNOMEDCT_US,94663008,Metastatic malignant neoplasm to urinary system,-,-,possible,Desc: code 128606002,G,KIDNEYDISEASE,COV
All kidney disease,SNOMEDCT_US,95160001,Neoplasm of uncertain behavior of urachus,-,-,possible,Desc: code 128606002,G,KIDNEYDISEASE,COV
All kidney disease,SNOMEDCT_US,95165006,Neoplasm of uncertain behavior of urinary system,-,-,possible,Desc: code 128606002,G,KIDNEYDISEASE,COV
All kidney disease,SNOMEDCT_US,95566004,Urolithiasis,-,-,possible,Desc: code 128606002,G,KIDNEYDISEASE,COV
All kidney disease,SNOMEDCT_US,96171000119103,Urinary tract infection following procedure,-,-,possible,Desc: code 128606002,G,KIDNEYDISEASE,COV
All kidney disease,SNOMEDCT_US,99631000119101,Febrile urinary tract infection,-,-,possible,Desc: code 128606002,G,KIDNEYDISEASE,COV
All kidney disease,SNOMEDCT_US,155903006,Kidney/urinary disease NOS,C0042075,Urologic Diseases,possible,,G,KIDNEYDISEASE,COV
All kidney disease,SNOMEDCT_US,197951006,"Disorder of urinary system, unspecified",C0042075,Urologic Diseases,possible,,G,KIDNEYDISEASE,COV
All kidney disease,SNOMEDCT_US,722118005,Congenital nephrotic syndrome due to congenital infection,C4302684,Congenital nephrotic syndrome due to congenital infection,narrow,,G,KIDNEYDISEASE,COV
All kidney disease,SNOMEDCT_US,722278006,Acute kidney injury due to sepsis,C4302681,Acute kidney injury due to sepsis,narrow,,G,KIDNEYDISEASE,COV
All kidney disease,SNOMEDCT_US,733089005,"Spastic paraplegia, nephritis, deafness syndrome",C2931667,Fitzsimmons Walson Mellor syndrome,possible,,G,KIDNEYDISEASE,COV
All kidney disease,SNOMEDCT_US,1187040004,Familial steroid-resistant nephrotic syndrome with adrenal insufficiency,C5568768,Familial steroid-resistant nephrotic syndrome with adrenal insufficiency,narrow,,G,KIDNEYDISEASE,COV
All kidney disease,SNOMEDCT_US,73305009,Fibrillary glomerulonephritis,C0268749,Fibrillary glomerulonephritis,narrow,,G,KIDNEYDISEASE,COV
All kidney disease,SNOMEDCT_US,13335004,Sclerosing glomerulonephritis,C0268748,Sclerosing glomerulonephritis,narrow,,G,KIDNEYDISEASE,COV
All kidney disease,SNOMEDCT_US,111406002,Diffuse mesangial sclerosis,C0268747,Diffuse mesangial sclerosis (disorder),narrow,,G,KIDNEYDISEASE,COV
All kidney disease,SNOMEDCT_US,127991000119101,Hypertension concurrent and due to end stage renal disease on dialysis due to type 2 diabetes mellitus,C3874826,Hypertension concurrent and due to end stage renal disease on dialysis due to type 2 diabetes mellitus,narrow,,G,KIDNEYDISEASE,COV
All kidney disease,SNOMEDCT_US,3704008,Diffuse endocapillary proliferative glomerulonephritis,C0268746,Diffuse endocapillary proliferative glomerulonephritis,narrow,,G,KIDNEYDISEASE,COV
All kidney disease,SNOMEDCT_US,64212008,Diffuse crescentic glomerulonephritis,C0268745,Diffuse crescentic glomerulonephritis,narrow,,G,KIDNEYDISEASE,COV
All kidney disease,SNOMEDCT_US,717789008,Dent disease type 1,C1848336,Dent disease 1,narrow,,G,KIDNEYDISEASE,COV
All kidney disease,SNOMEDCT_US,1080611000119100,Primary leiomyosarcoma of right kidney,C5546512,Primary leiomyosarcoma of right kidney,narrow,,G,KIDNEYDISEASE,COV
All kidney disease,SNOMEDCT_US,83866005,Focal AND segmental proliferative glomerulonephritis,C0268744,Focal AND segmental proliferative glomerulonephritis,narrow,,G,KIDNEYDISEASE,COV
All kidney disease,SNOMEDCT_US,722760002,Dense deposit disease,C0268743,"Membranoproliferative Glomerulonephritis, Type II",narrow,,G,KIDNEYDISEASE,COV
All kidney disease,SNOMEDCT_US,59479006,Dense deposit disease,C0268743,"Membranoproliferative Glomerulonephritis, Type II",narrow,,G,KIDNEYDISEASE,COV
All kidney disease,SNOMEDCT_US,75888001,"Mesangiocapillary glomerulonephritis, type I",C0268742,"Membranoproliferative Glomerulonephritis, Type I",narrow,,G,KIDNEYDISEASE,COV
All kidney disease,SNOMEDCT_US,290006,Melnick-Fraser syndrome,C0265234,Branchio-Oto-Renal Syndrome,possible,,G,KIDNEYDISEASE,COV
All kidney disease,SNOMEDCT_US,205806009,Branchio-otorenal dysplasia,C0265234,Branchio-Oto-Renal Syndrome,possible,,G,KIDNEYDISEASE,COV
All kidney disease,SNOMEDCT_US,55652009,"Idiopathic crescentic glomerulonephritis, type III",C0268740,"Idiopathic crescentic glomerulonephritis, type III",narrow,,G,KIDNEYDISEASE,COV
All kidney disease,SNOMEDCT_US,43064006,Hydronephrosis,C0020295,Hydronephrosis,narrow,,G,KIDNEYDISEASE,COV
All kidney disease,SNOMEDCT_US,197791000,Hydronephrosis NOS,C0020295,Hydronephrosis,narrow,,G,KIDNEYDISEASE,COV
All kidney disease,SNOMEDCT_US,155866001,Hydronephrosis,C0020295,Hydronephrosis,narrow,,G,KIDNEYDISEASE,COV
All kidney disease,SNOMEDCT_US,204983008,Ectopic kidney,C0221209,Pelvic kidney,possible,,G,KIDNEYDISEASE,COV
All kidney disease,SNOMEDCT_US,56108007,Pelvic kidney,C0221209,Pelvic kidney,narrow,,G,KIDNEYDISEASE,COV
All kidney disease,SNOMEDCT_US,736450002,Partial traumatic rupture of ureteropelvic junction,C4544357,Partial traumatic rupture of ureteropelvic junction,narrow,,G,KIDNEYDISEASE,COV
All kidney disease,SNOMEDCT_US,736451003,Partial rupture of ureteropelvic junction,C4544358,Partial rupture of ureteropelvic junction,narrow,,G,KIDNEYDISEASE,COV
All kidney disease,SNOMEDCT_US,127911000119105,Light chain nephropathy due to multiple myeloma,C4076673,Light chain nephropathy due to multiple myeloma,narrow,,G,KIDNEYDISEASE,COV
All kidney disease,SNOMEDCT_US,128759009,Malignant cystic nephroma,C1266139,Cystic Partially Differentiated Nephroblastoma,possible,,G,KIDNEYDISEASE,COV
All kidney disease,SNOMEDCT_US,1148852009,Malignant cystic nephroma,C1266139,Cystic Partially Differentiated Nephroblastoma,narrow,,G,KIDNEYDISEASE,COV
All kidney disease,SNOMEDCT_US,128758001,Cystic partially differentiated nephroblastoma,C1266139,Cystic Partially Differentiated Nephroblastoma,possible,,G,KIDNEYDISEASE,COV
All kidney disease,SNOMEDCT_US,1148935009,Cystic partially differentiated nephroblastoma of kidney,C1266139,Cystic Partially Differentiated Nephroblastoma,narrow,,G,KIDNEYDISEASE,COV
All kidney disease,SNOMEDCT_US,29914000,Dihydrolipoamide dehydrogenase deficiency,C5574660,Dihydrolipoamide dehydrogenase deficiency (disorder),narrow,,G,KIDNEYDISEASE,COV
All kidney disease,SNOMEDCT_US,277010001,Unexplained episode of renal transplant dysfunction,C0456360,Unexplained episode of renal transplant dysfunction,narrow,,G,KIDNEYDISEASE,COV
All kidney disease,SNOMEDCT_US,725905005,Infundibulopelvic stenosis multicystic kidney syndrome,C1832949,Infundibulopelvic dysgenesis,narrow,,G,KIDNEYDISEASE,COV
All kidney disease,SNOMEDCT_US,285639008,Metastasis to kidney of unknown primary,C0563514,Metastasis to kidney of unknown primary,narrow,,G,KIDNEYDISEASE,COV
All kidney disease,SNOMEDCT_US,189464009,Neoplasm of uncertain or unknown behavior of renal pelvis,C0348902,Neoplasm of uncertain or unknown behavior of renal pelvis,possible,,G,KIDNEYDISEASE,COV
All kidney disease,SNOMEDCT_US,95025009,Neoplasm of uncertain behavior of renal pelvis,C0348902,Neoplasm of uncertain or unknown behavior of renal pelvis,possible,,G,KIDNEYDISEASE,COV
All kidney disease,SNOMEDCT_US,105502003,Dependence on renal dialysis,C0524376,Dependence on renal dialysis,narrow,,G,KIDNEYDISEASE,COV
All kidney disease,SNOMEDCT_US,444558002,Infantile nephronophthisis,C1865872,NEPHRONOPHTHISIS 2,narrow,,G,KIDNEYDISEASE,COV
All kidney disease,SNOMEDCT_US,15958701000119105,Bilateral metastatic malignant melanoma to kidneys,C5547057,Bilateral metastatic malignant melanoma to kidneys,narrow,,G,KIDNEYDISEASE,COV
All kidney disease,SNOMEDCT_US,15958661000119103,Metastatic malignant melanoma to left kidney,C5547058,Metastatic malignant melanoma to left kidney,narrow,,G,KIDNEYDISEASE,COV
All kidney disease,SNOMEDCT_US,96731000119100,Hypertensive heart AND chronic kidney disease stage 3,C3532953,Hypertensive heart AND chronic kidney disease stage 3,narrow,,G,KIDNEYDISEASE,COV
All kidney disease,SNOMEDCT_US,96741000119109,Hypertensive heart AND chronic kidney disease stage 2,C3532954,Hypertensive heart AND chronic kidney disease stage 2,narrow,,G,KIDNEYDISEASE,COV
All kidney disease,SNOMEDCT_US,89599006,Deprivation of water,C0869332,Deprivation of water,exclude,,G,KIDNEYDISEASE,COV
All kidney disease,SNOMEDCT_US,212971003,Deprivation of water,C0869332,Deprivation of water,exclude,,G,KIDNEYDISEASE,COV
All kidney disease,SNOMEDCT_US,269427006,Deprivation of water,C0869332,Deprivation of water,exclude,,G,KIDNEYDISEASE,COV
All kidney disease,SNOMEDCT_US,157743009,Deprivation of water,C0869332,Deprivation of water,possible,,G,KIDNEYDISEASE,COV
All kidney disease,SNOMEDCT_US,773647007,"Nephrotic syndrome, deafness, pretibial epidermolysis bullosa syndrome",C4751113,"Nephrotic syndrome, deafness, pretibial epidermolysis bullosa syndrome",narrow,,G,KIDNEYDISEASE,COV
All kidney disease,SNOMEDCT_US,123752003,Immune-complex glomerulonephritis,C0744421,Immune-complex glomerulonephritis,narrow,,G,KIDNEYDISEASE,COV
All kidney disease,SNOMEDCT_US,90971000119103,Vasculitis with glomerulonephritis,C0744423,Vasculitis with glomerulonephritis,narrow,,G,KIDNEYDISEASE,COV
All kidney disease,SNOMEDCT_US,700379002,Chronic kidney disease stage 3B,C3839870,Chronic kidney disease stage 3B,narrow,,G,KIDNEYDISEASE,COV
All kidney disease,SNOMEDCT_US,15958741000119107,Metastatic malignant melanoma to right kidney,C5547062,Metastatic malignant melanoma to right kidney,narrow,,G,KIDNEYDISEASE,COV
All kidney disease,SNOMEDCT_US,190363009,Insulin-dependent diabetes mellitus with renal complications,C0348913,Insulin-dependent diabetes mellitus with renal complications,narrow,,G,KIDNEYDISEASE,COV
All kidney disease,SNOMEDCT_US,1296897006,Autosomal hereditary vasopressin resistance,C0677501,Congenital Nephrogenic Diabetes Insipidus,narrow,,G,KIDNEYDISEASE,COV
All kidney disease,SNOMEDCT_US,61165007,ADH-resistant diabetes insipidus,C0677501,Congenital Nephrogenic Diabetes Insipidus,narrow,,G,KIDNEYDISEASE,COV
All kidney disease,SNOMEDCT_US,190385003,Non-insulin-dependent diabetes mellitus with renal complications,C0348918,Non-insulin-dependent diabetes mellitus with renal complications,narrow,,G,KIDNEYDISEASE,COV
All kidney disease,SNOMEDCT_US,371020003,Renal hematuria,C1300115,Renal hematuria,narrow,,G,KIDNEYDISEASE,COV
All kidney disease,SNOMEDCT_US,129151000119102,Chronic kidney disease stage 4 due to hypertension,C3494588,Chronic kidney disease stage 4 due to hypertension,narrow,,G,KIDNEYDISEASE,COV
All kidney disease,SNOMEDCT_US,129161000119100,Chronic kidney disease stage 5 due to hypertension,C3494589,Chronic kidney disease stage 5 due to hypertension,narrow,,G,KIDNEYDISEASE,COV
All kidney disease,SNOMEDCT_US,431857002,Chronic kidney disease stage 4,C2317473,Chronic kidney disease stage 4,narrow,,G,KIDNEYDISEASE,COV
All kidney disease,SNOMEDCT_US,129171000119106,Chronic kidney disease stage 3 due to hypertension,C3494590,Chronic kidney disease stage 3 due to hypertension,narrow,,G,KIDNEYDISEASE,COV
All kidney disease,SNOMEDCT_US,129181000119109,Chronic kidney disease stage 2 due to hypertension,C3494591,Chronic kidney disease stage 2 due to hypertension,narrow,,G,KIDNEYDISEASE,COV
All kidney disease,SNOMEDCT_US,1003426008,Glomerular disease due to Fabry disease,C5438969,Glomerular disease due to Fabry disease,narrow,,G,KIDNEYDISEASE,COV
All kidney disease,SNOMEDCT_US,1144960002,Acute tubular necrosis due to ischaemia and caused by toxin,C5546159,Acute tubular necrosis due to mixed ischemic and toxic causes,narrow,,G,KIDNEYDISEASE,COV
All kidney disease,SNOMEDCT_US,58784006,Cholesterol embolisation syndrome,C0264980,Cholesterol embolus syndrome,exclude,,G,KIDNEYDISEASE,COV
All kidney disease,SNOMEDCT_US,236489002,Cholesterol embolus syndrome,C0264980,Cholesterol embolus syndrome,exclude,,G,KIDNEYDISEASE,COV
All kidney disease,SNOMEDCT_US,1204126008,Cholesterol atheromatous embolism of digital artery,-,-,exclude,Desc: code 236489002,G,KIDNEYDISEASE,COV
All kidney disease,SNOMEDCT_US,1204128009,Cholesterol atheroembolism of cerebrum,-,-,exclude,Desc: code 236489002,G,KIDNEYDISEASE,COV
All kidney disease,SNOMEDCT_US,425527003,Atheromatous embolus of lower limb,-,-,exclude,Desc: code 236489002,G,KIDNEYDISEASE,COV
All kidney disease,SNOMEDCT_US,427567003,Atheromatous embolus of upper limb,-,-,exclude,Desc: code 236489002,G,KIDNEYDISEASE,COV
All kidney disease,SNOMEDCT_US,197805009,Postoperative ureteric constriction,C0457205,Postoperative ureteric constriction,possible,,G,KIDNEYDISEASE,COV
All kidney disease,SNOMEDCT_US,1144975005,Glomerular disorder due to thrombotic thrombocytopenic purpura,C5546152,Glomerular disorder due to thrombotic thrombocytopenic purpura,narrow,,G,KIDNEYDISEASE,COV
All kidney disease,SNOMEDCT_US,1144972008,Acute tubulo-interstitial nephritis due to immunological disorder,C5546150,Acute tubulo-interstitial nephritis due to immunological disorder,narrow,,G,KIDNEYDISEASE,COV
All kidney disease,SNOMEDCT_US,236454004,Chronic lead nephropathy,C0238234,Chronic lead nephropathy,narrow,,G,KIDNEYDISEASE,COV
All kidney disease,SNOMEDCT_US,724469003,Congenital secondary hydronephrosis,C4510796,Congenital secondary hydronephrosis,narrow,,G,KIDNEYDISEASE,COV
All kidney disease,SNOMEDCT_US,1177195002,Postrenal uremia,C5567929,Postrenal uremia,narrow,,G,KIDNEYDISEASE,COV
All kidney disease,SNOMEDCT_US,274401005,Uric acid renal calculus,C0558595,Uric acid renal calculus,possible,,G,KIDNEYDISEASE,COV
All kidney disease,SNOMEDCT_US,145274002,Uric acid renal calculus,C0558595,Uric acid renal calculus,possible,,G,KIDNEYDISEASE,COV
All kidney disease,SNOMEDCT_US,270032007,Uric acid renal calculus,C0558595,Uric acid renal calculus,possible,,G,KIDNEYDISEASE,COV
All kidney disease,SNOMEDCT_US,236377000,Renal candidosis,C1269686,Renal candidiasis,narrow,,G,KIDNEYDISEASE,COV
All kidney disease,SNOMEDCT_US,370368007,Renal candidiasis,C1269686,Renal candidiasis,narrow,,G,KIDNEYDISEASE,COV
All kidney disease,SNOMEDCT_US,197816002,Ureteric fistula,C0156263,Ureteric fistula,exclude,,G,KIDNEYDISEASE,COV
All kidney disease,SNOMEDCT_US,443820000,Disorder of kidney and/or ureter,C1971734,Disorder of kidney and/or ureter,narrow,,G,KIDNEYDISEASE,COV
All kidney disease,SNOMEDCT_US,283905005,Avulsion of kidney,C0561761,Avulsion of kidney,possible,,G,KIDNEYDISEASE,COV
All kidney disease,SNOMEDCT_US,741000119101,Chronic kidney disease stage 2 due to type 2 diabetes mellitus,C3661935,Chronic kidney disease stage 2 due to type 2 diabetes mellitus,narrow,,G,KIDNEYDISEASE,COV
All kidney disease,SNOMEDCT_US,721173005,Hypotonia cystinuria syndrome,C1848030,Hypotonia-Cystinuria Syndrome,possible,,G,KIDNEYDISEASE,COV
All kidney disease,SNOMEDCT_US,731000119105,Chronic kidney disease stage 3 due to type 2 diabetes mellitus,C3661936,Chronic kidney disease stage 3 due to type 2 diabetes mellitus,narrow,,G,KIDNEYDISEASE,COV
All kidney disease,SNOMEDCT_US,751000119104,Chronic kidney disease stage 1 due to type 2 diabetes mellitus,C3661934,Chronic kidney disease stage 1 due to type 2 diabetes mellitus,narrow,,G,KIDNEYDISEASE,COV
All kidney disease,SNOMEDCT_US,711000119100,Chronic kidney disease stage 5 due to type 2 diabetes mellitus,C3661939,Chronic kidney disease stage 5 due to type 2 diabetes mellitus,narrow,,G,KIDNEYDISEASE,COV
All kidney disease,SNOMEDCT_US,721000119107,Chronic kidney disease stage 4 due to type 2 diabetes mellitus,C3661938,Chronic kidney disease stage 4 due to type 2 diabetes mellitus,narrow,,G,KIDNEYDISEASE,COV
All kidney disease,SNOMEDCT_US,236463002,Hyperkalemic renal tubular acidosis,C0376185,"Hypoaldosteronism, Hyporeninemic",narrow,,G,KIDNEYDISEASE,COV
All kidney disease,SNOMEDCT_US,236464008,Hyporeninemic hypoaldosteronism,C0376185,"Hypoaldosteronism, Hyporeninemic",narrow,,G,KIDNEYDISEASE,COV
All kidney disease,SNOMEDCT_US,88531004,Hypertrophy of kidney,C0156259,Hypertrophy of kidney,possible,,G,KIDNEYDISEASE,COV
All kidney disease,SNOMEDCT_US,197800004,Hypertrophy of kidney,C0156259,Hypertrophy of kidney,possible,,G,KIDNEYDISEASE,COV
All kidney disease,SNOMEDCT_US,704206001,Nephropathy induced by aminoglycoside,C3875535,Nephropathy induced by aminoglycoside,narrow,,G,KIDNEYDISEASE,COV
All kidney disease,SNOMEDCT_US,198530000,[X]Other disorders of kidney and ureter,C0156258,Other disorders of kidney and ureter (N25-N29),possible,,G,KIDNEYDISEASE,COV
All kidney disease,SNOMEDCT_US,197798006,Other kidney and ureter disorders,C0156258,Other disorders of kidney and ureter (N25-N29),possible,,G,KIDNEYDISEASE,COV
All kidney disease,SNOMEDCT_US,266561007,Other kidney and ureteric disorders NOS,C0156258,Other disorders of kidney and ureter (N25-N29),possible,,G,KIDNEYDISEASE,COV
All kidney disease,SNOMEDCT_US,197815003,Other kidney and ureter disorders,C0156258,Other disorders of kidney and ureter (N25-N29),possible,,G,KIDNEYDISEASE,COV
All kidney disease,SNOMEDCT_US,266557001,Other kidney and ureter disorders,C0156258,Other disorders of kidney and ureter (N25-N29),possible,,G,KIDNEYDISEASE,COV
All kidney disease,SNOMEDCT_US,10757481000119107,Pre-existing hypertensive heart and chronic kidney disease in mother complicating pregnancy,C3839469,Pre-existing hypertensive heart and chronic kidney disease in mother complicating pregnancy,narrow,,G,KIDNEYDISEASE,COV
All kidney disease,SNOMEDCT_US,197775003,Renal and perinephric abscess NOS,C0156253,Renal and perinephric abscess,narrow,,G,KIDNEYDISEASE,COV
All kidney disease,SNOMEDCT_US,197772000,Renal and perinephric abscess,C0156253,Renal and perinephric abscess,narrow,,G,KIDNEYDISEASE,COV
All kidney disease,SNOMEDCT_US,266621002,Renal/perinephric abscess,C0156253,Renal and perinephric abscess,narrow,,G,KIDNEYDISEASE,COV
All kidney disease,SNOMEDCT_US,155863009,Renal/perinephric abscess,C0156253,Renal and perinephric abscess,narrow,,G,KIDNEYDISEASE,COV
All kidney disease,SNOMEDCT_US,262612001,Foreign body in kidney,C0433674,Foreign body in kidney,possible,,G,KIDNEYDISEASE,COV
All kidney disease,SNOMEDCT_US,266556005,Calculus of kidney and ureter,C0156257,Calculus of kidney and ureter,possible,,G,KIDNEYDISEASE,COV
All kidney disease,SNOMEDCT_US,197796005,Calculus of kidney and ureter,C0156257,Calculus of kidney and ureter,possible,,G,KIDNEYDISEASE,COV
All kidney disease,SNOMEDCT_US,197792007,Calculus of kidney and ureter,C0156257,Calculus of kidney and ureter,possible,,G,KIDNEYDISEASE,COV
All kidney disease,SNOMEDCT_US,266622009,Calculus kidney/ureter,C0156257,Calculus of kidney and ureter,possible,,G,KIDNEYDISEASE,COV
All kidney disease,SNOMEDCT_US,266555009,Pyeloureteritis cystica,C0156254,Pyeloureteritis cystica,possible,,G,KIDNEYDISEASE,COV
All kidney disease,SNOMEDCT_US,155864003,Pyeloureteritis cystica,C0156254,Pyeloureteritis cystica,possible,,G,KIDNEYDISEASE,COV
All kidney disease,SNOMEDCT_US,441872001,Renal scarring,C1700247,Renal scarring,narrow,,G,KIDNEYDISEASE,COV
All kidney disease,SNOMEDCT_US,111398009,Lignac-Fanconi syndrome,C3495427,Fanconi-Bickel Syndrome,possible,,G,KIDNEYDISEASE,COV
All kidney disease,SNOMEDCT_US,61598006,Glycogenosis with glucoaminophosphaturia,C3495427,Fanconi-Bickel Syndrome,possible,,G,KIDNEYDISEASE,COV
All kidney disease,SNOMEDCT_US,367374009,Lignac-Fanconi syndrome,C3495427,Fanconi-Bickel Syndrome,possible,,G,KIDNEYDISEASE,COV
All kidney disease,SNOMEDCT_US,190681003,Lignac-Fanconi syndrome,C3495427,Fanconi-Bickel Syndrome,possible,,G,KIDNEYDISEASE,COV
All kidney disease,SNOMEDCT_US,22830006,Juvenile nephropathic cystinosis,-,-,possible,Desc: code 190681003,G,KIDNEYDISEASE,COV
All kidney disease,SNOMEDCT_US,25010000,Benign adult cystinosis,-,-,possible,Desc: code 190681003,G,KIDNEYDISEASE,COV
All kidney disease,SNOMEDCT_US,726018006,Autosomal dominant tubulointerstitial kidney disease,C4511620,Autosomal dominant tubulointerstitial kidney disease,narrow,,G,KIDNEYDISEASE,COV
All kidney disease,SNOMEDCT_US,51292008,Hepatorenal syndrome,C0019212,Hepatorenal Syndrome,narrow,,G,KIDNEYDISEASE,COV
All kidney disease,SNOMEDCT_US,39419009,Hypovolemic shock,C0020683,Hypovolemic Shock,exclude,,G,KIDNEYDISEASE,COV
All kidney disease,SNOMEDCT_US,158358001,[D]Hypovolaemic shock,C0020683,Hypovolemic Shock,possible,,G,KIDNEYDISEASE,COV
All kidney disease,SNOMEDCT_US,207030009,[D]Hypovolaemic shock,C0020683,Hypovolemic Shock,exclude,,G,KIDNEYDISEASE,COV
All kidney disease,SNOMEDCT_US,59455009,Metabolic acidosis,C0220981,Metabolic acidosis,exclude,,G,KIDNEYDISEASE,COV
All kidney disease,SNOMEDCT_US,1237349008,"Hydrops, lactic acidosis, sideroblastic anemia, multisystemic failure syndrome",-,-,exclude,Desc: code 59455009,G,KIDNEYDISEASE,COV
All kidney disease,SNOMEDCT_US,138621000119108,Ketoacidosis due to secondary diabetes mellitus,-,-,exclude,Desc: code 59455009,G,KIDNEYDISEASE,COV
All kidney disease,SNOMEDCT_US,46683007,Pyruvate dehydrogenase complex deficiency,-,-,exclude,Desc: code 59455009,G,KIDNEYDISEASE,COV
All kidney disease,SNOMEDCT_US,505156821000119104,Chronic metabolic acidosis with increased anion gap,-,-,exclude,Desc: code 59455009,G,KIDNEYDISEASE,COV
All kidney disease,SNOMEDCT_US,687808741000119101,Chronic metabolic acidosis,-,-,exclude,Desc: code 59455009,G,KIDNEYDISEASE,COV
All kidney disease,SNOMEDCT_US,91273001,Lactic acidosis,-,-,exclude,Desc: code 59455009,G,KIDNEYDISEASE,COV
All kidney disease,SNOMEDCT_US,1144979004,Glomerular disorder due to hemolytic uremic syndrome,C5546126,Glomerular disorder due to hemolytic uremic syndrome,narrow,,G,KIDNEYDISEASE,COV
All kidney disease,SNOMEDCT_US,56051008,Ketoacidosis,C0220982,Ketoacidosis,exclude,,G,KIDNEYDISEASE,COV
All kidney disease,SNOMEDCT_US,720414005,Acrorenal mandibular syndrome,C1860166,Acrorenal mandibular syndrome,possible,,G,KIDNEYDISEASE,COV
All kidney disease,SNOMEDCT_US,430682005,Family history of renal failure syndrome,C2316580,Family history of renal failure syndrome,possible,,G,KIDNEYDISEASE,COV
All kidney disease,SNOMEDCT_US,1187124004,Apolipoprotein A-IV amyloidosis,C5568805,Apolipoprotein A-IV amyloidosis,possible,,G,KIDNEYDISEASE,COV
All kidney disease,SNOMEDCT_US,423062001,Stenosis of arteriovenous dialysis fistula,C1827132,Stenosis of arteriovenous dialysis fistula,narrow,,G,KIDNEYDISEASE,COV
All kidney disease,SNOMEDCT_US,145681000119101,Acute renal failure due to tubular necrosis,C2062396,Acute renal failure due to tubular necrosis,narrow,,G,KIDNEYDISEASE,COV
All kidney disease,SNOMEDCT_US,90721000119101,Chronic kidney disease stage 1 due to type 1 diabetes mellitus,C3875519,Chronic kidney disease stage 1 due to type 1 diabetes mellitus,narrow,,G,KIDNEYDISEASE,COV
All kidney disease,SNOMEDCT_US,709978007,Contracted kidney,C3495403,Contracted kidney,narrow,,G,KIDNEYDISEASE,COV
All kidney disease,SNOMEDCT_US,236385009,Drash syndrome,C0950121,Denys-Drash Syndrome,possible,,G,KIDNEYDISEASE,COV
All kidney disease,SNOMEDCT_US,117681000119102,Chronic kidney disease stage 1 due to hypertension,C3494551,Chronic kidney disease stage 1 due to hypertension,narrow,,G,KIDNEYDISEASE,COV
All kidney disease,SNOMEDCT_US,213047004,Mechanical complication of dialysis catheter,C0274335,Mechanical complication of vascular dialysis catheter,narrow,,G,KIDNEYDISEASE,COV
All kidney disease,SNOMEDCT_US,17778006,Mechanical complication of dialysis catheter,C0274335,Mechanical complication of vascular dialysis catheter,narrow,,G,KIDNEYDISEASE,COV
All kidney disease,SNOMEDCT_US,189143001,Renal benign neoplasms,C0496892,Benign neoplasm of kidney,possible,,G,KIDNEYDISEASE,COV
All kidney disease,SNOMEDCT_US,92165001,Benign neoplasm of kidney,C0496892,Benign neoplasm of kidney,possible,,G,KIDNEYDISEASE,COV
All kidney disease,SNOMEDCT_US,154620001,Benign neoplasm of kidney,C0496892,Benign neoplasm of kidney,possible,,G,KIDNEYDISEASE,COV
All kidney disease,SNOMEDCT_US,269642004,Benign neoplasm of kidney,C0496892,Benign neoplasm of kidney,possible,,G,KIDNEYDISEASE,COV
All kidney disease,SNOMEDCT_US,236417008,Membranous glomerulonephritis stage V,C0403439,Membranous glomerulonephritis stage V,narrow,,G,KIDNEYDISEASE,COV
All kidney disease,SNOMEDCT_US,197582001,Acute glomerulonephritis associated with another disorder,C0156225,Acute glomerulonephritis associated with another disorder,narrow,,G,KIDNEYDISEASE,COV
All kidney disease,SNOMEDCT_US,182753006,Intestinal dialysis,C0398312,Intestinal dialysis,exclude,,G,KIDNEYDISEASE,COV
All kidney disease,SNOMEDCT_US,151056003,Intestinal dialysis,C0398312,Intestinal dialysis,exclude,,G,KIDNEYDISEASE,COV
All kidney disease,SNOMEDCT_US,197626007,Focal membranoproliferative glomerulonephritis,C0403430,Focal membranoproliferative glomerulonephritis,narrow,,G,KIDNEYDISEASE,COV
All kidney disease,SNOMEDCT_US,737562008,Multicystic renal dysplasia,C3714581,Multicystic Dysplastic Kidney,narrow,,G,KIDNEYDISEASE,COV
All kidney disease,SNOMEDCT_US,204962002,MCKD - Multicystic kidney disease,C3714581,Multicystic Dysplastic Kidney,narrow,,G,KIDNEYDISEASE,COV
All kidney disease,SNOMEDCT_US,19351000,Acute glomerulonephritis,C0156221,Acute glomerulonephritis,narrow,,G,KIDNEYDISEASE,COV
All kidney disease,SNOMEDCT_US,197588002,Acute glomerulonephritis NOS,C0156221,Acute glomerulonephritis,narrow,,G,KIDNEYDISEASE,COV
All kidney disease,SNOMEDCT_US,86249007,Obstructive nephropathy,C0149939,Obstructive nephropathy,narrow,,G,KIDNEYDISEASE,COV
All kidney disease,SNOMEDCT_US,236411009,IgM nephropathy,C0403433,IgM nephropathy,narrow,,G,KIDNEYDISEASE,COV
All kidney disease,SNOMEDCT_US,236412002,C1q nephropathy,C0403434,C1q nephropathy,narrow,,G,KIDNEYDISEASE,COV
All kidney disease,SNOMEDCT_US,721862000,Joubert syndrome with oculorenal defect,C1855675,Arima syndrome,possible,,G,KIDNEYDISEASE,COV
All kidney disease,SNOMEDCT_US,236409000,Mesangiocapillary glomerulonephritis type III,C0403431,Mesangiocapillary glomerulonephritis type III,narrow,,G,KIDNEYDISEASE,COV
All kidney disease,SNOMEDCT_US,197750002,Analgesic nephropathy,C0149938,Analgesic nephropathy,narrow,,G,KIDNEYDISEASE,COV
All kidney disease,SNOMEDCT_US,155854007,Analgesic nephropathy,C0149938,Analgesic nephropathy,narrow,,G,KIDNEYDISEASE,COV
All kidney disease,SNOMEDCT_US,59400006,Analgesic nephropathy,C0149938,Analgesic nephropathy,narrow,,G,KIDNEYDISEASE,COV
All kidney disease,SNOMEDCT_US,236410005,Mesangiocapillary glomerulonephritis type IV,C0403432,Mesangiocapillary glomerulonephritis type IV,narrow,,G,KIDNEYDISEASE,COV
All kidney disease,SNOMEDCT_US,236415000,Membranous glomerulonephritis - stage III,C0403437,Membranous glomerulonephritis - stage III,narrow,,G,KIDNEYDISEASE,COV
All kidney disease,SNOMEDCT_US,236416004,Membranous glomerulonephritis - stage IV,C0403438,Membranous glomerulonephritis - stage IV,narrow,,G,KIDNEYDISEASE,COV
All kidney disease,SNOMEDCT_US,236413007,Membranous glomerulonephritis - stage I,C0403435,Membranous glomerulonephritis - stage I,narrow,,G,KIDNEYDISEASE,COV
All kidney disease,SNOMEDCT_US,236414001,Membranous glomerulonephritis - stage II,C0403436,Membranous glomerulonephritis - stage II,narrow,,G,KIDNEYDISEASE,COV
All kidney disease,SNOMEDCT_US,370493008,Renal medullary washout,C1299901,Renal medullary washout,narrow,,G,KIDNEYDISEASE,COV
All kidney disease,SNOMEDCT_US,370494002,Protein-losing nephropathy,C1299902,Protein-losing nephropathy,narrow,,G,KIDNEYDISEASE,COV
All kidney disease,SNOMEDCT_US,426136000,Delayed renal graft function,C0877382,Delayed renal graft function,narrow,,G,KIDNEYDISEASE,COV
All kidney disease,SNOMEDCT_US,59596005,Hemodialysis education at home,C0200024,Hemodialysis education at home,narrow,,G,KIDNEYDISEASE,COV
All kidney disease,SNOMEDCT_US,67970008,"Hemodialysis, maintenance at home",C0200020,"Hemodialysis, maintenance at home",narrow,,G,KIDNEYDISEASE,COV
All kidney disease,SNOMEDCT_US,8764008,Chronic respiratory acidosis,C0268048,Chronic respiratory acidosis,narrow,,G,KIDNEYDISEASE,COV
All kidney disease,SNOMEDCT_US,70644008,Acute respiratory acidosis,C0268047,Acute respiratory acidosis,possible,,G,KIDNEYDISEASE,COV
All kidney disease,SNOMEDCT_US,58808003,Compensated respiratory acidosis,C0268046,Compensated respiratory acidosis,narrow,,G,KIDNEYDISEASE,COV
All kidney disease,SNOMEDCT_US,59686008,Metabolic acidosis caused by ethylene glycol,C0268045,Metabolic acidosis caused by ethylene glycol,exclude,,G,KIDNEYDISEASE,COV
All kidney disease,SNOMEDCT_US,25966003,Metabolic acidosis caused by methanol,C0268044,Metabolic acidosis caused by methanol,exclude,,G,KIDNEYDISEASE,COV
All kidney disease,SNOMEDCT_US,444830001,Juvenile nephronophthisis,C1855681,"Nephronophthisis, familial juvenile",narrow,,G,KIDNEYDISEASE,COV
All kidney disease,SNOMEDCT_US,4690009,Metabolic acidosis caused by paraldehyde,C0268043,Metabolic acidosis caused by paraldehyde,exclude,,G,KIDNEYDISEASE,COV
All kidney disease,SNOMEDCT_US,35528000,Metabolic acidosis caused by salicylate,C0268042,Metabolic acidosis caused by salicylate,exclude,,G,KIDNEYDISEASE,COV
All kidney disease,SNOMEDCT_US,43253002,Metabolic acidosis caused by ingestion of drugs AND/OR chemicals,C0268041,Metabolic acidosis due to ingestion of drugs or chemicals,exclude,,G,KIDNEYDISEASE,COV
All kidney disease,SNOMEDCT_US,236422008,Fechtner syndrome,C0403445,Fechtner syndrome (disorder),possible,,G,KIDNEYDISEASE,COV
All kidney disease,SNOMEDCT_US,55178001,Starvation ketoacidosis,C0268040,Starvation ketoacidosis,exclude,,G,KIDNEYDISEASE,COV
All kidney disease,SNOMEDCT_US,236419006,Progressive hereditary glomerulonephritis without deafness,C0403443,"Renal Failure, Progressive, with Hypertension",narrow,,G,KIDNEYDISEASE,COV
All kidney disease,SNOMEDCT_US,269301005,Kidney failure as a complication of care,C0403448,Renal failure as a complication of care,narrow,,G,KIDNEYDISEASE,COV
All kidney disease,SNOMEDCT_US,213240007,Kidney failure as a complication of care,C0403448,Renal failure as a complication of care,narrow,,G,KIDNEYDISEASE,COV
All kidney disease,SNOMEDCT_US,59530001,Syphilis of kidney,C0153180,Syphilis of kidney,narrow,,G,KIDNEYDISEASE,COV
All kidney disease,SNOMEDCT_US,723190009,Chronic renal insufficiency,C0403447,Chronic Kidney Insufficiency,narrow,,G,KIDNEYDISEASE,COV
All kidney disease,SNOMEDCT_US,11801251000119105,Contusion of left kidney,C4749681,Contusion of left kidney,narrow,,G,KIDNEYDISEASE,COV
All kidney disease,SNOMEDCT_US,11801171000119107,Contusion of right kidney,C4749682,Contusion of right kidney,narrow,,G,KIDNEYDISEASE,COV
All kidney disease,SNOMEDCT_US,444645005,Dent's disease,C0878681,Dent's disease,narrow,,G,KIDNEYDISEASE,COV
All kidney disease,SNOMEDCT_US,236448000,Small kidney,C0156247,Small kidney,possible,,G,KIDNEYDISEASE,COV
All kidney disease,SNOMEDCT_US,765156001,Small left kidney,-,-,possible,Desc: code 236448000,G,KIDNEYDISEASE,COV
All kidney disease,SNOMEDCT_US,765157005,Small right kidney,-,-,possible,Desc: code 236448000,G,KIDNEYDISEASE,COV
All kidney disease,SNOMEDCT_US,197678005,Small kidneys unspecified,C0156247,Small kidney,possible,,G,KIDNEYDISEASE,COV
All kidney disease,SNOMEDCT_US,197675008,Small kidney of unknown cause,C0156247,Small kidney,possible,,G,KIDNEYDISEASE,COV
All kidney disease,SNOMEDCT_US,359563005,Small kidney of unknown cause,C0156247,Small kidney,possible,,G,KIDNEYDISEASE,COV
All kidney disease,SNOMEDCT_US,421893009,Renal disorder due to type 1 diabetes mellitus,C1719759,Renal disorder due to type 1 diabetes mellitus,narrow,,G,KIDNEYDISEASE,COV
All kidney disease,SNOMEDCT_US,266626007,Stricture of ureter,C3887590,Stricture of ureter,exclude,,G,KIDNEYDISEASE,COV
All kidney disease,SNOMEDCT_US,155873006,Stricture of ureter,C3887590,Stricture of ureter,exclude,,G,KIDNEYDISEASE,COV
All kidney disease,SNOMEDCT_US,197804008,Stricture of ureter,C3887590,Stricture of ureter,exclude,,G,KIDNEYDISEASE,COV
All kidney disease,SNOMEDCT_US,197806005,Stricture of ureter NOS,C3887590,Stricture of ureter,exclude,,G,KIDNEYDISEASE,COV
All kidney disease,SNOMEDCT_US,25341005,Stricture of ureter,C3887590,Stricture of ureter,exclude,,G,KIDNEYDISEASE,COV
All kidney disease,SNOMEDCT_US,55571001,Ketoacidosis due to acute alcohol intoxication,C0268039,Ketoacidosis due to acute alcohol intoxication,exclude,,G,KIDNEYDISEASE,COV
All kidney disease,SNOMEDCT_US,51294009,"Metabolic acidosis, IAG, accumulation of organic acids",C0268038,"Metabolic acidosis, IAG, accumulation of organic acids",exclude,,G,KIDNEYDISEASE,COV
All kidney disease,SNOMEDCT_US,53254000,"Metabolic acidosis, IAG, reduced excretion of inorganic acids",C0268037,"Metabolic acidosis, IAG, reduced excretion of inorganic acids",exclude,,G,KIDNEYDISEASE,COV
All kidney disease,SNOMEDCT_US,112421000119102,Dehydration caused by radiation,C3875560,Dehydration caused by radiation,exclude,,G,KIDNEYDISEASE,COV
All kidney disease,SNOMEDCT_US,25998009,"Metabolic acidosis, increased anion gap (IAG)",C0268036,"Metabolic acidosis, increased anion gap (IAG)",exclude,,G,KIDNEYDISEASE,COV
All kidney disease,SNOMEDCT_US,52777008,Bilateral small kidney,C0156246,Bilateral small kidney,possible,,G,KIDNEYDISEASE,COV
All kidney disease,SNOMEDCT_US,58067006,"Metabolic acidosis, NAG, failure of bicarbonate regeneration",C0268035,"Metabolic acidosis, NAG, failure of bicarbonate regeneration",exclude,,G,KIDNEYDISEASE,COV
All kidney disease,SNOMEDCT_US,236427002,Post-traumatic acute tubular necrosis,C0403451,Post-traumatic acute tubular necrosis,narrow,,G,KIDNEYDISEASE,COV
All kidney disease,SNOMEDCT_US,8925001,Isolated non-nephrotic proteinuria,C1260895,Isolated non-nephrotic proteinuria,possible,,G,KIDNEYDISEASE,COV
All kidney disease,SNOMEDCT_US,230970001,Isolated non-nephrotic proteinuria,C1260895,Isolated non-nephrotic proteinuria,possible,,G,KIDNEYDISEASE,COV
All kidney disease,SNOMEDCT_US,7185004,Unilateral small kidney,C0156245,Unilateral small kidney,possible,,G,KIDNEYDISEASE,COV
All kidney disease,SNOMEDCT_US,3591006,"Metabolic acidosis, NAG, bicarbonate losses",C0268034,"Metabolic acidosis, NAG, bicarbonate losses",exclude,,G,KIDNEYDISEASE,COV
All kidney disease,SNOMEDCT_US,111377009,"Metabolic acidosis, normal anion gap (NAG)",C0268033,"Metabolic acidosis, normal anion gap (NAG)",exclude,,G,KIDNEYDISEASE,COV
All kidney disease,SNOMEDCT_US,240317003,Kidney injury due to birth trauma,C0411077,Kidney injury due to birth trauma,narrow,,G,KIDNEYDISEASE,COV
All kidney disease,SNOMEDCT_US,206255002,Kidney injury due to birth trauma,C0411077,Kidney injury due to birth trauma,narrow,,G,KIDNEYDISEASE,COV
All kidney disease,SNOMEDCT_US,46166004,Compensated metabolic acidosis,C0268032,Compensated metabolic acidosis,possible,,G,KIDNEYDISEASE,COV
All kidney disease,SNOMEDCT_US,59702004,Compensated acidosis,C0268031,Compensated acidosis,exclude,,G,KIDNEYDISEASE,COV
All kidney disease,SNOMEDCT_US,236429004,Acute drug-induced renal failure,C0403455,Acute drug-induced renal failure,narrow,,G,KIDNEYDISEASE,COV
All kidney disease,SNOMEDCT_US,236430009,Pigment nephropathy,C0403456,Pigment nephropathy,narrow,,G,KIDNEYDISEASE,COV
All kidney disease,SNOMEDCT_US,236428007,Nephrotoxic acute renal failure,C0403454,Nephrotoxic acute renal failure,narrow,,G,KIDNEYDISEASE,COV
All kidney disease,SNOMEDCT_US,430035004,Dilatation of fetal renal pelvis,C2317073,Fetal Pyelectasis,narrow,,G,KIDNEYDISEASE,COV
All kidney disease,SNOMEDCT_US,236431008,Traumatic anuria - crush syndrome,C0403459,Traumatic anuria - crush syndrome,possible,,G,KIDNEYDISEASE,COV
All kidney disease,SNOMEDCT_US,212376001,Traumatic anuria - crush syndrome,C0403459,Traumatic anuria - crush syndrome,possible,,G,KIDNEYDISEASE,COV
All kidney disease,SNOMEDCT_US,269257004,Acute renal failure due to crush syndrome,C0403458,Acute renal failure due to crush syndrome,narrow,,G,KIDNEYDISEASE,COV
All kidney disease,SNOMEDCT_US,421847006,Ketoacidotic coma due to type 2 diabetes mellitus,C1720734,Ketoacidotic coma due to type 2 diabetes mellitus,exclude,,G,KIDNEYDISEASE,COV
All kidney disease,SNOMEDCT_US,21764004,Renal carnitine transport defect,C0342788,Renal carnitine transport defect,narrow,,G,KIDNEYDISEASE,COV
All kidney disease,SNOMEDCT_US,197609001,Nephrotic syndrome in diseases EC NOS,C0156230,Nephrotic syndrome in diseases classified elsewhere,narrow,,G,KIDNEYDISEASE,COV
All kidney disease,SNOMEDCT_US,54781007,"Hyperkalemia, diminished renal excretion",C0268024,"Hyperkalemia, diminished renal excretion",narrow,,G,KIDNEYDISEASE,COV
All kidney disease,SNOMEDCT_US,236433006,Acute-on-chronic renal failure,C0403462,Acute-on-chronic renal failure,narrow,,G,KIDNEYDISEASE,COV
All kidney disease,SNOMEDCT_US,236434000,End stage renal failure untreated by renal replacement therapy,C0403463,End stage renal failure untreated by renal replacement therapy,narrow,,G,KIDNEYDISEASE,COV
All kidney disease,SNOMEDCT_US,213231008,Hepatorenal syndrome as a complication of care,C0403460,Hepatorenal syndrome as a complication of care,possible,,G,KIDNEYDISEASE,COV
All kidney disease,SNOMEDCT_US,154542008,Malignant tumor of kidney,C0740457,Malignant neoplasm of kidney,narrow,,G,KIDNEYDISEASE,COV
All kidney disease,SNOMEDCT_US,363518003,Malignant neoplasm of kidney,C0740457,Malignant neoplasm of kidney,narrow,,G,KIDNEYDISEASE,COV
All kidney disease,SNOMEDCT_US,188249002,Renal malignant neoplasm,C0740457,Malignant neoplasm of kidney,narrow,,G,KIDNEYDISEASE,COV
All kidney disease,SNOMEDCT_US,708975004,Mixed renal osteodystrophy,C4040672,Mixed renal osteodystrophy,narrow,,G,KIDNEYDISEASE,COV
All kidney disease,SNOMEDCT_US,236435004,End stage renal failure on dialysis,C0403464,End stage renal failure on dialysis,narrow,,G,KIDNEYDISEASE,COV
All kidney disease,SNOMEDCT_US,236436003,End stage renal failure with renal transplant,C0403465,End stage renal failure with renal transplant,narrow,,G,KIDNEYDISEASE,COV
All kidney disease,SNOMEDCT_US,270494003,Acute papillary necrosis,C0403468,Acute papillary necrosis,narrow,,G,KIDNEYDISEASE,COV
All kidney disease,SNOMEDCT_US,197708002,"Chronic nephritic syndrome, minor glomerular abnormality",C0555998,"Chronic nephritic syndrome, minor glomerular abnormality",narrow,,G,KIDNEYDISEASE,COV
All kidney disease,SNOMEDCT_US,86960007,Epidermal growth factor receptor,C0034802,Epidermal Growth Factor Receptor,possible,,G,KIDNEYDISEASE,COV
All kidney disease,SNOMEDCT_US,236438002,Calcific papillary necrosis,C0403469,Calcific papillary necrosis,narrow,,G,KIDNEYDISEASE,COV
All kidney disease,SNOMEDCT_US,439990003,Drug-induced tubulointerstitial nephritis,C2584556,Drug-induced tubulointerstitial nephritis,narrow,,G,KIDNEYDISEASE,COV
All kidney disease,SNOMEDCT_US,444794000,Acute renal cortical necrosis,C1404773,Acute renal cortical necrosis,narrow,,G,KIDNEYDISEASE,COV
All kidney disease,SNOMEDCT_US,446477000,Tenckhoff catheter,C0179783,Peritoneal dialysis catheter,narrow,,G,KIDNEYDISEASE,COV
All kidney disease,SNOMEDCT_US,360132007,Peritoneal dialysis catheter,C0179783,Peritoneal dialysis catheter,narrow,,G,KIDNEYDISEASE,COV
All kidney disease,SNOMEDCT_US,15781000119107,Hypertensive heart AND chronic kidney disease with congestive heart failure,C3665458,Hypertensive heart AND chronic kidney disease with congestive heart failure,narrow,,G,KIDNEYDISEASE,COV
All kidney disease,SNOMEDCT_US,16507009,Ectopic kidney,C0238207,Ectopic kidney,possible,,G,KIDNEYDISEASE,COV
All kidney disease,SNOMEDCT_US,70092007,Contusion of kidney,C0238206,Contusion of kidney,narrow,,G,KIDNEYDISEASE,COV
All kidney disease,SNOMEDCT_US,765330003,Autosomal dominant polycystic kidney disease,C0085413,"Polycystic Kidney, Autosomal Dominant",narrow,,G,KIDNEYDISEASE,COV
All kidney disease,SNOMEDCT_US,28728008,ADPKD - Autosomal dominant polycystic kidney disease,C0085413,"Polycystic Kidney, Autosomal Dominant",narrow,,G,KIDNEYDISEASE,COV
All kidney disease,SNOMEDCT_US,123754002,Focal pyelonephritis,C0560041,Focal pyelonephritis,narrow,,G,KIDNEYDISEASE,COV
All kidney disease,SNOMEDCT_US,49008000,Malrotation of kidney,C0238210,Malrotation of kidney,possible,,G,KIDNEYDISEASE,COV
All kidney disease,SNOMEDCT_US,262894003,Rupture of renal pelvis,C0434121,Rupture of renal pelvis,narrow,,G,KIDNEYDISEASE,COV
All kidney disease,SNOMEDCT_US,262900003,Disruption of pelviureteric junction,C0434124,Disruption of pelviureteric junction,narrow,,G,KIDNEYDISEASE,COV
All kidney disease,SNOMEDCT_US,70948008,Structure of transplanted kidney,C1261317,Transplanted kidney,possible,,G,KIDNEYDISEASE,COV
All kidney disease,SNOMEDCT_US,1290257008,Structure of transplanted kidney in left iliac fossa region of abdomen,-,-,possible,Desc: code 70948008,G,KIDNEYDISEASE,COV
All kidney disease,SNOMEDCT_US,1290258003,Structure of transplanted kidney in right iliac fossa region of abdomen,-,-,possible,Desc: code 70948008,G,KIDNEYDISEASE,COV
All kidney disease,SNOMEDCT_US,1332103004,Structure of left transplanted kidney,-,-,possible,Desc: code 70948008,G,KIDNEYDISEASE,COV
All kidney disease,SNOMEDCT_US,1332104005,Structure of right transplanted kidney,-,-,possible,Desc: code 70948008,G,KIDNEYDISEASE,COV
All kidney disease,SNOMEDCT_US,1332228004,Entire right transplanted kidney,-,-,possible,Desc: code 70948008,G,KIDNEYDISEASE,COV
All kidney disease,SNOMEDCT_US,1332229007,Entire left transplanted kidney,-,-,possible,Desc: code 70948008,G,KIDNEYDISEASE,COV
All kidney disease,SNOMEDCT_US,281112005,Entire transplanted kidney,-,-,possible,Desc: code 70948008,G,KIDNEYDISEASE,COV
All kidney disease,SNOMEDCT_US,236384008,Congenital nephrotic syndrome with focal glomerulosclerosis,C0403401,Congenital nephrotic syndrome with focal glomerulosclerosis,narrow,,G,KIDNEYDISEASE,COV
All kidney disease,SNOMEDCT_US,180267005,Renal dialysis,C4551529,Renal Dialysis,narrow,,G,KIDNEYDISEASE,COV
All kidney disease,SNOMEDCT_US,265764009,Renal dialysis,C4551529,Renal Dialysis,narrow,,G,KIDNEYDISEASE,COV
All kidney disease,SNOMEDCT_US,236570004,Renal transplant rejection,C0238217,Renal transplant rejection,narrow,,G,KIDNEYDISEASE,COV
All kidney disease,SNOMEDCT_US,197618004,Chronic focal glomerulonephritis,C0403419,Chronic focal glomerulonephritis,narrow,,G,KIDNEYDISEASE,COV
All kidney disease,SNOMEDCT_US,197619007,Chronic diffuse glomerulonephritis,C0403418,Chronic diffuse glomerulonephritis,narrow,,G,KIDNEYDISEASE,COV
All kidney disease,SNOMEDCT_US,1148846008,Mixed epithelial and stromal benign neoplasm of kidney,C5547028,Mixed epithelial and stromal benign neoplasm of kidney,possible,,G,KIDNEYDISEASE,COV
All kidney disease,SNOMEDCT_US,733603009,Tubulocystic renal cell carcinoma,C4288091,Tubulocystic renal cell carcinoma,narrow,,G,KIDNEYDISEASE,COV
All kidney disease,SNOMEDCT_US,733602004,Tubulocystic renal cell carcinoma,C4288091,Tubulocystic renal cell carcinoma,narrow,,G,KIDNEYDISEASE,COV
All kidney disease,SNOMEDCT_US,236393009,Endocapillary glomerulonephritis,C0403411,Endocapillary glomerulonephritis,narrow,,G,KIDNEYDISEASE,COV
All kidney disease,SNOMEDCT_US,175948009,Exploration of renal transplant,C0401231,Exploration of renal transplant,possible,,G,KIDNEYDISEASE,COV
All kidney disease,SNOMEDCT_US,236394003,Idiopathic endocapillary glomerulonephritis,C0403412,Idiopathic endocapillary glomerulonephritis,narrow,,G,KIDNEYDISEASE,COV
All kidney disease,SNOMEDCT_US,236397005,Post-infectious glomerulonephritis - Garland variety,C0403415,Post-infectious glomerulonephritis - Garland variety,narrow,,G,KIDNEYDISEASE,COV
All kidney disease,SNOMEDCT_US,63510008,Nodular type diabetic glomerulosclerosis,C0271699,Nodular type diabetic glomerulosclerosis,narrow,,G,KIDNEYDISEASE,COV
All kidney disease,SNOMEDCT_US,236398000,Idiopathic crescentic glomerulonephritis,C0403416,Idiopathic crescentic glomerulonephritis,narrow,,G,KIDNEYDISEASE,COV
All kidney disease,SNOMEDCT_US,236395002,Post-infectious glomerulonephritis,C0403413,Post-infectious glomerulonephritis,narrow,,G,KIDNEYDISEASE,COV
All kidney disease,SNOMEDCT_US,68544003,Acute post-streptococcal glomerulonephritis,C0403414,Acute post-streptococcal glomerulonephritis,narrow,,G,KIDNEYDISEASE,COV
All kidney disease,SNOMEDCT_US,197613008,Chronic mesangial proliferative glomerulonephritis,C0403428,Chronic mesangial proliferative glomerulonephritis,narrow,,G,KIDNEYDISEASE,COV
All kidney disease,SNOMEDCT_US,197711001,Chronic mesangial proliferative glomerulonephritis,C0403428,Chronic mesangial proliferative glomerulonephritis,narrow,,G,KIDNEYDISEASE,COV
All kidney disease,SNOMEDCT_US,713825007,Transplant renal artery stenosis,C4075713,Transplant renal artery stenosis,narrow,,G,KIDNEYDISEASE,COV
All kidney disease,SNOMEDCT_US,92319008,Benign neoplasm of renal pelvis,C0154015,Benign neoplasm of renal pelvis,possible,,G,KIDNEYDISEASE,COV
All kidney disease,SNOMEDCT_US,782771007,Mitochondrial DNA depletion syndrome hepatocerebrorenal form,C5190602,Mitochondrial DNA depletion syndrome hepatocerebrorenal form,possible,,G,KIDNEYDISEASE,COV
All kidney disease,SNOMEDCT_US,83563007,Renal hemosiderosis,C0268067,Renal hemosiderosis,narrow,,G,KIDNEYDISEASE,COV
All kidney disease,SNOMEDCT_US,425384007,Sarcoidosis with glomerulonephritis,C1828076,Sarcoidosis with glomerulonephritis,narrow,,G,KIDNEYDISEASE,COV
All kidney disease,SNOMEDCT_US,11793003,Mesoblastic nephroma,C0206628,Mesoblastic Nephroma,possible,,G,KIDNEYDISEASE,COV
All kidney disease,SNOMEDCT_US,405940008,"Mesoblastic nephroma, classical",-,-,possible,Desc: code 11793003,G,KIDNEYDISEASE,COV
All kidney disease,SNOMEDCT_US,405941007,"Mesoblastic nephroma, cellular",-,-,possible,Desc: code 11793003,G,KIDNEYDISEASE,COV
All kidney disease,SNOMEDCT_US,405942000,"Mesoblastic nephroma, mixed",-,-,possible,Desc: code 11793003,G,KIDNEYDISEASE,COV
All kidney disease,SNOMEDCT_US,307604008,Mesoblastic nephroma,C0206628,Mesoblastic Nephroma,narrow,,G,KIDNEYDISEASE,COV
All kidney disease,SNOMEDCT_US,236400001,Steroid-resistant minimal change glomerulonephritis,C0403422,Steroid-resistant minimal change glomerulonephritis,narrow,,G,KIDNEYDISEASE,COV
All kidney disease,SNOMEDCT_US,236401002,Steroid-dependent minimal change glomerulonephritis,C0403423,Steroid-dependent minimal change glomerulonephritis,narrow,,G,KIDNEYDISEASE,COV
All kidney disease,SNOMEDCT_US,1611000119108,Mild dehydration,C3472705,Mild dehydration,exclude,,G,KIDNEYDISEASE,COV
All kidney disease,SNOMEDCT_US,236399008,Steroid-sensitive minimal change glomerulonephritis,C0403421,Steroid-sensitive minimal change glomerulonephritis,narrow,,G,KIDNEYDISEASE,COV
All kidney disease,SNOMEDCT_US,236404005,Classical focal segmental glomerulosclerosis,C0403426,Classical focal segmental glomerulosclerosis,narrow,,G,KIDNEYDISEASE,COV
All kidney disease,SNOMEDCT_US,236405006,Hyperfiltration focal segmental glomerulosclerosis,C0403427,Hyperfiltration focal segmental glomerulosclerosis,narrow,,G,KIDNEYDISEASE,COV
All kidney disease,SNOMEDCT_US,111556005,Diabetic ketoacidosis without coma,C1263959,Diabetic ketoacidosis without coma,exclude,,G,KIDNEYDISEASE,COV
All kidney disease,SNOMEDCT_US,1601000119105,Moderate dehydration,C3472700,Moderate dehydration,exclude,,G,KIDNEYDISEASE,COV
All kidney disease,SNOMEDCT_US,197786001,Hydrocalycosis,C0221377,Hydrocalycosis,narrow,,G,KIDNEYDISEASE,COV
All kidney disease,SNOMEDCT_US,71110009,Hydrocalycosis,C0221377,Hydrocalycosis,narrow,,G,KIDNEYDISEASE,COV
All kidney disease,SNOMEDCT_US,274107001,Nephritis NOS,C0027697,Nephritis,narrow,,G,KIDNEYDISEASE,COV
All kidney disease,SNOMEDCT_US,266615001,Nephritis NOS,C0027697,Nephritis,narrow,,G,KIDNEYDISEASE,COV
All kidney disease,SNOMEDCT_US,52845002,Nephritis,C0027697,Nephritis,narrow,,G,KIDNEYDISEASE,COV
All kidney disease,SNOMEDCT_US,155853001,Nephritis NOS,C0027697,Nephritis,narrow,,G,KIDNEYDISEASE,COV
All kidney disease,SNOMEDCT_US,197607004,Nephrotic syndrome in polyarteritis nodosa,C0403392,Nephrotic syndrome in polyarteritis nodosa,narrow,,G,KIDNEYDISEASE,COV
All kidney disease,SNOMEDCT_US,197591002,Nephrotic syndrome with membranoproliferative glomerulonephritis,C0403393,Nephrotic syndrome with membranoproliferative glomerulonephritis,narrow,,G,KIDNEYDISEASE,COV
All kidney disease,SNOMEDCT_US,236380004,Steroid-sensitive nephrotic syndrome,C0403396,Steroid-Sensitive Nephrotic Syndrome,narrow,,G,KIDNEYDISEASE,COV
All kidney disease,SNOMEDCT_US,445119005,Steroid sensitive nephrotic syndrome of childhood,C0403396,Steroid-Sensitive Nephrotic Syndrome,narrow,,G,KIDNEYDISEASE,COV
All kidney disease,SNOMEDCT_US,236381000,Steroid-resistant nephrotic syndrome,C0403397,Steroid-resistant nephrotic syndrome,narrow,,G,KIDNEYDISEASE,COV
All kidney disease,SNOMEDCT_US,197590001,Nephrotic syndrome with membranous glomerulonephritis,C0403394,Nephrotic syndrome with membranous glomerulonephritis,narrow,,G,KIDNEYDISEASE,COV
All kidney disease,SNOMEDCT_US,707756004,Gitelman syndrome,C0268450,Gitelman Syndrome,possible,,G,KIDNEYDISEASE,COV
All kidney disease,SNOMEDCT_US,3188003,Familial hypokalaemia-hypomagnesaemia,C0268450,Gitelman Syndrome,possible,,G,KIDNEYDISEASE,COV
All kidney disease,SNOMEDCT_US,197589005,Nephrotic syndrome with proliferative glomerulonephritis,C0403395,Nephrotic syndrome with proliferative glomerulonephritis,narrow,,G,KIDNEYDISEASE,COV
All kidney disease,SNOMEDCT_US,236382007,Steroid-dependent nephrotic syndrome,C0403398,Steroid-Dependent Nephrotic Syndrome,narrow,,G,KIDNEYDISEASE,COV
All kidney disease,SNOMEDCT_US,197752005,"Nephropathy induced by unspecifed drug, medicament or biological substance",C0495053,"Nephropathy induced by unspecified drug, medicament or biological substance",narrow,,G,KIDNEYDISEASE,COV
All kidney disease,SNOMEDCT_US,197601003,Finnish congenital nephrotic syndrome,C0403399,Finnish congenital nephrotic syndrome,narrow,,G,KIDNEYDISEASE,COV
All kidney disease,SNOMEDCT_US,723449004,Pierson syndrome,C1836876,Pierson syndrome,possible,,G,KIDNEYDISEASE,COV
All kidney disease,SNOMEDCT_US,783787000,Retinal vasculopathy with cerebral leukoencephalopathy and systemic manifestations,C1860518,"Vasculopathy, Retinal, With Cerebral Leukodystrophy",exclude,,G,KIDNEYDISEASE,COV
All kidney disease,SNOMEDCT_US,48655003,Isolated familial renal hypomagnesemia,C0268449,Isolated familial renal hypomagnesemia,possible,,G,KIDNEYDISEASE,COV
All kidney disease,SNOMEDCT_US,268854008,Congenital renal failure,C0410932,Congenital renal failure,narrow,,G,KIDNEYDISEASE,COV
All kidney disease,SNOMEDCT_US,81987005,"Familial hypokalemic alkalosis, Gullner type",C0268444,"Hypokalemia, Familial",narrow,,G,KIDNEYDISEASE,COV
All kidney disease,SNOMEDCT_US,81475007,Acquired vasopressin resistance,C0268443,Acquired Nephrogenic Diabetes Insipidus,possible,,G,KIDNEYDISEASE,COV
All kidney disease,SNOMEDCT_US,72439000,Secondary nephrogenic diabetes insipidus,C0268443,Acquired Nephrogenic Diabetes Insipidus,possible,,G,KIDNEYDISEASE,COV
All kidney disease,SNOMEDCT_US,129721000119106,Acute renal failure on dialysis,C3875178,Acute renal failure on dialysis,narrow,,G,KIDNEYDISEASE,COV
All kidney disease,SNOMEDCT_US,726541005,Acute kidney injury due to trauma,C4512067,Acute kidney injury due to trauma,narrow,,G,KIDNEYDISEASE,COV
All kidney disease,SNOMEDCT_US,424114000,Nephrogenic systemic fibrosis,C3888044,Nephrogenic Systemic Fibrosis,narrow,,G,KIDNEYDISEASE,COV
All kidney disease,SNOMEDCT_US,279004007,Ureteric neuromuscular incoordination,C0458090,Ureteric neuromuscular incoordination,narrow,,G,KIDNEYDISEASE,COV
All kidney disease,SNOMEDCT_US,197825008,Ureteric neuromuscular incoordination,C0458090,Ureteric neuromuscular incoordination,possible,,G,KIDNEYDISEASE,COV
All kidney disease,SNOMEDCT_US,236478009,Familial renal hypouricemia,C4551590,Familial renal hypouricemia,narrow,,G,KIDNEYDISEASE,COV
All kidney disease,SNOMEDCT_US,41729002,Horseshoe kidney,C0221353,Horseshoe Kidney,possible,,G,KIDNEYDISEASE,COV
All kidney disease,SNOMEDCT_US,24790002,Proximal renal tubular acidosis,C0268435,"Renal Tubular Acidosis, Type II",narrow,,G,KIDNEYDISEASE,COV
All kidney disease,SNOMEDCT_US,712487000,End stage renal disease due to benign hypertension,C4038741,End stage renal disease due to benign hypertension,narrow,,G,KIDNEYDISEASE,COV
All kidney disease,SNOMEDCT_US,1082331000119102,Nephroblastoma of right kidney,C5190538,Nephroblastoma of right kidney,narrow,,G,KIDNEYDISEASE,COV
All kidney disease,SNOMEDCT_US,1082321000119100,Nephroblastoma of left kidney,C5190539,Nephroblastoma of left kidney,narrow,,G,KIDNEYDISEASE,COV
All kidney disease,SNOMEDCT_US,197707007,Chronic nephritic syndrome,C0677052,Chronic nephritic syndrome,narrow,,G,KIDNEYDISEASE,COV
All kidney disease,SNOMEDCT_US,240306004,Fetal acidosis,C0410959,Fetal acidosis,possible,,G,KIDNEYDISEASE,COV
All kidney disease,SNOMEDCT_US,276568002,Intrapartum fetal acidosis,-,-,possible,Desc: code 240306004,G,KIDNEYDISEASE,COV
All kidney disease,SNOMEDCT_US,199590007,Fetal acidosis,C0410959,Fetal acidosis,possible,,G,KIDNEYDISEASE,COV
All kidney disease,SNOMEDCT_US,42231000009109,Bacterial nephritis,C3686882,Bacterial nephritis,narrow,,G,KIDNEYDISEASE,COV
All kidney disease,SNOMEDCT_US,275408006,Postoperative renal failure,C0542211,Postoperative renal failure,narrow,,G,KIDNEYDISEASE,COV
All kidney disease,SNOMEDCT_US,62216007,Familial arthrogryposis-cholestatic hepatorenal syndrome,C0268420,Familial arthrogryposis-cholestatic hepatorenal syndrome,possible,,G,KIDNEYDISEASE,COV
All kidney disease,SNOMEDCT_US,717736007,Familial renal cell carcinoma,C2931352,Familial renal cell carcinoma,narrow,,G,KIDNEYDISEASE,COV
All kidney disease,SNOMEDCT_US,197812000,Renal artery hemorrhage,C0340655,Renal artery hemorrhage,narrow,,G,KIDNEYDISEASE,COV
All kidney disease,SNOMEDCT_US,236614007,Perirenal and periureteric post-transplant lymphocele,C0473229,Perirenal and periureteric post-transplant lymphocele,narrow,,G,KIDNEYDISEASE,COV
All kidney disease,SNOMEDCT_US,14350001000004108,Acute injury of kidney,C2609414,Acute kidney injury,narrow,,G,KIDNEYDISEASE,COV
All kidney disease,SNOMEDCT_US,68815009,SLE glomerulonephritis syndrome,C0024143,Lupus Nephritis,narrow,,G,KIDNEYDISEASE,COV
All kidney disease,SNOMEDCT_US,197608009,Lupus nephritis,C0024143,Lupus Nephritis,narrow,,G,KIDNEYDISEASE,COV
All kidney disease,SNOMEDCT_US,438548009,Ligation of arteriovenous dialysis graft,C2586217,Ligation of arteriovenous dialysis graft,narrow,,G,KIDNEYDISEASE,COV
All kidney disease,SNOMEDCT_US,10848006,Removal of peritoneal dialysis catheter,C0204835,Removal of peritoneal dialysis catheter,narrow,,G,KIDNEYDISEASE,COV
All kidney disease,SNOMEDCT_US,175901007,Live donor renal transplant,C0401177,Live donor renal transplant,narrow,,G,KIDNEYDISEASE,COV
All kidney disease,SNOMEDCT_US,175902000,Cadaveric renal transplant,C0401176,Cadaveric renal transplant,narrow,,G,KIDNEYDISEASE,COV
All kidney disease,SNOMEDCT_US,197813005,Intrarenal hematoma,C0473220,Intrarenal hematoma,possible,,G,KIDNEYDISEASE,COV
All kidney disease,SNOMEDCT_US,236505008,Cryoglobulinemic glomerulonephritis,C0473221,Cryoglobulinemic glomerulonephritis,narrow,,G,KIDNEYDISEASE,COV
All kidney disease,SNOMEDCT_US,236138007,Xenograft renal transplant,C0401178,Xenograft renal transplant,narrow,,G,KIDNEYDISEASE,COV
All kidney disease,SNOMEDCT_US,197817006,Adhesions of kidney,C0403358,Adhesions of kidney,possible,,G,KIDNEYDISEASE,COV
All kidney disease,SNOMEDCT_US,197580009,Acute nephritis with lesions of necrotizing glomerulitis,C0473217,Acute nephritis with lesions of necrotizing glomerulitis,narrow,,G,KIDNEYDISEASE,COV
All kidney disease,SNOMEDCT_US,446252004,Diffuse glomerulosclerosis,C0473218,Ischemic glomerulopathy,narrow,,G,KIDNEYDISEASE,COV
All kidney disease,SNOMEDCT_US,236402009,Ischemic glomerulopathy,C0473218,Ischemic glomerulopathy,narrow,,G,KIDNEYDISEASE,COV
All kidney disease,SNOMEDCT_US,425369003,Chronic progressive renal failure,C0748315,Chronic progressive renal failure,narrow,,G,KIDNEYDISEASE,COV
All kidney disease,SNOMEDCT_US,236369004,Renal acidemia,C0473214,Renal acidemia,narrow,,G,KIDNEYDISEASE,COV
All kidney disease,SNOMEDCT_US,197673001,Renal acidaemia,C0473214,Renal acidemia,narrow,,G,KIDNEYDISEASE,COV
All kidney disease,SNOMEDCT_US,204966004,Congenital cystic kidney disease NOS,C0311245,Congenital cystic kidney disease,narrow,,G,KIDNEYDISEASE,COV
All kidney disease,SNOMEDCT_US,236440007,Congenital cystic disease of kidney,C0311245,Congenital cystic kidney disease,narrow,,G,KIDNEYDISEASE,COV
All kidney disease,SNOMEDCT_US,239844009,Gout secondary to renal impairment,C0409909,Gout secondary to renal impairment,narrow,,G,KIDNEYDISEASE,COV
All kidney disease,SNOMEDCT_US,298941000119101,Gout of shoulder due to renal impairment,-,-,narrow,Desc: code 239844009,G,KIDNEYDISEASE,COV
All kidney disease,SNOMEDCT_US,298951000119104,Gout of vertebra due to renal impairment,-,-,narrow,Desc: code 239844009,G,KIDNEYDISEASE,COV
All kidney disease,SNOMEDCT_US,298961000119102,Gout of wrist due to renal impairment,-,-,narrow,Desc: code 239844009,G,KIDNEYDISEASE,COV
All kidney disease,SNOMEDCT_US,303881000119102,Chronic tophaceous gout of ankle due to renal impairment,-,-,narrow,Desc: code 239844009,G,KIDNEYDISEASE,COV
All kidney disease,SNOMEDCT_US,303891000119104,Chronic gout of ankle without tophus due to renal impairment,-,-,narrow,Desc: code 239844009,G,KIDNEYDISEASE,COV
All kidney disease,SNOMEDCT_US,303901000119100,Chronic tophaceous gout of elbow due to renal impairment,-,-,narrow,Desc: code 239844009,G,KIDNEYDISEASE,COV
All kidney disease,SNOMEDCT_US,303911000119102,Chronic gout of elbow without tophus due to renal impairment,-,-,narrow,Desc: code 239844009,G,KIDNEYDISEASE,COV
All kidney disease,SNOMEDCT_US,303921000119109,Chronic tophaceous gout of hand due to renal impairment,-,-,narrow,Desc: code 239844009,G,KIDNEYDISEASE,COV
All kidney disease,SNOMEDCT_US,303931000119107,Chronic gout of hand without tophus due to renal impairment,-,-,narrow,Desc: code 239844009,G,KIDNEYDISEASE,COV
All kidney disease,SNOMEDCT_US,303941000119103,Chronic tophaceous gout of hip due to renal impairment,-,-,narrow,Desc: code 239844009,G,KIDNEYDISEASE,COV
All kidney disease,SNOMEDCT_US,303951000119101,Chronic gout of hip without tophus due to renal impairment,-,-,narrow,Desc: code 239844009,G,KIDNEYDISEASE,COV
All kidney disease,SNOMEDCT_US,303961000119104,Chronic tophaceous gout of knee due to renal impairment,-,-,narrow,Desc: code 239844009,G,KIDNEYDISEASE,COV
All kidney disease,SNOMEDCT_US,303971000119105,Chronic gout of knee without tophus due to renal impairment,-,-,narrow,Desc: code 239844009,G,KIDNEYDISEASE,COV
All kidney disease,SNOMEDCT_US,304121000119108,Chronic tophaceous gout of multiple sites due to renal impairment,-,-,narrow,Desc: code 239844009,G,KIDNEYDISEASE,COV
All kidney disease,SNOMEDCT_US,304131000119106,Chronic gout of multiple sites without tophus due to renal impairment,-,-,narrow,Desc: code 239844009,G,KIDNEYDISEASE,COV
All kidney disease,SNOMEDCT_US,304261000119109,Chronic tophaceous gout of right wrist due to renal impairment,-,-,narrow,Desc: code 239844009,G,KIDNEYDISEASE,COV
All kidney disease,SNOMEDCT_US,304281000119100,Chronic tophaceous gout of shoulder due to renal impairment,-,-,narrow,Desc: code 239844009,G,KIDNEYDISEASE,COV
All kidney disease,SNOMEDCT_US,304291000119102,Chronic gout of shoulder without tophus due to renal impairment,-,-,narrow,Desc: code 239844009,G,KIDNEYDISEASE,COV
All kidney disease,SNOMEDCT_US,304301000119101,Chronic tophaceous gout of vertebra due to renal impairment,-,-,narrow,Desc: code 239844009,G,KIDNEYDISEASE,COV
All kidney disease,SNOMEDCT_US,304311000119103,Chronic gout of vertebra without tophus due to renal impairment,-,-,narrow,Desc: code 239844009,G,KIDNEYDISEASE,COV
All kidney disease,SNOMEDCT_US,304321000119105,Chronic tophaceous gout due to renal impairment,-,-,narrow,Desc: code 239844009,G,KIDNEYDISEASE,COV
All kidney disease,SNOMEDCT_US,304331000119108,Chronic gout without tophus due to renal impairment,-,-,narrow,Desc: code 239844009,G,KIDNEYDISEASE,COV
All kidney disease,SNOMEDCT_US,304341000119104,Chronic tophaceous gout of wrist due to renal impairment,-,-,narrow,Desc: code 239844009,G,KIDNEYDISEASE,COV
All kidney disease,SNOMEDCT_US,304351000119102,Chronic gout of wrist without tophus due to renal impairment,-,-,narrow,Desc: code 239844009,G,KIDNEYDISEASE,COV
All kidney disease,SNOMEDCT_US,308791000119101,Gout of elbow due to renal impairment,-,-,narrow,Desc: code 239844009,G,KIDNEYDISEASE,COV
All kidney disease,SNOMEDCT_US,308801000119100,Gout of hand due to renal impairment,-,-,narrow,Desc: code 239844009,G,KIDNEYDISEASE,COV
All kidney disease,SNOMEDCT_US,308811000119102,Gout of hip due to renal impairment,-,-,narrow,Desc: code 239844009,G,KIDNEYDISEASE,COV
All kidney disease,SNOMEDCT_US,308821000119109,Gout of knee due to renal impairment,-,-,narrow,Desc: code 239844009,G,KIDNEYDISEASE,COV
All kidney disease,SNOMEDCT_US,308901000119105,Gout of multiple sites due to renal impairment,-,-,narrow,Desc: code 239844009,G,KIDNEYDISEASE,COV
All kidney disease,SNOMEDCT_US,942231000124109,Chronic tophaceous gout of left wrist due to renal impairment,-,-,narrow,Desc: code 239844009,G,KIDNEYDISEASE,COV
All kidney disease,SNOMEDCT_US,190836004,Gout secondary to renal impairment,C0409909,Gout secondary to renal impairment,narrow,,G,KIDNEYDISEASE,COV
All kidney disease,SNOMEDCT_US,197627003,Recurrent benign hematuria syndrome,C0473215,Recurrent benign hematuria syndrome,possible,,G,KIDNEYDISEASE,COV
All kidney disease,SNOMEDCT_US,197809003,Occlusion of ureter NOS,C0041956,Ureteral obstruction,possible,,G,KIDNEYDISEASE,COV
All kidney disease,SNOMEDCT_US,268235003,Occlusion of ureter,C0041956,Ureteral obstruction,possible,,G,KIDNEYDISEASE,COV
All kidney disease,SNOMEDCT_US,20018005,Occlusion of ureter,C0041956,Ureteral obstruction,possible,,G,KIDNEYDISEASE,COV
All kidney disease,SNOMEDCT_US,766956009,Obstruction of ureter,C0041956,Ureteral obstruction,possible,,G,KIDNEYDISEASE,COV
All kidney disease,SNOMEDCT_US,77624000,"Volume excess, primary renal sodium retention",C0268003,"Volume excess, primary renal sodium retention",narrow,,G,KIDNEYDISEASE,COV
All kidney disease,SNOMEDCT_US,197629000,Anaphylactoid glomerulonephritis,C0403364,Anaphylactoid glomerulonephritis,narrow,,G,KIDNEYDISEASE,COV
All kidney disease,SNOMEDCT_US,197671004,Renal function impairment with growth failure,C0403361,Renal function impairment with growth failure,narrow,,G,KIDNEYDISEASE,COV
All kidney disease,SNOMEDCT_US,369071000119105,Congenital renal cyst,C3812408,Congenital renal cyst,possible,,G,KIDNEYDISEASE,COV
All kidney disease,SNOMEDCT_US,95475004,Congenital cyst of kidney,C3812408,Congenital renal cyst,possible,,G,KIDNEYDISEASE,COV
All kidney disease,SNOMEDCT_US,44730006,Uremia,C0041948,Uremia,possible,,G,KIDNEYDISEASE,COV
All kidney disease,SNOMEDCT_US,11109001,Miscarriage with uremia,-,-,possible,Desc: code 44730006,G,KIDNEYDISEASE,COV
All kidney disease,SNOMEDCT_US,123595002,Uremic lung,-,-,possible,Desc: code 44730006,G,KIDNEYDISEASE,COV
All kidney disease,SNOMEDCT_US,1263947006,Uremia following molar pregnancy,-,-,possible,Desc: code 44730006,G,KIDNEYDISEASE,COV
All kidney disease,SNOMEDCT_US,1263948001,Uremia following ectopic pregnancy,-,-,possible,Desc: code 44730006,G,KIDNEYDISEASE,COV
All kidney disease,SNOMEDCT_US,271845002,Oliguria and anuria,C0028962,Anuria and oliguria,possible,,G,KIDNEYDISEASE,COV
All kidney disease,SNOMEDCT_US,158477003,[D]Oliguria and anuria,C0028962,Anuria and oliguria,possible,,G,KIDNEYDISEASE,COV
All kidney disease,SNOMEDCT_US,207180001,[D]Oliguria and anuria,C0028962,Anuria and oliguria,possible,,G,KIDNEYDISEASE,COV
All kidney disease,SNOMEDCT_US,158482005,[D]Oliguria and anuria NOS,C0028962,Anuria and oliguria,possible,,G,KIDNEYDISEASE,COV
All kidney disease,SNOMEDCT_US,207185006,[D]Oliguria and anuria NOS,C0028962,Anuria and oliguria,possible,,G,KIDNEYDISEASE,COV
All kidney disease,SNOMEDCT_US,59531002,Tryptophan malabsorption syndrome,C0268478,Blue diaper syndrome,possible,,G,KIDNEYDISEASE,COV
All kidney disease,SNOMEDCT_US,88102009,Nodular renal blastema,C0266299,Nodular renal blastema,narrow,,G,KIDNEYDISEASE,COV
All kidney disease,SNOMEDCT_US,61852001,Ask-Upmark kidney,C0266296,Ask-Upmark kidney,possible,,G,KIDNEYDISEASE,COV
All kidney disease,SNOMEDCT_US,158478008,[D]Oliguria,C0028961,Oliguria,possible,,G,KIDNEYDISEASE,COV
All kidney disease,SNOMEDCT_US,207181002,[D]Oliguria,C0028961,Oliguria,possible,,G,KIDNEYDISEASE,COV
All kidney disease,SNOMEDCT_US,83128009,Oliguria,C0028961,Oliguria,possible,,G,KIDNEYDISEASE,COV
All kidney disease,SNOMEDCT_US,139461002,Oliguria,C0028961,Oliguria,possible,,G,KIDNEYDISEASE,COV
All kidney disease,SNOMEDCT_US,32659003,Congenital hypoplasia of kidney,C0266295,Congenital hypoplasia of kidney,narrow,,G,KIDNEYDISEASE,COV
All kidney disease,SNOMEDCT_US,204946008,Hypoplastic kidney,C0266295,Congenital hypoplasia of kidney,possible,,G,KIDNEYDISEASE,COV
All kidney disease,SNOMEDCT_US,236371004,Congenital abnormality of the kidney,C0266292,Congenital anomaly of the kidney,possible,,G,KIDNEYDISEASE,COV
All kidney disease,SNOMEDCT_US,205029000,Unspecified anomaly of kidney,C0266292,Congenital anomaly of the kidney,possible,,G,KIDNEYDISEASE,COV
All kidney disease,SNOMEDCT_US,156971000,Congenital anomaly of the kidney,C0266292,Congenital anomaly of the kidney,possible,,G,KIDNEYDISEASE,COV
All kidney disease,SNOMEDCT_US,268329001,Congenital anomaly of the kidney,C0266292,Congenital anomaly of the kidney,possible,,G,KIDNEYDISEASE,COV
All kidney disease,SNOMEDCT_US,44513007,Congenital anomaly of the kidney,C0266292,Congenital anomaly of the kidney,possible,,G,KIDNEYDISEASE,COV
All kidney disease,SNOMEDCT_US,197768004,Acute pyelonephritis without medullary necrosis,C0403378,Acute pyelonephritis without medullary necrosis,narrow,,G,KIDNEYDISEASE,COV
All kidney disease,SNOMEDCT_US,204941003,Congenital renal atrophy,C0266293,Congenital renal atrophy,narrow,,G,KIDNEYDISEASE,COV
All kidney disease,SNOMEDCT_US,23184002,Congenital atrophy of kidney,C0266293,Congenital renal atrophy,narrow,,G,KIDNEYDISEASE,COV
All kidney disease,SNOMEDCT_US,276585000,Congenital nephritis,C0349480,Congenital nephritis,narrow,,G,KIDNEYDISEASE,COV
All kidney disease,SNOMEDCT_US,236373001,Emphysematous pyelonephritis,C0403379,Emphysematous Pyelonephritis,narrow,,G,KIDNEYDISEASE,COV
All kidney disease,SNOMEDCT_US,197769007,Acute pyelonephritis with medullary necrosis,C0403377,Acute pyelonephritis with medullary necrosis,narrow,,G,KIDNEYDISEASE,COV
All kidney disease,SNOMEDCT_US,420514000,Persistent proteinuria due to type 1 diabetes mellitus,C1719783,Persistent proteinuria due to type 1 diabetes mellitus,narrow,,G,KIDNEYDISEASE,COV
All kidney disease,SNOMEDCT_US,154569009,Metastasis to kidney,C0153685,Metastatic malignant neoplasm to kidney,narrow,,G,KIDNEYDISEASE,COV
All kidney disease,SNOMEDCT_US,94360002,Metastatic malignant neoplasm to kidney,C0153685,Metastatic malignant neoplasm to kidney,narrow,,G,KIDNEYDISEASE,COV
All kidney disease,SNOMEDCT_US,28196006,Uraemia following molar AND/OR ectopic pregnancy,C0269318,Uremia following molar or ectopic pregnancy,narrow,,G,KIDNEYDISEASE,COV
All kidney disease,SNOMEDCT_US,26235008,Renal tubular necrosis following molar AND/OR ectopic pregnancy,C0269317,Renal tubular necrosis following molar or ectopic pregnancy,narrow,,G,KIDNEYDISEASE,COV
All kidney disease,SNOMEDCT_US,71909003,Acute renal failure following molar AND/OR ectopic pregnancy,C0269316,Acute renal failure following molar or ectopic pregnancy,narrow,,G,KIDNEYDISEASE,COV
All kidney disease,SNOMEDCT_US,29908007,Oliguria following molar AND/OR ectopic pregnancy,C0269315,Oliguria following molar or ectopic pregnancy,possible,,G,KIDNEYDISEASE,COV
All kidney disease,SNOMEDCT_US,236374007,Chronic infective interstitial nephritis,C0403381,Chronic infective interstitial nephritis,narrow,,G,KIDNEYDISEASE,COV
All kidney disease,SNOMEDCT_US,43629001,Renal failure following molar AND/OR ectopic pregnancy,C0269314,Renal failure following molar or ectopic pregnancy,narrow,,G,KIDNEYDISEASE,COV
All kidney disease,SNOMEDCT_US,236375008,Emphysematous pyelitis,C0403382,emphysematous pyelitis,possible,,G,KIDNEYDISEASE,COV
All kidney disease,SNOMEDCT_US,367541000119102,Hereditary diffuse membranous glomerulonephritis,C3875198,Hereditary diffuse membranous glomerulonephritis,narrow,,G,KIDNEYDISEASE,COV
All kidney disease,SNOMEDCT_US,66993009,Acute infectious tubulointerstitial nephritis,C0403380,Acute infectious tubulointerstitial nephritis,narrow,,G,KIDNEYDISEASE,COV
All kidney disease,SNOMEDCT_US,197763008,Chronic pyonephrosis,C0403385,Chronic pyonephrosis,narrow,,G,KIDNEYDISEASE,COV
All kidney disease,SNOMEDCT_US,11800891000119109,Laceration of left kidney,C2110967,Laceration of left kidney,narrow,,G,KIDNEYDISEASE,COV
All kidney disease,SNOMEDCT_US,236376009,Infected renal cyst,C0403383,Infected renal cyst,narrow,,G,KIDNEYDISEASE,COV
All kidney disease,SNOMEDCT_US,11800851000119104,Laceration of right kidney,C2110968,Laceration of right kidney,narrow,,G,KIDNEYDISEASE,COV
All kidney disease,SNOMEDCT_US,236379002,Chronic obstructive pyelonephritis,C0403389,Chronic obstructive pyelonephritis,narrow,,G,KIDNEYDISEASE,COV
All kidney disease,SNOMEDCT_US,197765001,Chronic obstructive pyelonephritis,C0403389,Chronic obstructive pyelonephritis,narrow,,G,KIDNEYDISEASE,COV
All kidney disease,SNOMEDCT_US,98371000119102,Acquired complex renal cyst,C3875191,Acquired complex renal cyst,possible,,G,KIDNEYDISEASE,COV
All kidney disease,SNOMEDCT_US,197761005,Chronic pyelonephritis with medullary necrosis,C0403387,Chronic pyelonephritis with medullary necrosis,narrow,,G,KIDNEYDISEASE,COV
All kidney disease,SNOMEDCT_US,197760006,Chronic pyelonephritis without medullary necrosis,C0403388,Chronic pyelonephritis without medullary necrosis,narrow,,G,KIDNEYDISEASE,COV
All kidney disease,SNOMEDCT_US,284971000119100,Chronic kidney disease stage 1 due to benign hypertension,C4038717,Chronic kidney disease stage 1 due to benign hypertension,narrow,,G,KIDNEYDISEASE,COV
All kidney disease,SNOMEDCT_US,7270003,Autotransplantation of kidney,C0194194,Autotransplantation of kidney,narrow,,G,KIDNEYDISEASE,COV
All kidney disease,SNOMEDCT_US,175899003,Autotransplantation of kidney,C0194194,Autotransplantation of kidney,narrow,,G,KIDNEYDISEASE,COV
All kidney disease,SNOMEDCT_US,128860008,Juxtaglomerular tumor,C0334331,Juxtaglomerular tumor,possible,,G,KIDNEYDISEASE,COV
All kidney disease,SNOMEDCT_US,307618001,Juxtaglomerular tumor,C0334331,Juxtaglomerular tumor,narrow,,G,KIDNEYDISEASE,COV
All kidney disease,SNOMEDCT_US,5175004,Juxtaglomerular tumor,C0334331,Juxtaglomerular tumor,possible,,G,KIDNEYDISEASE,COV
All kidney disease,SNOMEDCT_US,262893009,Laceration of kidney,C0347649,Laceration of kidney,narrow,,G,KIDNEYDISEASE,COV
All kidney disease,SNOMEDCT_US,30124006,Rupture of kidney,C0347648,Rupture of kidney,narrow,,G,KIDNEYDISEASE,COV
All kidney disease,SNOMEDCT_US,262892004,Ruptured kidney NOS,C0347648,Rupture of kidney,narrow,,G,KIDNEYDISEASE,COV
All kidney disease,SNOMEDCT_US,462550000,"Hemodialysis system, institutional/home-use",C3872994,"Hemodialysis system, institutional/home-use",narrow,,G,KIDNEYDISEASE,COV
All kidney disease,SNOMEDCT_US,1293198008,Post-renal acute kidney injury,C5880567,Post-renal acute kidney injury,narrow,,G,KIDNEYDISEASE,COV
All kidney disease,SNOMEDCT_US,1144909003,Chronic tubulo-interstitial nephritis due to connective tissue disorder,C5546227,Chronic tubulo-interstitial nephritis due to connective tissue disorder,narrow,,G,KIDNEYDISEASE,COV
All kidney disease,SNOMEDCT_US,1293200002,Intra-renal acute kidney injury,C5880568,Intra-renal acute kidney injury,narrow,,G,KIDNEYDISEASE,COV
All kidney disease,SNOMEDCT_US,1137561000,Congenital megacalycosis,C5545379,Congenital megacalycosis,possible,,G,KIDNEYDISEASE,COV
All kidney disease,SNOMEDCT_US,836486002,Lymphomatous infiltrate of kidney,C5241392,Lymphomatous infiltrate of kidney,narrow,,G,KIDNEYDISEASE,COV
All kidney disease,SNOMEDCT_US,783620009,Dominant hypophosphatemia with nephrolithiasis and/or osteoporosis,C5191009,Dominant hypophosphatemia with nephrolithiasis and/or osteoporosis,possible,,G,KIDNEYDISEASE,COV
All kidney disease,SNOMEDCT_US,37061001,Granulomatous sarcoid nephropathy,C0519067,Granulomatous sarcoid nephropathy,narrow,,G,KIDNEYDISEASE,COV
All kidney disease,SNOMEDCT_US,735474009,Ischemia of kidney,C0920646,Ischemia of kidney,narrow,,G,KIDNEYDISEASE,COV
All kidney disease,SNOMEDCT_US,707324008,Anemia in end stage renal disease,C1561829,Anemia in end stage renal disease,narrow,,G,KIDNEYDISEASE,COV
All kidney disease,SNOMEDCT_US,707323002,Anemia in chronic kidney disease,C1561828,Anemia in chronic kidney disease,narrow,,G,KIDNEYDISEASE,COV
All kidney disease,SNOMEDCT_US,444271000,Erythropoietin resistance in anemia of chronic kidney disease,-,-,narrow,Desc: code 707323002,G,KIDNEYDISEASE,COV
All kidney disease,SNOMEDCT_US,691381000119104,Anemia due to chronic kidney disease stage 1,-,-,narrow,Desc: code 707323002,G,KIDNEYDISEASE,COV
All kidney disease,SNOMEDCT_US,691401000119104,Anemia in chronic kidney disease stage 4,-,-,narrow,Desc: code 707323002,G,KIDNEYDISEASE,COV
All kidney disease,SNOMEDCT_US,691411000119101,Anemia in chronic kidney disease stage 5,-,-,narrow,Desc: code 707323002,G,KIDNEYDISEASE,COV
All kidney disease,SNOMEDCT_US,85381000119105,Glomerulonephritis due to Henoch-Schönlein purpura,C4076144,Glomerulonephritis due to Henoch-Schönlein purpura,narrow,,G,KIDNEYDISEASE,COV
All kidney disease,SNOMEDCT_US,9196004,Staghorn calculus,C0333014,Staghorn Calculi,narrow,,G,KIDNEYDISEASE,COV
All kidney disease,SNOMEDCT_US,197794008,Staghorn calculus,C0333014,Staghorn Calculi,narrow,,G,KIDNEYDISEASE,COV
All kidney disease,SNOMEDCT_US,783614008,Familial steroid-resistant nephrotic syndrome with sensorineural deafness,C5191003,Familial steroid-resistant nephrotic syndrome with sensorineural deafness,narrow,,G,KIDNEYDISEASE,COV
All kidney disease,SNOMEDCT_US,897312001,Renal osteodystrophy with low bone turnover,C5438425,Renal osteodystrophy with low bone turnover,narrow,,G,KIDNEYDISEASE,COV
All kidney disease,SNOMEDCT_US,1295482007,Osteoporosis due to chronic kidney disease,C5438422,Osteoporosis due to chronic kidney disease,narrow,,G,KIDNEYDISEASE,COV
All kidney disease,SNOMEDCT_US,897308007,Chronic kidney disease with osteoporosis,C5438422,Osteoporosis due to chronic kidney disease,narrow,,G,KIDNEYDISEASE,COV
All kidney disease,SNOMEDCT_US,783159001,Holzgreve syndrome,C1856095,Holzgreve Wagner Rehder syndrome,possible,,G,KIDNEYDISEASE,COV
All kidney disease,SNOMEDCT_US,897311008,Renal osteodystrophy with normal bone turnover,C5438424,Renal osteodystrophy with normal bone turnover,narrow,,G,KIDNEYDISEASE,COV
All kidney disease,SNOMEDCT_US,186796004,Plasmodium malariae malaria with nephropathy,C0348988,Plasmodium malariae malaria with nephropathy,narrow,,G,KIDNEYDISEASE,COV
All kidney disease,SNOMEDCT_US,1217070004,Renal osteodystrophy due to hyperparathyroidism,C5687739,Renal osteodystrophy due to hyperparathyroidism,narrow,,G,KIDNEYDISEASE,COV
All kidney disease,SNOMEDCT_US,385972005,Dialysis care education,C1161223,Dialysis care education,narrow,,G,KIDNEYDISEASE,COV
All kidney disease,SNOMEDCT_US,422593004,Acute renal failure caused by angiotensin-converting-enzyme inhibitor,C1827509,Acute renal failure caused by angiotensin-converting-enzyme inhibitor,narrow,,G,KIDNEYDISEASE,COV
All kidney disease,SNOMEDCT_US,462316005,Haemodialysis start/stop set,C3872972,Hemodialysis start/stop set,narrow,,G,KIDNEYDISEASE,COV
All kidney disease,SNOMEDCT_US,723409007,"Multinodular goiter, cystic kidney, polydactyly syndrome",C1841853,Daneman Davy Mancer syndrome,possible,,G,KIDNEYDISEASE,COV
All kidney disease,SNOMEDCT_US,295111000119108,Nephrotic syndrome co-occurrent and due to systemic lupus erythematosus,C4274216,Nephrotic syndrome co-occurrent and due to systemic lupus erythematosus,narrow,,G,KIDNEYDISEASE,COV
All kidney disease,SNOMEDCT_US,262891006,Hematoma of kidney,C0475022,Hematoma of kidney,possible,,G,KIDNEYDISEASE,COV
All kidney disease,SNOMEDCT_US,295121000119101,Nephrosis co-occurrent and due to systemic lupus erythematosus,C4274218,Nephrosis co-occurrent and due to systemic lupus erythematosus,narrow,,G,KIDNEYDISEASE,COV
All kidney disease,SNOMEDCT_US,765154003,Hypertrophy of right kidney co-occurrent and due to congenital hypoplasia of left kidney,C4707338,Hypertrophy of right kidney co-occurrent and due to congenital hypoplasia of left kidney,narrow,,G,KIDNEYDISEASE,COV
All kidney disease,SNOMEDCT_US,765155002,Hypertrophy of left kidney co-occurrent and due to congenital hypoplasia of right kidney,C4707339,Hypertrophy of left kidney co-occurrent and due to congenital hypoplasia of right kidney,narrow,,G,KIDNEYDISEASE,COV
All kidney disease,SNOMEDCT_US,3321001,Renal abscess,C0151465,Renal abscess,narrow,,G,KIDNEYDISEASE,COV
All kidney disease,SNOMEDCT_US,429489008,Acute renal failure due to obstruction,C1997158,Acute renal failure due to obstruction,narrow,,G,KIDNEYDISEASE,COV
All kidney disease,SNOMEDCT_US,118781000119108,Pre-existing hypertensive chronic kidney disease in mother complicating pregnancy,C3839926,Pre-existing hypertensive chronic kidney disease in mother complicating pregnancy,narrow,,G,KIDNEYDISEASE,COV
All kidney disease,SNOMEDCT_US,713453003,Renal impairment caused by Polyomavirus,C4076161,Renal impairment caused by Polyomavirus,narrow,,G,KIDNEYDISEASE,COV
All kidney disease,SNOMEDCT_US,236502006,Renal involvement in scleroderma,C0519055,Renal involvement in scleroderma,narrow,,G,KIDNEYDISEASE,COV
All kidney disease,SNOMEDCT_US,698463001,At increased risk of chronic kidney disease,C3697935,At increased risk of chronic kidney disease,possible,,G,KIDNEYDISEASE,COV
All kidney disease,SNOMEDCT_US,40488004,Fanconi syndrome,C0015624,Fanconi Syndrome,possible,,G,KIDNEYDISEASE,COV
All kidney disease,SNOMEDCT_US,1208341008,Severe oculo-renal-cerebellar syndrome,C1850331,Oculorenocerebellar syndrome,possible,,G,KIDNEYDISEASE,COV
All kidney disease,SNOMEDCT_US,720982007,"Alport syndrome, intellectual disability, midface hypoplasia, elliptocytosis syndrome",C1846242,"Alport Syndrome, Mental Retardation, Midface Hypoplasia, and Elliptocytosis",narrow,,G,KIDNEYDISEASE,COV
All kidney disease,SNOMEDCT_US,13490001000004105,D-lactic acidosis,C4039171,D-lactic acidosis,narrow,,G,KIDNEYDISEASE,COV
All kidney disease,SNOMEDCT_US,833291009,Calcium oxalate calculus of kidney,C5394858,Calcium oxalate calculus of kidney,possible,,G,KIDNEYDISEASE,COV
All kidney disease,SNOMEDCT_US,107421000119101,Neonatal acidosis,C4544436,Neonatal acidosis,possible,,G,KIDNEYDISEASE,COV
All kidney disease,SNOMEDCT_US,363224005,Neonatal renal disorder,C1285372,Neonatal renal disorder,narrow,,G,KIDNEYDISEASE,COV
All kidney disease,SNOMEDCT_US,418518002,Dialysis unit,C1629858,Dialysis unit,narrow,,G,KIDNEYDISEASE,COV
All kidney disease,SNOMEDCT_US,720458005,Acrorenal syndrome,C3495490,Acrorenal Syndrome,possible,,G,KIDNEYDISEASE,COV
All kidney disease,SNOMEDCT_US,363233007,Nephrotic syndrome secondary to glomerulonephritis,C1285378,Nephrotic syndrome secondary to glomerulonephritis,narrow,,G,KIDNEYDISEASE,COV
All kidney disease,SNOMEDCT_US,363234001,Nephrotic syndrome secondary to systemic disease,C1285379,Nephrotic syndrome secondary to systemic disease,narrow,,G,KIDNEYDISEASE,COV
All kidney disease,SNOMEDCT_US,722721004,Familial hemolytic uremic syndrome,C4302342,Familial hemolytic uremic syndrome,possible,,G,KIDNEYDISEASE,COV
All kidney disease,SNOMEDCT_US,1081231000119103,Oncocytoma of left kidney,C4304520,Oncocytoma of left kidney,narrow,,G,KIDNEYDISEASE,COV
All kidney disease,SNOMEDCT_US,95577005,Renal interstitial fibrosis,C0235989,Renal interstitial fibrosis,narrow,,G,KIDNEYDISEASE,COV
All kidney disease,SNOMEDCT_US,1081241000119107,Oncocytoma of right kidney,C4304519,Oncocytoma of right kidney,narrow,,G,KIDNEYDISEASE,COV
All kidney disease,SNOMEDCT_US,373651000,Idiopathic hydronephrosis,C1298693,Idiopathic hydronephrosis,narrow,,G,KIDNEYDISEASE,COV
All kidney disease,SNOMEDCT_US,198952001,"Renal hypertension complicating pregnancy, childbirth and the puerperium - delivered with postnatal complication",C0341917,"Renal hypertension complicating pregnancy, childbirth and the puerperium - delivered with postnatal complication",narrow,,G,KIDNEYDISEASE,COV
All kidney disease,SNOMEDCT_US,472953006,History of chronic renal impairment,C3532472,History of chronic renal impairment,possible,,G,KIDNEYDISEASE,COV
All kidney disease,SNOMEDCT_US,198951008,"Renal hypertension complicating pregnancy, childbirth and the puerperium - delivered",C0341918,"Renal hypertension complicating pregnancy, childbirth and the puerperium - delivered",narrow,,G,KIDNEYDISEASE,COV
All kidney disease,SNOMEDCT_US,198955004,"Renal hypertension complicating pregnancy, childbirth and the puerperium NOS",C0341914,"Renal hypertension complicating pregnancy, childbirth and the puerperium",narrow,,G,KIDNEYDISEASE,COV
All kidney disease,SNOMEDCT_US,198950009,"Renal hypertension complicating pregnancy, childbirth and the puerperium unspecified",C0341914,"Renal hypertension complicating pregnancy, childbirth and the puerperium",narrow,,G,KIDNEYDISEASE,COV
All kidney disease,SNOMEDCT_US,198949009,"Renal hypertension complicating pregnancy, childbirth and the puerperium",C0341914,"Renal hypertension complicating pregnancy, childbirth and the puerperium",narrow,,G,KIDNEYDISEASE,COV
All kidney disease,SNOMEDCT_US,713504001,Disorder of kidney co-occurrent with human immunodeficiency virus infection,C4076103,Disorder of kidney co-occurrent with human immunodeficiency virus infection,narrow,,G,KIDNEYDISEASE,COV
All kidney disease,SNOMEDCT_US,833293007,Cystine calculus of kidney,C5394860,Cystine calculus of kidney,possible,,G,KIDNEYDISEASE,COV
All kidney disease,SNOMEDCT_US,198953006,"Renal hypertension complicating pregnancy, childbirth and the puerperium - not delivered",C0341916,"Renal hypertension complicating pregnancy, childbirth and the puerperium - not delivered",narrow,,G,KIDNEYDISEASE,COV
All kidney disease,SNOMEDCT_US,1169358003,MARCH syndrome,C1856053,Hydranencephaly with Renal Aplasia-Dysplasia,narrow,,G,KIDNEYDISEASE,COV
All kidney disease,SNOMEDCT_US,385970002,Dialysis care assessment,C2733649,Dialysis care assessment,narrow,,G,KIDNEYDISEASE,COV
All kidney disease,SNOMEDCT_US,717738008,Peritoneal dialysis care assessment,-,-,narrow,Desc: code 385970002,G,KIDNEYDISEASE,COV
All kidney disease,SNOMEDCT_US,718331002,Hemodialysis care assessment,-,-,narrow,Desc: code 385970002,G,KIDNEYDISEASE,COV
All kidney disease,SNOMEDCT_US,7725007,Radiation nephritis,C0221349,Radiation nephritis,narrow,,G,KIDNEYDISEASE,COV
All kidney disease,SNOMEDCT_US,15638291000119105,Angiomyolipoma of bilateral kidneys,C4303664,Angiomyolipoma of bilateral kidneys,narrow,,G,KIDNEYDISEASE,COV
All kidney disease,SNOMEDCT_US,188254006,Malignant neoplasm of renal pelvis NOS,C0153618,Malignant tumor of renal pelvis,narrow,,G,KIDNEYDISEASE,COV
All kidney disease,SNOMEDCT_US,363457009,Malignant neoplasm of renal pelvis,C0153618,Malignant tumor of renal pelvis,narrow,,G,KIDNEYDISEASE,COV
All kidney disease,SNOMEDCT_US,761866001,POS-S Renal (Palliative care Outcome Scale symptom list for end-stage renal disease) score,C4545789,POS-S Renal (Palliative care Outcome Scale symptom list for end-stage renal disease) score,narrow,,G,KIDNEYDISEASE,COV
All kidney disease,SNOMEDCT_US,895345000,Bilateral primary malignant neoplasm of kidneys,C5438019,Bilateral primary malignant neoplasm of kidneys,narrow,,G,KIDNEYDISEASE,COV
All kidney disease,SNOMEDCT_US,166715006,Serum creatinine below reference range,C0428282,Serum creatinine below reference range,possible,,G,KIDNEYDISEASE,COV
All kidney disease,SNOMEDCT_US,371011007,Dilatation of calyx,C1269700,Dilatation of calyx,narrow,,G,KIDNEYDISEASE,COV
All kidney disease,SNOMEDCT_US,190683000,Fanconi-de-Toni syndrome,C1857395,De Toni-Debre-Fanconi Syndrome,possible,,G,KIDNEYDISEASE,COV
All kidney disease,SNOMEDCT_US,236466005,Congenital Fanconi syndrome,C1857395,De Toni-Debre-Fanconi Syndrome,possible,,G,KIDNEYDISEASE,COV
All kidney disease,SNOMEDCT_US,253060009,de Toni-Debre-Fanconi syndrome,C1857395,De Toni-Debre-Fanconi Syndrome,possible,,G,KIDNEYDISEASE,COV
All kidney disease,SNOMEDCT_US,1082301000119109,Transitional cell carcinoma of right renal pelvis,C4303652,Transitional cell carcinoma of right renal pelvis,narrow,,G,KIDNEYDISEASE,COV
All kidney disease,SNOMEDCT_US,1082281000119105,Transitional cell carcinoma of left renal pelvis,C4303653,Transitional cell carcinoma of left renal pelvis,narrow,,G,KIDNEYDISEASE,COV
All kidney disease,SNOMEDCT_US,109477002,Enamel-renal syndrome,C2931783,Amelogenesis imperfecta nephrocalcinosis,exclude,,G,KIDNEYDISEASE,COV
All kidney disease,SNOMEDCT_US,699235009,Continuous ambulatory peritoneal dialysis associated peritonitis,C3697984,Continuous ambulatory peritoneal dialysis associated peritonitis,narrow,,G,KIDNEYDISEASE,COV
All kidney disease,SNOMEDCT_US,789660001,Atypical hemolytic uremic syndrome,C2931788,Atypical Hemolytic Uremic Syndrome,possible,,G,KIDNEYDISEASE,COV
All kidney disease,SNOMEDCT_US,722761003,Complement component 3 glomerulonephritis,C4302317,Complement component 3 glomerulonephritis,narrow,,G,KIDNEYDISEASE,COV
All kidney disease,SNOMEDCT_US,310670008,Hydronephrosis with pelviureteric junction obstruction,C0495049,Hydronephrosis with ureteropelvic junction obstruction,narrow,,G,KIDNEYDISEASE,COV
All kidney disease,SNOMEDCT_US,197789008,Hydronephrosis with ureteropelvic junction obstruction,C0495049,Hydronephrosis with ureteropelvic junction obstruction,narrow,,G,KIDNEYDISEASE,COV
All kidney disease,SNOMEDCT_US,722758004,Complement component 3 glomerulopathy,C4302318,Complement component 3 glomerulopathy,narrow,,G,KIDNEYDISEASE,COV
All kidney disease,SNOMEDCT_US,145781000119106,Infection of transplanted kidney,C2891270,Infection of transplanted kidney,narrow,,G,KIDNEYDISEASE,COV
All kidney disease,SNOMEDCT_US,722147003,Focal segmental glomerulosclerosis due to sickle cell disease,C4302796,Focal segmental glomerulosclerosis due to sickle cell disease,narrow,,G,KIDNEYDISEASE,COV
All kidney disease,SNOMEDCT_US,367481000119108,Extrarenal uraemia,C0476303,Extrarenal uremia,narrow,,G,KIDNEYDISEASE,COV
All kidney disease,SNOMEDCT_US,207199005,[D]Extrarenal uraemia,C0476303,Extrarenal uremia,exclude,,G,KIDNEYDISEASE,COV
All kidney disease,SNOMEDCT_US,158493007,[D]Extrarenal uraemia,C0476303,Extrarenal uremia,possible,,G,KIDNEYDISEASE,COV
All kidney disease,SNOMEDCT_US,355001,Hemorrhagic shock,C0036982,"Shock, Hemorrhagic",possible,,G,KIDNEYDISEASE,COV
All kidney disease,SNOMEDCT_US,95579008,Thrombosis of renal artery,C0340608,Thrombosis of renal artery,narrow,,G,KIDNEYDISEASE,COV
All kidney disease,SNOMEDCT_US,104931000119100,Chronic kidney disease due to hypertension,C3695318,Chronic kidney disease due to hypertension,narrow,,G,KIDNEYDISEASE,COV
All kidney disease,SNOMEDCT_US,434421000124101,Chronic kidney disease due to hypertension,C3695318,Chronic kidney disease due to hypertension,narrow,,G,KIDNEYDISEASE,COV
All kidney disease,SNOMEDCT_US,385971003,Dialysis care,C1161201,Dialysis care,narrow,,G,KIDNEYDISEASE,COV
All kidney disease,SNOMEDCT_US,430891000124105,Dialysis regime,-,-,narrow,Desc: code 385971003,G,KIDNEYDISEASE,COV
All kidney disease,SNOMEDCT_US,430901000124109,Acute dialysis program,-,-,narrow,Desc: code 385971003,G,KIDNEYDISEASE,COV
All kidney disease,SNOMEDCT_US,430911000124107,Navy dialysis program,-,-,narrow,Desc: code 385971003,G,KIDNEYDISEASE,COV
All kidney disease,SNOMEDCT_US,430921000124104,Army dialysis program,-,-,narrow,Desc: code 385971003,G,KIDNEYDISEASE,COV
All kidney disease,SNOMEDCT_US,430931000124101,Air force dialysis program,-,-,narrow,Desc: code 385971003,G,KIDNEYDISEASE,COV
All kidney disease,SNOMEDCT_US,430941000124106,Prison dialysis program,-,-,narrow,Desc: code 385971003,G,KIDNEYDISEASE,COV
All kidney disease,SNOMEDCT_US,430951000124108,Veteran's administration dialysis program,-,-,narrow,Desc: code 385971003,G,KIDNEYDISEASE,COV
All kidney disease,SNOMEDCT_US,432601000124100,Durable medical equipment supplier dialysis program,-,-,narrow,Desc: code 385971003,G,KIDNEYDISEASE,COV
All kidney disease,SNOMEDCT_US,432611000124102,Centers for Medicare and Medicaid Services approved special purpose dialysis program,-,-,narrow,Desc: code 385971003,G,KIDNEYDISEASE,COV
All kidney disease,SNOMEDCT_US,718308002,Peritoneal dialysis care,-,-,narrow,Desc: code 385971003,G,KIDNEYDISEASE,COV
All kidney disease,SNOMEDCT_US,722149000,Chronic kidney disease due to and following excision of neoplasm of kidney,C4302795,Chronic kidney disease due to and following excision of neoplasm of kidney,narrow,,G,KIDNEYDISEASE,COV
All kidney disease,SNOMEDCT_US,781084007,"Accidental cut, puncture, perforation or hemorrhage during kidney dialysis",C0474123,"Accidental cut, puncture, perforation or hemorrhage during kidney dialysis",narrow,,G,KIDNEYDISEASE,COV
All kidney disease,SNOMEDCT_US,216878005,"Accidental cut, puncture, perforation or haemorrhage during kidney dialysis",C0474123,"Accidental cut, puncture, perforation or hemorrhage during kidney dialysis",narrow,,G,KIDNEYDISEASE,COV
All kidney disease,SNOMEDCT_US,158481003,[D]Suppressed urine secretion,C0476300,Suppressed urine secretion,possible,,G,KIDNEYDISEASE,COV
All kidney disease,SNOMEDCT_US,207184005,[D]Suppressed urine secretion,C0476300,Suppressed urine secretion,possible,,G,KIDNEYDISEASE,COV
All kidney disease,SNOMEDCT_US,271848000,Suppressed urine secretion,C0476300,Suppressed urine secretion,narrow,,G,KIDNEYDISEASE,COV
All kidney disease,SNOMEDCT_US,722150000,Chronic kidney disease due to systemic infection,C4302794,Chronic kidney disease due to systemic infection,narrow,,G,KIDNEYDISEASE,COV
All kidney disease,MDR,10091260,Sepsis associated acute kidney injury,C5942857,Sepsis associated acute kidney injury,narrow,,G,KIDNEYDISEASE,COV
All kidney disease,MDR,10049617,Renal parenchymal hypertension,C0264649,Parenchymal renal hypertension,possible,,G,KIDNEYDISEASE,COV
All kidney disease,MDR,10058116,Nephrogenic anaemia,C0472713,Anemia of renal disease,narrow,,G,KIDNEYDISEASE,COV
All kidney disease,MDR,10058124,Nephrogenic anemia,C0472713,Anemia of renal disease,narrow,,G,KIDNEYDISEASE,COV
All kidney disease,MDR,10010139,"Complete disruption of kidney parenchyma, with open wound into cavity",C0160430,Complete disruption of kidney parenchyma with open wound into cavity,narrow,,G,KIDNEYDISEASE,COV
All kidney disease,MDR,10082589,Obstructive pyelonephritis,C3693626,Obstructive pyelonephritis,narrow,,G,KIDNEYDISEASE,COV
All kidney disease,MDR,10001048,Acute renal failure with lesion of renal medullary (papillary) necrosis,C0574786,Acute renal papillary necrosis with renal failure,narrow,,G,KIDNEYDISEASE,COV
All kidney disease,MDR,10018672,Granular cell carcinoma of the kidney,C0279703,Renal granular cell carcinoma,narrow,,G,KIDNEYDISEASE,COV
All kidney disease,MDR,10038458,Renal granular cell carcinoma,C0279703,Renal granular cell carcinoma,narrow,,G,KIDNEYDISEASE,COV
All kidney disease,MDR,10020681,Hypernephroma,C0279702,Conventional (Clear Cell) Renal Cell Carcinoma,narrow,,G,KIDNEYDISEASE,COV
All kidney disease,MDR,10038416,Renal clear cell carcinoma,C0279702,Conventional (Clear Cell) Renal Cell Carcinoma,narrow,,G,KIDNEYDISEASE,COV
All kidney disease,MDR,10009251,Clear cell carcinoma of the kidney,C0279702,Conventional (Clear Cell) Renal Cell Carcinoma,narrow,,G,KIDNEYDISEASE,COV
All kidney disease,MDR,10073251,Clear cell renal cell carcinoma,C0279702,Conventional (Clear Cell) Renal Cell Carcinoma,narrow,,G,KIDNEYDISEASE,COV
All kidney disease,MDR,10038409,Renal cell carcinoma NOS,C0007134,Renal Cell Carcinoma,narrow,,G,KIDNEYDISEASE,COV
All kidney disease,MDR,10072445,Grawitz tumour,C0007134,Renal Cell Carcinoma,narrow,,G,KIDNEYDISEASE,COV
All kidney disease,MDR,10038407,Renal cell cancer,C0007134,Renal Cell Carcinoma,narrow,,G,KIDNEYDISEASE,COV
All kidney disease,MDR,10072444,Grawitz tumor,C0007134,Renal Cell Carcinoma,narrow,,G,KIDNEYDISEASE,COV
All kidney disease,MDR,10001174,Adenocarcinoma of kidney,C0007134,Renal Cell Carcinoma,narrow,,G,KIDNEYDISEASE,COV
All kidney disease,MDR,10038415,Renal cell carcinoma stage unspecified,C0007134,Renal Cell Carcinoma,narrow,,G,KIDNEYDISEASE,COV
All kidney disease,MDR,10038401,Renal cell adenocarcinoma,C0007134,Renal Cell Carcinoma,narrow,,G,KIDNEYDISEASE,COV
All kidney disease,MDR,10067946,Renal cell carcinoma,C0007134,Renal Cell Carcinoma,narrow,,G,KIDNEYDISEASE,COV
All kidney disease,MDR,10050440,Acute renal insufficiency,C1565662,Acute Kidney Insufficiency,narrow,,G,KIDNEYDISEASE,COV
All kidney disease,MDR,10020820,"Hypertensive heart and renal disease, unspecified, with congestive heart failure",C0494575,Hypertensive heart and renal disease with (congestive) heart failure,narrow,,G,KIDNEYDISEASE,COV
All kidney disease,MDR,10020838,"Hypertensive renal disease, unspecified, without mention of renal failure",C0494574,"Hypertensive renal disease, unspecified, without mention of renal failure",narrow,,G,KIDNEYDISEASE,COV
All kidney disease,MDR,10020821,"Hypertensive heart and renal disease, unspecified, with congestive heart failure and renal failure",C0494576,Hypertensive heart and renal disease with both (congestive) heart failure and renal failure,narrow,,G,KIDNEYDISEASE,COV
All kidney disease,MDR,10045972,Unspecified injury to kidney without mention of open wound into cavity,C0160422,Closed injury of kidney,possible,,G,KIDNEYDISEASE,COV
All kidney disease,MDR,10022223,Injury to kidney without mention of open wound into cavity,C0160422,Closed injury of kidney,possible,,G,KIDNEYDISEASE,COV
All kidney disease,MDR,10019438,"Hematoma of kidney, without rupture of capsule, without mention of open wound into cavity",C0160423,"Injury to kidney without mention of open wound into cavity, hematoma without rupture of capsule",possible,,G,KIDNEYDISEASE,COV
All kidney disease,MDR,10022221,Injury to kidney,C0160420,Injury of kidney,narrow,,G,KIDNEYDISEASE,COV
All kidney disease,MDR,10038473,Renal injury NOS,C0160420,Injury of kidney,narrow,,G,KIDNEYDISEASE,COV
All kidney disease,MDR,10061481,Renal injury,C0160420,Injury of kidney,narrow,,G,KIDNEYDISEASE,COV
All kidney disease,MDR,10019437,"Hematoma of kidney, without rupture of capsule, with open wound into cavity",C0160428,"Kidney hematoma without rupture of capsule, with open wound into cavity",narrow,,G,KIDNEYDISEASE,COV
All kidney disease,MDR,10023592,Laceration of kidney with open wound into cavity,C0160429,Laceration of kidney with open wound into cavity,narrow,,G,KIDNEYDISEASE,COV
All kidney disease,MDR,10045971,Unspecified injury to kidney with open wound into cavity,C0160427,Injury to kidney with open wound into cavity,narrow,,G,KIDNEYDISEASE,COV
All kidney disease,MDR,10022222,Injury to kidney with open wound into cavity,C0160427,Injury to kidney with open wound into cavity,narrow,,G,KIDNEYDISEASE,COV
All kidney disease,MDR,10023593,Laceration of kidney without mention of open wound into cavity,C0160424,Laceration of kidney without mention of open wound into cavity,narrow,,G,KIDNEYDISEASE,COV
All kidney disease,MDR,10021244,Idiopathic retroperitoneal fibrosis,C4048297,Idiopathic retroperitoneal fibrosis,possible,,G,KIDNEYDISEASE,COV
All kidney disease,MDR,10085210,Ormond's disease,C4048297,Idiopathic retroperitoneal fibrosis,possible,,G,KIDNEYDISEASE,COV
All kidney disease,MDR,10045026,Tuberculosis ureter,C0152800,Tuberculosis of ureter,possible,,G,KIDNEYDISEASE,COV
All kidney disease,MDR,10045007,Tuberculosis of ureter,C0152800,Tuberculosis of ureter,possible,,G,KIDNEYDISEASE,COV
All kidney disease,MDR,10045230,Type I diabetes mellitus with ketoacidosis,C0342294,Ketoacidosis due to type 1 diabetes mellitus,exclude,,G,KIDNEYDISEASE,COV
All kidney disease,MDR,10045244,Type II diabetes mellitus with ketoacidosis,C0342295,Ketoacidosis due to type 2 diabetes mellitus,exclude,,G,KIDNEYDISEASE,COV
All kidney disease,MDR,10029148,Nephrolithiasis,C0392525,Nephrolithiasis,possible,,G,KIDNEYDISEASE,COV
All kidney disease,MDR,10038478,Renal lithiasis,C0392525,Nephrolithiasis,possible,,G,KIDNEYDISEASE,COV
All kidney disease,MDR,10083032,Retrograde migration of renal calculi,-,-,possible,Desc: code 10038478,G,KIDNEYDISEASE,COV
All kidney disease,MDR,10019015,Haemorrhagic nephrosonephritis,C0019101,Hemorrhagic Fever with Renal Syndrome,narrow,,G,KIDNEYDISEASE,COV
All kidney disease,MDR,10055301,Korean hemorrhagic fever,C0019101,Hemorrhagic Fever with Renal Syndrome,narrow,,G,KIDNEYDISEASE,COV
All kidney disease,MDR,10075020,Hemorrhagic fever with renal syndrome,C0019101,Hemorrhagic Fever with Renal Syndrome,narrow,,G,KIDNEYDISEASE,COV
All kidney disease,MDR,10062539,Puumala virus nephropathy,C0019101,Hemorrhagic Fever with Renal Syndrome,narrow,,G,KIDNEYDISEASE,COV
All kidney disease,MDR,10075015,Haemorrhagic fever with renal syndrome,C0019101,Hemorrhagic Fever with Renal Syndrome,narrow,,G,KIDNEYDISEASE,COV
All kidney disease,MDR,10019606,Hemorrhagic nephrosonephritis,C0019101,Hemorrhagic Fever with Renal Syndrome,narrow,,G,KIDNEYDISEASE,COV
All kidney disease,MDR,10023484,Korean haemorrhagic fever,C0019101,Hemorrhagic Fever with Renal Syndrome,narrow,,G,KIDNEYDISEASE,COV
All kidney disease,MDR,10019142,Hanta virus infection (korean),C0019101,Hemorrhagic Fever with Renal Syndrome,narrow,,G,KIDNEYDISEASE,COV
All kidney disease,MDR,10057510,Congenital calyceal diverticulum,C0345332,Congenital calyceal diverticulum,possible,,G,KIDNEYDISEASE,COV
All kidney disease,MDR,10037603,Pyelonephritis mycoplasmal,C0521838,Mycoplasmal pyelonephritis,narrow,,G,KIDNEYDISEASE,COV
All kidney disease,MDR,10028481,Mycoplasmal pyelonephritis,C0521838,Mycoplasmal pyelonephritis,narrow,,G,KIDNEYDISEASE,COV
All kidney disease,MDR,10085663,Clear cell papillary renal cell carcinoma,C4518333,Clear cell papillary renal cell carcinoma,narrow,,G,KIDNEYDISEASE,COV
All kidney disease,MDR,10066652,Nephrolithiasis recurrent,C1737262,Recurrent kidney stone,possible,,G,KIDNEYDISEASE,COV
All kidney disease,MDR,10045224,Type 1 (distal) RTA,C1704380,Distal Renal Tubular Acidosis,narrow,,G,KIDNEYDISEASE,COV
All kidney disease,MDR,10013478,Distal RTA,C1704380,Distal Renal Tubular Acidosis,narrow,,G,KIDNEYDISEASE,COV
All kidney disease,MDR,10088489,Distal renal tubular acidosis,C1704380,Distal Renal Tubular Acidosis,narrow,,G,KIDNEYDISEASE,COV
All kidney disease,MDR,10081476,Drug-induced kidney injury,C1404837,Drug-induced Nephropathy,narrow,,G,KIDNEYDISEASE,COV
All kidney disease,MDR,10067974,Automated peritoneal dialysis,C1997821,Automated peritoneal dialysis,narrow,,G,KIDNEYDISEASE,COV
All kidney disease,MDR,10067594,Peritoneal dialysis complication,C0274418,Complication of peritoneal dialysis,narrow,,G,KIDNEYDISEASE,COV
All kidney disease,MDR,10060359,Azotaemia prerenal,C0554309,Prerenal azotemia,possible,,G,KIDNEYDISEASE,COV
All kidney disease,MDR,10003888,Azotemia prerenal,C0554309,Prerenal azotemia,possible,,G,KIDNEYDISEASE,COV
All kidney disease,MDR,10083021,Congenital ureteropelvic junction obstruction,C1298714,Congenital obstruction of ureteropelvic junction,possible,,G,KIDNEYDISEASE,COV
All kidney disease,MDR,10085354,Congenital ureteropelvic junction stenosis,C1298714,Congenital obstruction of ureteropelvic junction,possible,,G,KIDNEYDISEASE,COV
All kidney disease,MDR,10036047,"Polycystic kidney, autosomal recessive",C0085548,Autosomal Recessive Polycystic Kidney Disease,narrow,,G,KIDNEYDISEASE,COV
All kidney disease,MDR,10084111,Primary hyperoxaluria,C0020501,Primary Hyperoxaluria,possible,,G,KIDNEYDISEASE,COV
All kidney disease,MDR,10020703,Hyperoxaluria,C0020500,Hyperoxaluria,possible,,G,KIDNEYDISEASE,COV
All kidney disease,MDR,10080097,Estimated glomerular filtration rate,C3811844,Estimated Glomerular Filtration Rate,possible,,G,KIDNEYDISEASE,COV
All kidney disease,MDR,10032704,Other specified disorders resulting from impaired renal function,C0029791,Other specified disorders resulting from impaired renal function,narrow,,G,KIDNEYDISEASE,COV
All kidney disease,MDR,10029168,Nephrotic syndrome with lesion of minimal change glomerulonephritis,C1704321,"Nephrotic Syndrome, Minimal Change",narrow,,G,KIDNEYDISEASE,COV
All kidney disease,MDR,10020598,Hyperchloraemic acidosis,C0085569,"Metabolic acidosis, NAG, acidifying salts",exclude,,G,KIDNEYDISEASE,COV
All kidney disease,MDR,10000490,Acidosis hyperchloremic,C0085569,"Metabolic acidosis, NAG, acidifying salts",exclude,,G,KIDNEYDISEASE,COV
All kidney disease,MDR,10020600,Hyperchloremic acidosis,C0085569,"Metabolic acidosis, NAG, acidifying salts",exclude,,G,KIDNEYDISEASE,COV
All kidney disease,MDR,10000489,Acidosis hyperchloraemic,C0085569,"Metabolic acidosis, NAG, acidifying salts",exclude,,G,KIDNEYDISEASE,COV
All kidney disease,MDR,10024004,Late metabolic acidosis of newborn,C0158987,Late metabolic acidosis of newborn,possible,,G,KIDNEYDISEASE,COV
All kidney disease,MDR,10077284,Kidney angiomyolipoma,C0241961,Angiomyolipoma of kidney,possible,,G,KIDNEYDISEASE,COV
All kidney disease,MDR,10029136,Nephritis interstitial chronic,C0238304,Chronic tubulointerstitial nephritis,narrow,,G,KIDNEYDISEASE,COV
All kidney disease,MDR,10008929,Chronic interstitial nephritis,C0238304,Chronic tubulointerstitial nephritis,narrow,,G,KIDNEYDISEASE,COV
All kidney disease,MDR,10022615,Interstitial nephritis chronic,C0238304,Chronic tubulointerstitial nephritis,narrow,,G,KIDNEYDISEASE,COV
All kidney disease,MDR,10084204,Sickle cell nephropathy,C0238305,Sickle cell nephropathy,narrow,,G,KIDNEYDISEASE,COV
All kidney disease,MDR,10003188,Arteriovenous fistula creation,C0398221,Arteriovenous fistulization,narrow,,G,KIDNEYDISEASE,COV
All kidney disease,MDR,10003854,AV fistula creation,C0398221,Arteriovenous fistulization,narrow,,G,KIDNEYDISEASE,COV
All kidney disease,MDR,10032676,Other specified disorders of kidney and ureter,C0029781,Other specified disorders of kidney and ureter,possible,,G,KIDNEYDISEASE,COV
All kidney disease,MDR,10032638,Other specified disorder of kidney and ureter,C0029781,Other specified disorders of kidney and ureter,possible,,G,KIDNEYDISEASE,COV
All kidney disease,MDR,10020586,Hypercalcaemic nephropathy,C0152023,Hypercalcemic nephropathy,narrow,,G,KIDNEYDISEASE,COV
All kidney disease,MDR,10060402,Nephropathy hypercalcaemic,C0152023,Hypercalcemic nephropathy,narrow,,G,KIDNEYDISEASE,COV
All kidney disease,MDR,10060485,Hypercalcemic nephropathy,C0152023,Hypercalcemic nephropathy,narrow,,G,KIDNEYDISEASE,COV
All kidney disease,MDR,10029152,Nephropathy hypercalcemic,C0152023,Hypercalcemic nephropathy,narrow,,G,KIDNEYDISEASE,COV
All kidney disease,MDR,10071875,Renal bleeding,C0392175,Hemorrhage of kidney,narrow,,G,KIDNEYDISEASE,COV
All kidney disease,MDR,10019557,Hemorrhage kidney,C0392175,Hemorrhage of kidney,narrow,,G,KIDNEYDISEASE,COV
All kidney disease,MDR,10055820,Haemorrhage kidney,C0392175,Hemorrhage of kidney,narrow,,G,KIDNEYDISEASE,COV
All kidney disease,MDR,10038463,Renal hemorrhage,C0392175,Hemorrhage of kidney,narrow,,G,KIDNEYDISEASE,COV
All kidney disease,MDR,10038460,Renal haemorrhage,C0392175,Hemorrhage of kidney,narrow,,G,KIDNEYDISEASE,COV
All kidney disease,MDR,10037600,Pyelonephritis acute NOS,C0520575,Acute pyelonephritis,narrow,,G,KIDNEYDISEASE,COV
All kidney disease,MDR,10001032,Acute pyelonephritis,C0520575,Acute pyelonephritis,narrow,,G,KIDNEYDISEASE,COV
All kidney disease,MDR,10037597,Pyelonephritis acute,C0520575,Acute pyelonephritis,narrow,,G,KIDNEYDISEASE,COV
All kidney disease,MDR,10048614,Glomerulosclerosis NOS,C0178664,Glomerulosclerosis (disorder),narrow,,G,KIDNEYDISEASE,COV
All kidney disease,MDR,10061989,Glomerulosclerosis,C0178664,Glomerulosclerosis (disorder),narrow,,G,KIDNEYDISEASE,COV
All kidney disease,MDR,10055380,Perirenal hematoma,C0473124,Perinephric hematoma,possible,,G,KIDNEYDISEASE,COV
All kidney disease,MDR,10049450,Perirenal haematoma,C0473124,Perinephric hematoma,possible,,G,KIDNEYDISEASE,COV
All kidney disease,MDR,10019165,Hartnup disease,C0018609,Hartnup Disease,narrow,,G,KIDNEYDISEASE,COV
All kidney disease,MDR,10091507,Aristolochic acid nephropathy,C4049993,Aristolochic Acid Nephropathy,narrow,,G,KIDNEYDISEASE,COV
All kidney disease,MDR,10076412,Chronic kidney disease stage 5,C2316810,Chronic kidney disease stage 5,narrow,,G,KIDNEYDISEASE,COV
All kidney disease,MDR,10012674,Diabetic Kimmelstiel-Wilson syndrome,C4759706,Diabetic Glomerulosclerosis,exclude,,G,KIDNEYDISEASE,COV
All kidney disease,MDR,10082314,Diabetic glomerulopathy,C4759707,Glomerulopathy due to diabetes mellitus,narrow,,G,KIDNEYDISEASE,COV
All kidney disease,MDR,10011744,Cyst of kidney,C3887499,Renal cyst,possible,,G,KIDNEYDISEASE,COV
All kidney disease,MDR,10038426,Renal cyst NOS,C3887499,Renal cyst,possible,,G,KIDNEYDISEASE,COV
All kidney disease,MDR,10080115,Renal cysts,C3887499,Renal cyst,possible,,G,KIDNEYDISEASE,COV
All kidney disease,MDR,10038424,Renal cyst (excl congenital),C3887499,Renal cyst,possible,,G,KIDNEYDISEASE,COV
All kidney disease,MDR,10038423,Renal cyst,C3887499,Renal cyst,possible,,G,KIDNEYDISEASE,COV
All kidney disease,MDR,10024146,Legally induced abortion complicated by renal failure,C0269469,"Legally induced abortion, complicated by renal failure,unspecified",narrow,,G,KIDNEYDISEASE,COV
All kidney disease,MDR,10024174,"Legally induced abortion, unspecified, complicated by renal failure",C0269469,"Legally induced abortion, complicated by renal failure,unspecified",narrow,,G,KIDNEYDISEASE,COV
All kidney disease,MDR,10051754,Lowe's syndrome,C0028860,Oculocerebrorenal Syndrome,possible,,G,KIDNEYDISEASE,COV
All kidney disease,MDR,10051707,Oculocerebrorenal syndrome,C0028860,Oculocerebrorenal Syndrome,possible,,G,KIDNEYDISEASE,COV
All kidney disease,MDR,10060876,Benign familial haematuria,C0241908,"Hematuria, Benign Familial",narrow,,G,KIDNEYDISEASE,COV
All kidney disease,MDR,10060885,Benign familial hematuria,C0241908,"Hematuria, Benign Familial",narrow,,G,KIDNEYDISEASE,COV
All kidney disease,MDR,10012600,Diabetes insipidus nephrogenic,C0162283,Nephrogenic Diabetes Insipidus,narrow,,G,KIDNEYDISEASE,COV
All kidney disease,MDR,10029147,Nephrogenic diabetes insipidus,C0162283,Nephrogenic Diabetes Insipidus,narrow,,G,KIDNEYDISEASE,COV
All kidney disease,MDR,10008888,Chronic glomerulonephritis,C0152451,Chronic glomerulonephritis,narrow,,G,KIDNEYDISEASE,COV
All kidney disease,MDR,10018367,Glomerulonephritis chronic,C0152451,Chronic glomerulonephritis,narrow,,G,KIDNEYDISEASE,COV
All kidney disease,MDR,10069039,TINU syndrome,C1843273,Tubulointerstitial nephritis and uveitis,narrow,,G,KIDNEYDISEASE,COV
All kidney disease,MDR,10069034,Tubulointerstitial nephritis and uveitis syndrome,C1843273,Tubulointerstitial nephritis and uveitis,narrow,,G,KIDNEYDISEASE,COV
All kidney disease,MDR,10029135,Nephritis interstitial acute,C1843274,Acute Tubulointerstitial Nephritis,narrow,,G,KIDNEYDISEASE,COV
All kidney disease,MDR,10000819,Acute interstitial nephritis,C1843274,Acute Tubulointerstitial Nephritis,narrow,,G,KIDNEYDISEASE,COV
All kidney disease,MDR,10022614,Interstitial nephritis acute,C1843274,Acute Tubulointerstitial Nephritis,narrow,,G,KIDNEYDISEASE,COV
All kidney disease,MDR,10054198,Exsiccosis,C0011175,Dehydration,possible,,G,KIDNEYDISEASE,COV
All kidney disease,MDR,10012174,Dehydration,C0011175,Dehydration,exclude,,G,KIDNEYDISEASE,COV
All kidney disease,MDR,10029163,Nephrosis osmotic,C0221042,Hypokalemic nephropathy,narrow,,G,KIDNEYDISEASE,COV
All kidney disease,MDR,10068155,Dialysis dementia,C0221040,Dialysis dementia,narrow,,G,KIDNEYDISEASE,COV
All kidney disease,MDR,10075144,Double renal pelvis,C0266318,Double renal pelvis (disorder),possible,,G,KIDNEYDISEASE,COV
All kidney disease,MDR,10050975,Congenital hydronephrosis,C0266316,Congenital hydronephrosis,narrow,,G,KIDNEYDISEASE,COV
All kidney disease,MDR,10088468,Mainzer-Saldino syndrome,C1849437,Mainzer-Saldino Disease,narrow,,G,KIDNEYDISEASE,COV
All kidney disease,MDR,10076408,Chronic kidney disease stage 1,C2316401,Chronic kidney disease stage 1,narrow,,G,KIDNEYDISEASE,COV
All kidney disease,MDR,10067871,Immunotactoid glomerulonephritis,C2242534,Immunotactoid glomerulonephritis,narrow,,G,KIDNEYDISEASE,COV
All kidney disease,MDR,10065574,Foetal lobulation of kidney,C0266309,congenital lobulation of kidney,possible,,G,KIDNEYDISEASE,COV
All kidney disease,MDR,10065572,Fetal lobulation of kidney,C0266309,congenital lobulation of kidney,possible,,G,KIDNEYDISEASE,COV
All kidney disease,MDR,10023416,Kidney duplex,C0266304,Double kidney (disorder),possible,,G,KIDNEYDISEASE,COV
All kidney disease,MDR,10013870,Duplex kidneys,C0266304,Double kidney (disorder),possible,,G,KIDNEYDISEASE,COV
All kidney disease,MDR,10001049,Acute renal failure with lesion of tubular necrosis,C2902951,Acute kidney failure with tubular necrosis,narrow,,G,KIDNEYDISEASE,COV
All kidney disease,MDR,10020837,"Hypertensive renal disease, unspecified, with renal failure",C0348860,Hypertensive renal disease with renal failure,narrow,,G,KIDNEYDISEASE,COV
All kidney disease,MDR,10020822,"Hypertensive heart and renal disease, unspecified, with renal failure",C0348879,Hypertensive heart and renal disease with renal failure,narrow,,G,KIDNEYDISEASE,COV
All kidney disease,MDR,10091658,NPHP3-related Meckel-like syndrome,C2673885,Renal hepatic pancreatic dysplasia Dandy Walker cyst,possible,,G,KIDNEYDISEASE,COV
All kidney disease,MDR,10032970,Other symptoms involving urinary system,C0159064,Other symptoms involving urinary system,possible,,G,KIDNEYDISEASE,COV
All kidney disease,MDR,10042766,"Symptoms involving urinary system, other",C0159064,Other symptoms involving urinary system,possible,,G,KIDNEYDISEASE,COV
All kidney disease,MDR,10079502,Pauci-immune glomerulonephritis,C0343196,Primary pauci-immune necrotizing and crescentic glomerulonephritis,narrow,,G,KIDNEYDISEASE,COV
All kidney disease,MDR,10018376,Glomerulonephritis proliferative,C0235618,Proliferative glomerulonephritis,narrow,,G,KIDNEYDISEASE,COV
All kidney disease,MDR,10078493,Papillary renal cell carcinoma,C1306837,Papillary Renal Cell Carcinoma,narrow,,G,KIDNEYDISEASE,COV
All kidney disease,MDR,10053872,MELAS syndrome,C0162671,MELAS Syndrome,possible,,G,KIDNEYDISEASE,COV
All kidney disease,MDR,10067602,Mitochondrial encephalomyopathy with lactic acidosis and stroke-like episodes,C0162671,MELAS Syndrome,possible,,G,KIDNEYDISEASE,COV
All kidney disease,MDR,10052786,Masugi's nephritis,C0948908,Nephrotoxic serum nephritis,narrow,,G,KIDNEYDISEASE,COV
All kidney disease,MDR,10010610,Congenital renal dysplasia NOS,C3536714,Renal dysplasia,possible,,G,KIDNEYDISEASE,COV
All kidney disease,MDR,10038433,Renal dysplasia,C3536714,Renal dysplasia,possible,,G,KIDNEYDISEASE,COV
All kidney disease,MDR,10037654,Pyonephrosis NOS,C0034216,Pyonephrosis,narrow,,G,KIDNEYDISEASE,COV
All kidney disease,MDR,10037653,Pyonephrosis,C0034216,Pyonephrosis,narrow,,G,KIDNEYDISEASE,COV
All kidney disease,MDR,10050176,Renal oncocytoma,C0346255,"Oncocytoma, renal",possible,,G,KIDNEYDISEASE,COV
All kidney disease,MDR,10078095,Chronic kidney disease-mineral and bone disorder,C4076240,Chronic kidney disease mineral and bone disorder,narrow,,G,KIDNEYDISEASE,COV
All kidney disease,MDR,10078096,CKD-MBD,C4076240,Chronic kidney disease mineral and bone disorder,narrow,,G,KIDNEYDISEASE,COV
All kidney disease,MDR,10067395,Haemoperfusion,C0019063,Hemoperfusion,exclude,,G,KIDNEYDISEASE,COV
All kidney disease,MDR,10067396,Hemoperfusion,C0019063,Hemoperfusion,exclude,,G,KIDNEYDISEASE,COV
All kidney disease,MDR,10020472,HUS,C0019061,Hemolytic-Uremic Syndrome,narrow,,G,KIDNEYDISEASE,COV
All kidney disease,MDR,10060422,Syndrome haemolytic uraemic,C0019061,Hemolytic-Uremic Syndrome,narrow,,G,KIDNEYDISEASE,COV
All kidney disease,MDR,10018932,Haemolytic uraemic syndrome,C0019061,Hemolytic-Uremic Syndrome,narrow,,G,KIDNEYDISEASE,COV
All kidney disease,MDR,10019515,Hemolytic uremic syndrome,C0019061,Hemolytic-Uremic Syndrome,narrow,,G,KIDNEYDISEASE,COV
All kidney disease,MDR,10018933,Haemolytic-uraemic syndrome,C0019061,Hemolytic-Uremic Syndrome,narrow,,G,KIDNEYDISEASE,COV
All kidney disease,MDR,10019516,Hemolytic-uremic syndrome,C0019061,Hemolytic-Uremic Syndrome,narrow,,G,KIDNEYDISEASE,COV
All kidney disease,MDR,10042814,Syndrome hemolytic uremic,C0019061,Hemolytic-Uremic Syndrome,narrow,,G,KIDNEYDISEASE,COV
All kidney disease,MDR,10065333,BK virus nephropathy,C1697878,BK virus nephropathy,narrow,,G,KIDNEYDISEASE,COV
All kidney disease,MDR,10069390,Ischemic nephropathy,C2721575,Ischemic nephropathy,narrow,,G,KIDNEYDISEASE,COV
All kidney disease,MDR,10069384,Ischaemic nephropathy,C2721575,Ischemic nephropathy,narrow,,G,KIDNEYDISEASE,COV
All kidney disease,MDR,10051506,Ureteral polyp,C0346269,Ureteric polyp,possible,,G,KIDNEYDISEASE,COV
All kidney disease,MDR,10027104,Medullary sponge kidney,C0022681,Medullary sponge kidney,narrow,,G,KIDNEYDISEASE,COV
All kidney disease,MDR,10089534,Cacchi-Ricci disease,C0022681,Medullary sponge kidney,narrow,,G,KIDNEYDISEASE,COV
All kidney disease,MDR,10041712,"Spontaneous abortion, incomplete, complicated by renal failure",C0404922,Renal failure due to and following incomplete miscarriage,narrow,,G,KIDNEYDISEASE,COV
All kidney disease,MDR,10046400,Ureteric disorders,C0403608,Disorder of ureter,possible,,G,KIDNEYDISEASE,COV
All kidney disease,MDR,10004418,Benign neoplasm of ureter,-,-,possible,Desc: code 10046400,G,KIDNEYDISEASE,COV
All kidney disease,MDR,10010540,Congenital megaureter,-,-,possible,Desc: code 10046400,G,KIDNEYDISEASE,COV
All kidney disease,MDR,10013613,Double ureter,-,-,possible,Desc: code 10046400,G,KIDNEYDISEASE,COV
All kidney disease,MDR,10014172,Ectopic ureter,-,-,possible,Desc: code 10046400,G,KIDNEYDISEASE,COV
All kidney disease,MDR,10038979,Retroperitoneal fibrosis,-,-,possible,Desc: code 10046400,G,KIDNEYDISEASE,COV
All kidney disease,MDR,10046392,Ureteric cancer,-,-,possible,Desc: code 10046400,G,KIDNEYDISEASE,COV
All kidney disease,MDR,10046393,Ureteric cancer local,-,-,possible,Desc: code 10046400,G,KIDNEYDISEASE,COV
All kidney disease,MDR,10046394,Ureteric cancer metastatic,-,-,possible,Desc: code 10046400,G,KIDNEYDISEASE,COV
All kidney disease,MDR,10046396,Ureteric cancer recurrent,-,-,possible,Desc: code 10046400,G,KIDNEYDISEASE,COV
All kidney disease,MDR,10046397,Ureteric cancer regional,-,-,possible,Desc: code 10046400,G,KIDNEYDISEASE,COV
All kidney disease,MDR,10046401,Ureteric disorders congenital,-,-,possible,Desc: code 10046400,G,KIDNEYDISEASE,COV
All kidney disease,MDR,10046402,Ureteric disorders NEC,-,-,possible,Desc: code 10046400,G,KIDNEYDISEASE,COV
All kidney disease,MDR,10046405,Ureteric injury,-,-,possible,Desc: code 10046400,G,KIDNEYDISEASE,COV
All kidney disease,MDR,10046411,Ureteric stenosis,-,-,possible,Desc: code 10046400,G,KIDNEYDISEASE,COV
All kidney disease,MDR,10049810,Ureteric rupture,-,-,possible,Desc: code 10046400,G,KIDNEYDISEASE,COV
All kidney disease,MDR,10050266,Ureteral necrosis,-,-,possible,Desc: code 10046400,G,KIDNEYDISEASE,COV
All kidney disease,MDR,10051250,Ureteritis,-,-,possible,Desc: code 10046400,G,KIDNEYDISEASE,COV
All kidney disease,MDR,10051958,Ureteral spasm,-,-,possible,Desc: code 10046400,G,KIDNEYDISEASE,COV
All kidney disease,MDR,10056433,Ureterocele,-,-,possible,Desc: code 10046400,G,KIDNEYDISEASE,COV
All kidney disease,MDR,10056434,Congenital ureterocele,-,-,possible,Desc: code 10046400,G,KIDNEYDISEASE,COV
All kidney disease,MDR,10057587,Post procedural urine leak,-,-,possible,Desc: code 10046400,G,KIDNEYDISEASE,COV
All kidney disease,MDR,10061078,Congenital ureteric anomaly,-,-,possible,Desc: code 10046400,G,KIDNEYDISEASE,COV
All kidney disease,MDR,10061395,Ureter abscess,-,-,possible,Desc: code 10046400,G,KIDNEYDISEASE,COV
All kidney disease,MDR,10062221,Ureteral neoplasm,-,-,possible,Desc: code 10046400,G,KIDNEYDISEASE,COV
All kidney disease,MDR,10065743,Ureteric haemorrhage,-,-,possible,Desc: code 10046400,G,KIDNEYDISEASE,COV
All kidney disease,MDR,10065809,Ureteric perforation,-,-,possible,Desc: code 10046400,G,KIDNEYDISEASE,COV
All kidney disease,MDR,10065914,Ureteral cyst,-,-,possible,Desc: code 10046400,G,KIDNEYDISEASE,COV
All kidney disease,MDR,10066436,Ureteral diverticulum,-,-,possible,Desc: code 10046400,G,KIDNEYDISEASE,COV
All kidney disease,MDR,10066861,Ureteric anastomosis complication,-,-,possible,Desc: code 10046400,G,KIDNEYDISEASE,COV
All kidney disease,MDR,10076386,Ureteric papilloma,-,-,possible,Desc: code 10046400,G,KIDNEYDISEASE,COV
All kidney disease,MDR,10076715,Ureteric compression,-,-,possible,Desc: code 10046400,G,KIDNEYDISEASE,COV
All kidney disease,MDR,10078351,Ureteric atresia,-,-,possible,Desc: code 10046400,G,KIDNEYDISEASE,COV
All kidney disease,MDR,10078666,Bacterial ureteritis,-,-,possible,Desc: code 10046400,G,KIDNEYDISEASE,COV
All kidney disease,MDR,10078750,Ureteral achalasia,-,-,possible,Desc: code 10046400,G,KIDNEYDISEASE,COV
All kidney disease,MDR,10085056,Bifid ureter,-,-,possible,Desc: code 10046400,G,KIDNEYDISEASE,COV
All kidney disease,MDR,10086085,Ureteral wall thickening,-,-,possible,Desc: code 10046400,G,KIDNEYDISEASE,COV
All kidney disease,MDR,10049751,Ureteral disorder NOS,C0403608,Disorder of ureter,possible,,G,KIDNEYDISEASE,COV
All kidney disease,MDR,10062220,Ureteral disorder,C0403608,Disorder of ureter,possible,,G,KIDNEYDISEASE,COV
All kidney disease,MDR,10063210,Transplant glomerulopathy,C0403601,Transplant glomerulopathy,narrow,,G,KIDNEYDISEASE,COV
All kidney disease,MDR,10016220,Fanconi-like syndrome,C0151638,Fanconi like syndrome,possible,,G,KIDNEYDISEASE,COV
All kidney disease,MDR,10042805,Syndrome Fanconi-like,C0151638,Fanconi like syndrome,possible,,G,KIDNEYDISEASE,COV
All kidney disease,MDR,10064116,Continuous ambulatory peritoneal dialysis,C0031140,"Peritoneal Dialysis, Continuous Ambulatory",narrow,,G,KIDNEYDISEASE,COV
All kidney disease,MDR,10007184,CAPD,C0031140,"Peritoneal Dialysis, Continuous Ambulatory",narrow,,G,KIDNEYDISEASE,COV
All kidney disease,MDR,10073589,Hemofiltration,C0019014,Hemofiltration,possible,,G,KIDNEYDISEASE,COV
All kidney disease,MDR,10053090,Haemofiltration,C0019014,Hemofiltration,possible,,G,KIDNEYDISEASE,COV
All kidney disease,MDR,10038486,Renal neoplasms,C0022665,Kidney Neoplasm,possible,,G,KIDNEYDISEASE,COV
All kidney disease,MDR,10033702,Papillary tumour of renal pelvis,-,-,possible,Desc: code 10038486,G,KIDNEYDISEASE,COV
All kidney disease,MDR,10038390,Renal cancer recurrent,-,-,possible,Desc: code 10038486,G,KIDNEYDISEASE,COV
All kidney disease,MDR,10038391,Renal cancer stage I,-,-,possible,Desc: code 10038486,G,KIDNEYDISEASE,COV
All kidney disease,MDR,10038392,Renal cancer stage II,-,-,possible,Desc: code 10038486,G,KIDNEYDISEASE,COV
All kidney disease,MDR,10038393,Renal cancer stage III,-,-,possible,Desc: code 10038486,G,KIDNEYDISEASE,COV
All kidney disease,MDR,10038394,Renal cancer stage IV,-,-,possible,Desc: code 10038486,G,KIDNEYDISEASE,COV
All kidney disease,MDR,10038410,Renal cell carcinoma recurrent,-,-,possible,Desc: code 10038486,G,KIDNEYDISEASE,COV
All kidney disease,MDR,10038411,Renal cell carcinoma stage I,-,-,possible,Desc: code 10038486,G,KIDNEYDISEASE,COV
All kidney disease,MDR,10038412,Renal cell carcinoma stage II,-,-,possible,Desc: code 10038486,G,KIDNEYDISEASE,COV
All kidney disease,MDR,10038413,Renal cell carcinoma stage III,-,-,possible,Desc: code 10038486,G,KIDNEYDISEASE,COV
All kidney disease,MDR,10038414,Renal cell carcinoma stage IV,-,-,possible,Desc: code 10038486,G,KIDNEYDISEASE,COV
All kidney disease,MDR,10039019,Rhabdoid tumour of the kidney,-,-,possible,Desc: code 10038486,G,KIDNEYDISEASE,COV
All kidney disease,MDR,10050018,Renal cancer metastatic,-,-,possible,Desc: code 10038486,G,KIDNEYDISEASE,COV
All kidney disease,MDR,10050513,Metastatic renal cell carcinoma,-,-,possible,Desc: code 10038486,G,KIDNEYDISEASE,COV
All kidney disease,MDR,10051948,Renal adenoma,-,-,possible,Desc: code 10038486,G,KIDNEYDISEASE,COV
All kidney disease,MDR,10059846,Renal cyst haemorrhage,-,-,possible,Desc: code 10038486,G,KIDNEYDISEASE,COV
All kidney disease,MDR,10061872,Non-renal cell carcinoma of kidney,-,-,possible,Desc: code 10038486,G,KIDNEYDISEASE,COV
All kidney disease,MDR,10067943,Hereditary papillary renal carcinoma,-,-,possible,Desc: code 10038486,G,KIDNEYDISEASE,COV
All kidney disease,MDR,10067944,Hereditary leiomyomatosis renal cell carcinoma,-,-,possible,Desc: code 10038486,G,KIDNEYDISEASE,COV
All kidney disease,MDR,10069359,Leukaemic infiltration renal,-,-,possible,Desc: code 10038486,G,KIDNEYDISEASE,COV
All kidney disease,MDR,10069908,Renal haemangioma,-,-,possible,Desc: code 10038486,G,KIDNEYDISEASE,COV
All kidney disease,MDR,10081895,Multilocular cystic nephroma,-,-,possible,Desc: code 10038486,G,KIDNEYDISEASE,COV
All kidney disease,MDR,10083207,Renal hamartoma,-,-,possible,Desc: code 10038486,G,KIDNEYDISEASE,COV
All kidney disease,MDR,10084714,Renal lipoma,-,-,possible,Desc: code 10038486,G,KIDNEYDISEASE,COV
All kidney disease,MDR,10090980,Renal perivascular epithelioid cell tumour,-,-,possible,Desc: code 10038486,G,KIDNEYDISEASE,COV
All kidney disease,MDR,10090987,Non-clear cell renal cell carcinoma,-,-,possible,Desc: code 10038486,G,KIDNEYDISEASE,COV
All kidney disease,MDR,10079228,Kidney tumour,C0022665,Kidney Neoplasm,possible,,G,KIDNEYDISEASE,COV
All kidney disease,MDR,10028979,Neoplasia renal,C0022665,Kidney Neoplasm,possible,,G,KIDNEYDISEASE,COV
All kidney disease,MDR,10038484,Renal neoplasia,C0022665,Kidney Neoplasm,possible,,G,KIDNEYDISEASE,COV
All kidney disease,MDR,10038485,Renal neoplasm NOS,C0022665,Kidney Neoplasm,possible,,G,KIDNEYDISEASE,COV
All kidney disease,MDR,10079235,Kidney tumor,C0022665,Kidney Neoplasm,possible,,G,KIDNEYDISEASE,COV
All kidney disease,MDR,10061482,Renal neoplasm,C0022665,Kidney Neoplasm,possible,,G,KIDNEYDISEASE,COV
All kidney disease,MDR,10038491,Renal papillary necrosis,C0022667,Kidney Papillary Necrosis,narrow,,G,KIDNEYDISEASE,COV
All kidney disease,MDR,10033699,Papillary necrosis renal,C0022667,Kidney Papillary Necrosis,narrow,,G,KIDNEYDISEASE,COV
All kidney disease,MDR,10033711,Papillitis renal necrotizing,C0022667,Kidney Papillary Necrosis,narrow,,G,KIDNEYDISEASE,COV
All kidney disease,MDR,10033695,Papillary kidney necrosis,C0022667,Kidney Papillary Necrosis,narrow,,G,KIDNEYDISEASE,COV
All kidney disease,MDR,10038479,Renal medullary necrosis,C0022667,Kidney Papillary Necrosis,narrow,,G,KIDNEYDISEASE,COV
All kidney disease,MDR,10028865,Necrosis kidney papillary,C0022667,Kidney Papillary Necrosis,narrow,,G,KIDNEYDISEASE,COV
All kidney disease,MDR,10028876,Necrosis papillary kidney,C0022667,Kidney Papillary Necrosis,narrow,,G,KIDNEYDISEASE,COV
All kidney disease,MDR,10038493,Renal papillitis necrotising,C0022667,Kidney Papillary Necrosis,narrow,,G,KIDNEYDISEASE,COV
All kidney disease,MDR,10056221,Papillitis renal necrotising,C0022667,Kidney Papillary Necrosis,narrow,,G,KIDNEYDISEASE,COV
All kidney disease,MDR,10038494,Renal papillitis necrotizing,C0022667,Kidney Papillary Necrosis,narrow,,G,KIDNEYDISEASE,COV
All kidney disease,MDR,10009119,Chronic renal failure,C0022661,"Kidney Failure, Chronic",narrow,,G,KIDNEYDISEASE,COV
All kidney disease,MDR,10023420,Kidney failure chronic,C0022661,"Kidney Failure, Chronic",narrow,,G,KIDNEYDISEASE,COV
All kidney disease,MDR,10038444,Renal failure chronic,C0022661,"Kidney Failure, Chronic",narrow,,G,KIDNEYDISEASE,COV
All kidney disease,MDR,10077512,End stage renal disease,C0022661,"Kidney Failure, Chronic",narrow,,G,KIDNEYDISEASE,COV
All kidney disease,MDR,10014646,End stage renal disease (ESRD),C0022661,"Kidney Failure, Chronic",narrow,,G,KIDNEYDISEASE,COV
All kidney disease,MDR,10014647,End stage renal failure,C0022661,"Kidney Failure, Chronic",narrow,,G,KIDNEYDISEASE,COV
All kidney disease,MDR,10001051,"Acute renal failure, unspecified",C0022660,"Kidney Failure, Acute",narrow,,G,KIDNEYDISEASE,COV
All kidney disease,MDR,10001041,Acute renal failure,C0022660,"Kidney Failure, Acute",narrow,,G,KIDNEYDISEASE,COV
All kidney disease,MDR,10038526,Renal shutdown acute,C0022660,"Kidney Failure, Acute",narrow,,G,KIDNEYDISEASE,COV
All kidney disease,MDR,10038436,Renal failure acute,C0022660,"Kidney Failure, Acute",narrow,,G,KIDNEYDISEASE,COV
All kidney disease,MDR,10000821,Acute kidney failure,C0022660,"Kidney Failure, Acute",narrow,,G,KIDNEYDISEASE,COV
All kidney disease,MDR,10016150,Failure kidney acute,C0022660,"Kidney Failure, Acute",narrow,,G,KIDNEYDISEASE,COV
All kidney disease,MDR,10023419,Kidney failure acute,C0022660,"Kidney Failure, Acute",narrow,,G,KIDNEYDISEASE,COV
All kidney disease,MDR,10073689,Familial renal glycosuria,C3245525,Familial renal glucosuria,narrow,,G,KIDNEYDISEASE,COV
All kidney disease,MDR,10011778,Cystinuria,C0010691,Cystinuria,narrow,,G,KIDNEYDISEASE,COV
All kidney disease,MDR,10024963,Lower nephron nephrosis,C0022672,Acute Kidney Tubular Necrosis,narrow,,G,KIDNEYDISEASE,COV
All kidney disease,MDR,10001099,Acute tubular necrosis,C0022672,Acute Kidney Tubular Necrosis,narrow,,G,KIDNEYDISEASE,COV
All kidney disease,MDR,10038541,Renal tubular necrosis acute,C0022672,Acute Kidney Tubular Necrosis,narrow,,G,KIDNEYDISEASE,COV
All kidney disease,MDR,10029162,Nephrosis lower nephron,C0022672,Acute Kidney Tubular Necrosis,narrow,,G,KIDNEYDISEASE,COV
All kidney disease,MDR,10023438,Kidney transplant,C0022671,Kidney Transplantation,narrow,,G,KIDNEYDISEASE,COV
All kidney disease,MDR,10038533,Renal transplant,C0022671,Kidney Transplantation,narrow,,G,KIDNEYDISEASE,COV
All kidney disease,MDR,10034660,Peritoneal dialysis,C0031139,Peritoneal Dialysis,narrow,,G,KIDNEYDISEASE,COV
All kidney disease,MDR,10021851,"Infection of kidney, unspecified",C0021313,Infection of kidney,narrow,,G,KIDNEYDISEASE,COV
All kidney disease,MDR,10021895,Infections of kidney,C0021313,Infection of kidney,narrow,,G,KIDNEYDISEASE,COV
All kidney disease,MDR,10023424,Kidney infection,C0021313,Infection of kidney,narrow,,G,KIDNEYDISEASE,COV
All kidney disease,MDR,10021850,Infection of kidney,C0021313,Infection of kidney,narrow,,G,KIDNEYDISEASE,COV
All kidney disease,MDR,10023429,Kidney infection NOS,C0021313,Infection of kidney,narrow,,G,KIDNEYDISEASE,COV
All kidney disease,MDR,10066248,Nephronophthisis,C0687120,Nephronophthisis,narrow,,G,KIDNEYDISEASE,COV
All kidney disease,MDR,10038439,Renal failure acute ischemic,C1828256,Acute renal failure due to ischemia,narrow,,G,KIDNEYDISEASE,COV
All kidney disease,MDR,10038438,Renal failure acute ischaemic,C1828256,Acute renal failure due to ischemia,narrow,,G,KIDNEYDISEASE,COV
All kidney disease,MDR,10018875,Haemodialysis,C0019004,Hemodialysis,narrow,,G,KIDNEYDISEASE,COV
All kidney disease,MDR,10018874,Haemodialysed,C0019004,Hemodialysis,narrow,,G,KIDNEYDISEASE,COV
All kidney disease,MDR,10019480,Hemodialysis,C0019004,Hemodialysis,narrow,,G,KIDNEYDISEASE,COV
All kidney disease,MDR,10060607,Hemodialyzed,C0019004,Hemodialysis,narrow,,G,KIDNEYDISEASE,COV
All kidney disease,MDR,10029154,Nephropathy NOS,C0022658,Kidney Diseases,narrow,,G,KIDNEYDISEASE,COV
All kidney disease,MDR,10051051,Renal disease,C0022658,Kidney Diseases,narrow,,G,KIDNEYDISEASE,COV
All kidney disease,MDR,10038428,Renal disorder,C0022658,Kidney Diseases,narrow,,G,KIDNEYDISEASE,COV
All kidney disease,MDR,10038429,Renal disorder NOS,C0022658,Kidney Diseases,narrow,,G,KIDNEYDISEASE,COV
All kidney disease,MDR,10029149,Nephropathies,C0022658,Kidney Diseases,narrow,,G,KIDNEYDISEASE,COV
All kidney disease,MDR,10011777,Cystinosis,-,-,narrow,Desc: code 10029149,G,KIDNEYDISEASE,COV
All kidney disease,MDR,10018365,Glomerulonephritis and nephrotic syndrome,-,-,narrow,Desc: code 10029149,G,KIDNEYDISEASE,COV
All kidney disease,MDR,10022530,Intercapillary glomerulosclerosis,-,-,narrow,Desc: code 10029149,G,KIDNEYDISEASE,COV
All kidney disease,MDR,10029120,Nephritis allergic,-,-,narrow,Desc: code 10029149,G,KIDNEYDISEASE,COV
All kidney disease,MDR,10029132,Nephritis haemorrhagic,-,-,narrow,Desc: code 10029149,G,KIDNEYDISEASE,COV
All kidney disease,MDR,10029137,Nephritis NEC,-,-,narrow,Desc: code 10029149,G,KIDNEYDISEASE,COV
All kidney disease,MDR,10029150,Nephropathies and tubular disorders NEC,-,-,narrow,Desc: code 10029149,G,KIDNEYDISEASE,COV
All kidney disease,MDR,10037111,Pseudo-Bartter syndrome,-,-,narrow,Desc: code 10029149,G,KIDNEYDISEASE,COV
All kidney disease,MDR,10038536,Renal tubular atrophy,-,-,narrow,Desc: code 10029149,G,KIDNEYDISEASE,COV
All kidney disease,MDR,10052313,Liddle's syndrome,-,-,narrow,Desc: code 10029149,G,KIDNEYDISEASE,COV
All kidney disease,MDR,10053870,Alagille syndrome,-,-,narrow,Desc: code 10029149,G,KIDNEYDISEASE,COV
All kidney disease,MDR,10062550,Renal salt-wasting syndrome,-,-,narrow,Desc: code 10029149,G,KIDNEYDISEASE,COV
All kidney disease,MDR,10063344,Microscopic polyangiitis,-,-,narrow,Desc: code 10029149,G,KIDNEYDISEASE,COV
All kidney disease,MDR,10065427,Reflux nephropathy,-,-,narrow,Desc: code 10029149,G,KIDNEYDISEASE,COV
All kidney disease,MDR,10068610,Hepatitis virus-associated nephropathy,-,-,narrow,Desc: code 10029149,G,KIDNEYDISEASE,COV
All kidney disease,MDR,10068698,Familial hypocalciuric hypercalcaemia,-,-,narrow,Desc: code 10029149,G,KIDNEYDISEASE,COV
All kidney disease,MDR,10069440,Henoch-Schonlein purpura nephritis,-,-,narrow,Desc: code 10029149,G,KIDNEYDISEASE,COV
All kidney disease,MDR,10069688,Acute phosphate nephropathy,-,-,narrow,Desc: code 10029149,G,KIDNEYDISEASE,COV
All kidney disease,MDR,10071503,Crystal nephropathy,-,-,narrow,Desc: code 10029149,G,KIDNEYDISEASE,COV
All kidney disease,MDR,10072579,Granulomatosis with polyangiitis,-,-,narrow,Desc: code 10029149,G,KIDNEYDISEASE,COV
All kidney disease,MDR,10073016,Chronic autoimmune glomerulonephritis,-,-,narrow,Desc: code 10029149,G,KIDNEYDISEASE,COV
All kidney disease,MDR,10074480,Post infection glomerulonephritis,-,-,narrow,Desc: code 10029149,G,KIDNEYDISEASE,COV
All kidney disease,MDR,10075626,Paraneoplastic nephrotic syndrome,-,-,narrow,Desc: code 10029149,G,KIDNEYDISEASE,COV
All kidney disease,MDR,10075849,Potassium wasting nephropathy,-,-,narrow,Desc: code 10029149,G,KIDNEYDISEASE,COV
All kidney disease,MDR,10076626,Primary familial hypomagnesaemia,-,-,narrow,Desc: code 10029149,G,KIDNEYDISEASE,COV
All kidney disease,MDR,10077087,Autoimmune nephritis,-,-,narrow,Desc: code 10029149,G,KIDNEYDISEASE,COV
All kidney disease,MDR,10077827,C3 glomerulopathy,-,-,narrow,Desc: code 10029149,G,KIDNEYDISEASE,COV
All kidney disease,MDR,10079437,MYH9-related disease,-,-,narrow,Desc: code 10029149,G,KIDNEYDISEASE,COV
All kidney disease,MDR,10080313,Frasier syndrome,-,-,narrow,Desc: code 10029149,G,KIDNEYDISEASE,COV
All kidney disease,MDR,10080593,Pseudohypoaldosteronism,-,-,narrow,Desc: code 10029149,G,KIDNEYDISEASE,COV
All kidney disease,MDR,10081588,Metabolic nephropathy,-,-,narrow,Desc: code 10029149,G,KIDNEYDISEASE,COV
All kidney disease,MDR,10083070,Immune-mediated nephritis,-,-,narrow,Desc: code 10029149,G,KIDNEYDISEASE,COV
All kidney disease,MDR,10083098,Membranous-like glomerulopathy with masked IgG-kappa deposits,-,-,narrow,Desc: code 10029149,G,KIDNEYDISEASE,COV
All kidney disease,MDR,10083346,Anticoagulant-related nephropathy,-,-,narrow,Desc: code 10029149,G,KIDNEYDISEASE,COV
All kidney disease,MDR,10083522,Immune-mediated renal disorder,-,-,narrow,Desc: code 10029149,G,KIDNEYDISEASE,COV
All kidney disease,MDR,10084107,Primary coenzyme Q10 deficiency,-,-,narrow,Desc: code 10029149,G,KIDNEYDISEASE,COV
All kidney disease,MDR,10084543,Renal phospholipidosis,-,-,narrow,Desc: code 10029149,G,KIDNEYDISEASE,COV
All kidney disease,MDR,10084971,Mesangiolipidosis,-,-,narrow,Desc: code 10029149,G,KIDNEYDISEASE,COV
All kidney disease,MDR,10085357,Acquired hypocalciuric hypercalcaemia,-,-,narrow,Desc: code 10029149,G,KIDNEYDISEASE,COV
All kidney disease,MDR,10085438,Anti-LRP2 nephropathy,-,-,narrow,Desc: code 10029149,G,KIDNEYDISEASE,COV
All kidney disease,MDR,10087686,APOL1-mediated kidney disease,-,-,narrow,Desc: code 10029149,G,KIDNEYDISEASE,COV
All kidney disease,MDR,10089346,Immune-complex membranoproliferative glomerulonephritis,-,-,narrow,Desc: code 10029149,G,KIDNEYDISEASE,COV
All kidney disease,MDR,10091498,Bile cast nephropathy,-,-,narrow,Desc: code 10029149,G,KIDNEYDISEASE,COV
All kidney disease,MDR,10091913,Familial hypokalaemic alkalosis,-,-,narrow,Desc: code 10029149,G,KIDNEYDISEASE,COV
All kidney disease,MDR,10013231,Disorder kidney,C0022658,Kidney Diseases,narrow,,G,KIDNEYDISEASE,COV
All kidney disease,MDR,10013263,Disorder renal,C0022658,Kidney Diseases,narrow,,G,KIDNEYDISEASE,COV
All kidney disease,MDR,10029151,Nephropathy,C0022658,Kidney Diseases,narrow,,G,KIDNEYDISEASE,COV
All kidney disease,MDR,10051052,Kidney disorder,C0022658,Kidney Diseases,narrow,,G,KIDNEYDISEASE,COV
All kidney disease,MDR,10023414,Kidney cortex necrosis,C0022656,Kidney Cortex Necrosis,narrow,,G,KIDNEYDISEASE,COV
All kidney disease,MDR,10028864,Necrosis kidney cortex,C0022656,Kidney Cortex Necrosis,narrow,,G,KIDNEYDISEASE,COV
All kidney disease,MDR,10038422,Renal cortical necrosis,C0022656,Kidney Cortex Necrosis,narrow,,G,KIDNEYDISEASE,COV
All kidney disease,MDR,10041703,"Spontaneous abortion, complete, complicated by renal failure",C0404905,Complete miscarriage with renal failure,narrow,,G,KIDNEYDISEASE,COV
All kidney disease,MDR,10001843,Alport's syndrome,C1567741,Alport Syndrome,narrow,,G,KIDNEYDISEASE,COV
All kidney disease,MDR,10075281,Barakat syndrome,C1840333,Barakat syndrome,narrow,,G,KIDNEYDISEASE,COV
All kidney disease,MDR,10087425,HDR syndrome,C1840333,Barakat syndrome,narrow,,G,KIDNEYDISEASE,COV
All kidney disease,MDR,10038355,Renal agenesis and dysgenesis,C0158699,Renal agenesis and dysgenesis,narrow,,G,KIDNEYDISEASE,COV
All kidney disease,MDR,10066805,Renal pelvis dilatation,C0341676,Pyelectasia,possible,,G,KIDNEYDISEASE,COV
All kidney disease,MDR,10053590,Pyelectasia,C0341676,Pyelectasia,possible,,G,KIDNEYDISEASE,COV
All kidney disease,MDR,10045838,Unspecified disorder resulting from impaired renal function,C0341677,renal impairment; disorder resulting from,narrow,,G,KIDNEYDISEASE,COV
All kidney disease,MDR,10013385,Disorders resulting from impaired renal function,C0341677,renal impairment; disorder resulting from,narrow,,G,KIDNEYDISEASE,COV
All kidney disease,MDR,10076749,Paraneoplastic glomerulonephritis,C4049221,Paraneoplastic glomerulonephritis,narrow,,G,KIDNEYDISEASE,COV
All kidney disease,MDR,10000707,Acute diffuse glomerulonephritis,C0341689,Acute diffuse nephritis,narrow,,G,KIDNEYDISEASE,COV
All kidney disease,MDR,10048302,Tubulointerstitial nephritis,C0041349,"Nephritis, Tubulointerstitial",narrow,,G,KIDNEYDISEASE,COV
All kidney disease,MDR,10063631,Chronic pyelitis,C0341681,Chronic pyelitis,narrow,,G,KIDNEYDISEASE,COV
All kidney disease,MDR,10058986,Kidney donor,C0260788,Donor of kidney for transplant (person),exclude,,G,KIDNEYDISEASE,COV
All kidney disease,MDR,10038381,Renal atrophy,C0341698,Atrophy of kidney,possible,,G,KIDNEYDISEASE,COV
All kidney disease,MDR,10023397,Kidney atrophy,C0341698,Atrophy of kidney,possible,,G,KIDNEYDISEASE,COV
All kidney disease,MDR,10023396,Kidney atrophic,C0341698,Atrophy of kidney,possible,,G,KIDNEYDISEASE,COV
All kidney disease,MDR,10003701,Atrophy kidney,C0341698,Atrophy of kidney,possible,,G,KIDNEYDISEASE,COV
All kidney disease,MDR,10089968,Granulomatous interstitial nephritis,C0341699,Granulomatous tubulointerstitial nephritis,narrow,,G,KIDNEYDISEASE,COV
All kidney disease,MDR,10009022,Chronic nephritis,C2364010,Chronic nephritis,narrow,,G,KIDNEYDISEASE,COV
All kidney disease,MDR,10012700,Dialysis NOS,C0011946,Dialysis procedure,narrow,,G,KIDNEYDISEASE,COV
All kidney disease,MDR,10000790,Acute glomerulonephritis with lesion of proliferative glomerulonephritis,C0341692,Acute proliferative glomerulonephritis,narrow,,G,KIDNEYDISEASE,COV
All kidney disease,MDR,10008893,Chronic glomerulonephritis with lesion of rapidly progressive glomerulonephritis,C0341694,Chronic glomerulonephritis with lesion of rapidly progressive glomerulonephritis,narrow,,G,KIDNEYDISEASE,COV
All kidney disease,MDR,10018379,Glomerulonephritis rapidly progressive chronic,C0341694,Chronic glomerulonephritis with lesion of rapidly progressive glomerulonephritis,narrow,,G,KIDNEYDISEASE,COV
All kidney disease,MDR,10044861,"Tuberculosis of kidney, unspecified examination",C0041328,"Tuberculosis, Renal",narrow,,G,KIDNEYDISEASE,COV
All kidney disease,MDR,10044854,Tuberculosis of kidney,C0041328,"Tuberculosis, Renal",narrow,,G,KIDNEYDISEASE,COV
All kidney disease,MDR,10038534,Renal tuberculosis,C0041328,"Tuberculosis, Renal",narrow,,G,KIDNEYDISEASE,COV
All kidney disease,MDR,10038531,Renal TB,C0041328,"Tuberculosis, Renal",narrow,,G,KIDNEYDISEASE,COV
All kidney disease,MDR,10020831,"Hypertensive renal disease, benign, with renal failure",C0155598,Benign hypertensive renal disease with renal failure,narrow,,G,KIDNEYDISEASE,COV
All kidney disease,MDR,10020833,"Hypertensive renal disease, malignant",C0155593,Malignant hypertensive renal disease,narrow,,G,KIDNEYDISEASE,COV
All kidney disease,MDR,10020830,"Hypertensive renal disease, benign",C0155596,Benign hypertensive renal disease,narrow,,G,KIDNEYDISEASE,COV
All kidney disease,MDR,10020832,"Hypertensive renal disease, benign, without mention of renal failure",C0155596,Benign hypertensive renal disease,narrow,,G,KIDNEYDISEASE,COV
All kidney disease,MDR,10070737,HIV associated nephropathy,C0078911,AIDS-Associated Nephropathy,narrow,,G,KIDNEYDISEASE,COV
All kidney disease,MDR,10020711,Hyperphosphataemia,C0085681,Hyperphosphatemia (disorder),possible,,G,KIDNEYDISEASE,COV
All kidney disease,MDR,10020712,Hyperphosphatemia,C0085681,Hyperphosphatemia (disorder),possible,,G,KIDNEYDISEASE,COV
All kidney disease,MDR,10041694,Spontaneous abortion complicated by renal failure,C0156435,Miscarriage complicated by renal failure,narrow,,G,KIDNEYDISEASE,COV
All kidney disease,MDR,10038489,Renal osteodystrophy,C0035086,Renal Osteodystrophy,narrow,,G,KIDNEYDISEASE,COV
All kidney disease,MDR,10018363,Glomerulitis,C0017657,Glomerulitis (disorder),narrow,,G,KIDNEYDISEASE,COV
All kidney disease,MDR,10038470,Renal infarct,C0035085,Renal infarction,narrow,,G,KIDNEYDISEASE,COV
All kidney disease,MDR,10038471,Renal infarction,C0035085,Renal infarction,narrow,,G,KIDNEYDISEASE,COV
All kidney disease,MDR,10018355,Glomerular filtration rate,C0017654,Glomerular Filtration Rate,exclude,,G,KIDNEYDISEASE,COV
All kidney disease,MDR,10018213,GFR,C0017654,Glomerular Filtration Rate,exclude,,G,KIDNEYDISEASE,COV
All kidney disease,MDR,10052607,Fanconi syndrome acquired,C0341702,Acquired Fanconi syndrome,possible,,G,KIDNEYDISEASE,COV
All kidney disease,MDR,10038376,Renal artery embolism,C0341708,Renal artery embolism,narrow,,G,KIDNEYDISEASE,COV
All kidney disease,MDR,10029143,Nephritis-glomerular,C0017658,Glomerulonephritis,narrow,,G,KIDNEYDISEASE,COV
All kidney disease,MDR,10018364,Glomerulonephritis,C0017658,Glomerulonephritis,narrow,,G,KIDNEYDISEASE,COV
All kidney disease,MDR,10018375,Glomerulonephritis NOS,C0017658,Glomerulonephritis,narrow,,G,KIDNEYDISEASE,COV
All kidney disease,MDR,10065581,Focal glomerulosclerosis,C0017668,Focal glomerulosclerosis,narrow,,G,KIDNEYDISEASE,COV
All kidney disease,MDR,10087691,APOL1-mediated focal segmental glomerulosclerosis,C0017668,Focal glomerulosclerosis,narrow,,G,KIDNEYDISEASE,COV
All kidney disease,MDR,10067757,Focal segmental glomerulosclerosis,C0017668,Focal glomerulosclerosis,narrow,,G,KIDNEYDISEASE,COV
All kidney disease,MDR,10016832,Focal & segmental glomerulosclerosis,C0017668,Focal glomerulosclerosis,narrow,,G,KIDNEYDISEASE,COV
All kidney disease,MDR,10027170,Membranous nephropathy,C0017665,Membranous glomerulonephritis,narrow,,G,KIDNEYDISEASE,COV
All kidney disease,MDR,10018372,Glomerulonephritis membranous,C0017665,Membranous glomerulonephritis,narrow,,G,KIDNEYDISEASE,COV
All kidney disease,MDR,10009116,Chronic pyelonephritis,C0085697,Chronic pyelonephritis,narrow,,G,KIDNEYDISEASE,COV
All kidney disease,MDR,10037602,Pyelonephritis chronic NOS,C0085697,Chronic pyelonephritis,narrow,,G,KIDNEYDISEASE,COV
All kidney disease,MDR,10037601,Pyelonephritis chronic,C0085697,Chronic pyelonephritis,narrow,,G,KIDNEYDISEASE,COV
All kidney disease,MDR,10038448,Renal failure NOS,C0035078,Kidney Failure,narrow,,G,KIDNEYDISEASE,COV
All kidney disease,MDR,10038449,Renal failure unspecified,C0035078,Kidney Failure,narrow,,G,KIDNEYDISEASE,COV
All kidney disease,MDR,10038435,Renal failure,C0035078,Kidney Failure,narrow,,G,KIDNEYDISEASE,COV
All kidney disease,MDR,10016149,Failure kidney,C0035078,Kidney Failure,narrow,,G,KIDNEYDISEASE,COV
All kidney disease,MDR,10023418,Kidney failure,C0035078,Kidney Failure,narrow,,G,KIDNEYDISEASE,COV
All kidney disease,MDR,10038450,"Renal failure, unspecified",C0035078,Kidney Failure,narrow,,G,KIDNEYDISEASE,COV
All kidney disease,MDR,10018369,Glomerulonephritis focal,C0017661,IGA Glomerulonephritis,narrow,,G,KIDNEYDISEASE,COV
All kidney disease,MDR,10021263,IgA nephropathy,C0017661,IGA Glomerulonephritis,narrow,,G,KIDNEYDISEASE,COV
All kidney disease,MDR,10069341,Berger's disease,C0017661,IGA Glomerulonephritis,narrow,,G,KIDNEYDISEASE,COV
All kidney disease,MDR,10027168,Membranoproliferative glomerulonephritis,C0017662,"Glomerulonephritis, Membranoproliferative",narrow,,G,KIDNEYDISEASE,COV
All kidney disease,MDR,10027388,Mesangiocapillary glomerulonephritis,C0017662,"Glomerulonephritis, Membranoproliferative",narrow,,G,KIDNEYDISEASE,COV
All kidney disease,MDR,10018370,Glomerulonephritis membranoproliferative,C0017662,"Glomerulonephritis, Membranoproliferative",narrow,,G,KIDNEYDISEASE,COV
All kidney disease,MDR,10040234,Serum creatinine normal,C0438244,Serum creatinine within reference range,exclude,,G,KIDNEYDISEASE,COV
All kidney disease,MDR,10040231,Serum creatinine abnormal,C0438243,Serum creatinine outside reference range,possible,,G,KIDNEYDISEASE,COV
All kidney disease,MDR,10018867,Haematuria,C0018965,Hematuria,possible,,G,KIDNEYDISEASE,COV
All kidney disease,MDR,10019450,Hematuria,C0018965,Hematuria,possible,,G,KIDNEYDISEASE,COV
All kidney disease,MDR,10021365,Illegally induced abortion complicated by renal failure,C0269524,"Illegally induced abortion, complicated by renal failure, unspecified",narrow,,G,KIDNEYDISEASE,COV
All kidney disease,MDR,10021394,"Illegally induced abortion, unspecified, complicated by renal failure",C0269524,"Illegally induced abortion, complicated by renal failure, unspecified",narrow,,G,KIDNEYDISEASE,COV
All kidney disease,MDR,10038431,Renal disorders congenital,C0543793,Congenital renal disorder,possible,,G,KIDNEYDISEASE,COV
All kidney disease,MDR,10048781,Accessory kidney,-,-,possible,Desc: code 10038431,G,KIDNEYDISEASE,COV
All kidney disease,MDR,10049938,Congenital pyelocaliectasis,-,-,possible,Desc: code 10038431,G,KIDNEYDISEASE,COV
All kidney disease,MDR,10051147,Congenital hydrocele renalis,-,-,possible,Desc: code 10038431,G,KIDNEYDISEASE,COV
All kidney disease,MDR,10064655,Renal aplasia,-,-,possible,Desc: code 10038431,G,KIDNEYDISEASE,COV
All kidney disease,MDR,10068033,Renal fusion anomaly,-,-,possible,Desc: code 10038431,G,KIDNEYDISEASE,COV
All kidney disease,MDR,10072019,Renal malposition,-,-,possible,Desc: code 10038431,G,KIDNEYDISEASE,COV
All kidney disease,MDR,10072727,Extrarenal pelvis,-,-,possible,Desc: code 10038431,G,KIDNEYDISEASE,COV
All kidney disease,MDR,10080385,Hereditary renal microhaematuria,-,-,possible,Desc: code 10038431,G,KIDNEYDISEASE,COV
All kidney disease,MDR,10088562,Ampullary renal pelvis,-,-,possible,Desc: code 10038431,G,KIDNEYDISEASE,COV
All kidney disease,MDR,10066875,Congenital renal disorder,C0543793,Congenital renal disorder,possible,,G,KIDNEYDISEASE,COV
All kidney disease,MDR,10021137,Hypovolaemia,C0546884,Hypovolemia,exclude,,G,KIDNEYDISEASE,COV
All kidney disease,MDR,10021139,Hypovolemia,C0546884,Hypovolemia,exclude,,G,KIDNEYDISEASE,COV
All kidney disease,MDR,10047691,Volume depletion,C0546884,Hypovolemia,possible,,G,KIDNEYDISEASE,COV
All kidney disease,MDR,10030282,Oligemia,C0546884,Hypovolemia,possible,,G,KIDNEYDISEASE,COV
All kidney disease,MDR,10060502,Pericarditis uremic,C0265152,Pericarditis secondary to uremia,possible,,G,KIDNEYDISEASE,COV
All kidney disease,MDR,10046329,Uraemic pericarditis,C0265152,Pericarditis secondary to uremia,possible,,G,KIDNEYDISEASE,COV
All kidney disease,MDR,10034498,Pericarditis uraemic,C0265152,Pericarditis secondary to uremia,possible,,G,KIDNEYDISEASE,COV
All kidney disease,MDR,10046373,Uremic pericarditis,C0265152,Pericarditis secondary to uremia,possible,,G,KIDNEYDISEASE,COV
All kidney disease,MDR,10020810,"Hypertensive heart and renal disease, benign, with congestive heart failure and renal failure",C0155611,"Hypertensive heart and chronic kidney disease, benign, with heart failure and chronic kidney disease stage V or end stage renal disease",narrow,,G,KIDNEYDISEASE,COV
All kidney disease,MDR,10020811,"Hypertensive heart and renal disease, benign, with renal failure",C0155610,"Hypertensive heart and chronic kidney disease, benign, without heart failure and with chronic kidney disease stage V or end stage renal disease",narrow,,G,KIDNEYDISEASE,COV
All kidney disease,MDR,10050839,Bartter's syndrome,C0004775,Bartter Disease,narrow,,G,KIDNEYDISEASE,COV
All kidney disease,MDR,10063209,Chronic allograft nephropathy,C0403592,Chronic rejection of renal transplant,narrow,,G,KIDNEYDISEASE,COV
All kidney disease,MDR,10020809,"Hypertensive heart and renal disease, benign, with congestive heart failure",C0155609,"Hypertensive heart and chronic kidney disease, benign, with heart failure and with chronic kidney disease stage I through stage IV, or unspecified",narrow,,G,KIDNEYDISEASE,COV
All kidney disease,MDR,10037584,Pyelitis,C0034183,Pyelitis,narrow,,G,KIDNEYDISEASE,COV
All kidney disease,MDR,10037604,Pyelonephritis NOS,C0034186,Pyelonephritis,narrow,,G,KIDNEYDISEASE,COV
All kidney disease,MDR,10037606,"Pyelonephritis, unspecified",C0034186,Pyelonephritis,narrow,,G,KIDNEYDISEASE,COV
All kidney disease,MDR,10037596,Pyelonephritis,C0034186,Pyelonephritis,narrow,,G,KIDNEYDISEASE,COV
All kidney disease,MDR,10020808,"Hypertensive heart and renal disease, benign",C0155607,Benign hypertensive heart AND renal disease,narrow,,G,KIDNEYDISEASE,COV
All kidney disease,MDR,10074389,Xanthogranulomatous pyelonephritis,C0034188,"Pyelonephritis, Xanthogranulomatous",narrow,,G,KIDNEYDISEASE,COV
All kidney disease,MDR,10020807,Hypertensive heart and renal disease NOS,C0155601,Hypertensive heart and renal disease,narrow,,G,KIDNEYDISEASE,COV
All kidney disease,MDR,10020819,"Hypertensive heart and renal disease, unspecified",C0155601,Hypertensive heart and renal disease,narrow,,G,KIDNEYDISEASE,COV
All kidney disease,MDR,10020806,Hypertensive heart and renal disease,C0155601,Hypertensive heart and renal disease,narrow,,G,KIDNEYDISEASE,COV
All kidney disease,MDR,10025602,Malignant hypertensive heart and renal disease,C0155602,Malignant hypertensive heart AND renal disease,narrow,,G,KIDNEYDISEASE,COV
All kidney disease,MDR,10020814,"Hypertensive heart and renal disease, malignant",C0155602,Malignant hypertensive heart AND renal disease,narrow,,G,KIDNEYDISEASE,COV
All kidney disease,MDR,10088870,Perlman syndrome,C0796113,"Nephroblastomatosis, fetal ascites, macrosomia and Wilms tumor",narrow,,G,KIDNEYDISEASE,COV
All kidney disease,MDR,10064848,Chronic kidney disease,C1561643,Chronic Kidney Diseases,narrow,,G,KIDNEYDISEASE,COV
All kidney disease,MDR,10002847,Anuria,C0003460,Anuria,possible,,G,KIDNEYDISEASE,COV
All kidney disease,MDR,10046641,Urine formation failure of,C0003460,Anuria,possible,,G,KIDNEYDISEASE,COV
All kidney disease,MDR,10003113,Arrest of urinary output,C0003460,Anuria,possible,,G,KIDNEYDISEASE,COV
All kidney disease,MDR,10016160,Failure of urine formation,C0003460,Anuria,possible,,G,KIDNEYDISEASE,COV
All kidney disease,MDR,10046550,Urinary output arrest of,C0003460,Anuria,possible,,G,KIDNEYDISEASE,COV
All kidney disease,MDR,10080271,Stage 3 acute kidney injury,C4524222,Stage 3 acute kidney injury,narrow,,G,KIDNEYDISEASE,COV
All kidney disease,MDR,10080266,Stage 1 acute kidney injury,C4524217,Stage 1 acute kidney injury,narrow,,G,KIDNEYDISEASE,COV
All kidney disease,MDR,10057399,Calyceal diverticulum,C0574912,Acquired calyceal diverticulum,possible,,G,KIDNEYDISEASE,COV
All kidney disease,MDR,10076410,Chronic kidney disease stage 3,C2316787,Chronic kidney disease stage 3,narrow,,G,KIDNEYDISEASE,COV
All kidney disease,MDR,10076409,Chronic kidney disease stage 2,C2316786,Chronic kidney disease stage 2,narrow,,G,KIDNEYDISEASE,COV
All kidney disease,MDR,10090293,Renal coloboma syndrome,C1852759,Papillorenal syndrome,possible,,G,KIDNEYDISEASE,COV
All kidney disease,MDR,10023421,Kidney fibrosis,C0151650,Renal fibrosis,narrow,,G,KIDNEYDISEASE,COV
All kidney disease,MDR,10016647,Fibrosis kidney,C0151650,Renal fibrosis,narrow,,G,KIDNEYDISEASE,COV
All kidney disease,MDR,10016016,Fabry's disease,C0002986,Fabry Disease,possible,,G,KIDNEYDISEASE,COV
All kidney disease,MDR,10071118,Alpha galactosidase A deficiency,C0002986,Fabry Disease,possible,,G,KIDNEYDISEASE,COV
All kidney disease,MDR,10002458,Angiokeratoma corporis diffusum universale,C0002986,Fabry Disease,possible,,G,KIDNEYDISEASE,COV
All kidney disease,MDR,10010140,"Complete disruption of kidney parenchyma, without mention of open wound into cavity",C0273197,Complete disruption of kidney parenchyma without open wound into cavity,narrow,,G,KIDNEYDISEASE,COV
All kidney disease,MDR,10040230,Serum creatinine,C0201976,"Creatinine measurement, serum (procedure)",possible,,G,KIDNEYDISEASE,COV
All kidney disease,MDR,10083351,OHVIRA syndrome,C4302552,"Double uterus, hemivagina, renal agenesis syndrome",possible,,G,KIDNEYDISEASE,COV
All kidney disease,MDR,10088222,Wunderlich syndrome,C4302552,"Double uterus, hemivagina, renal agenesis syndrome",possible,,G,KIDNEYDISEASE,COV
All kidney disease,MDR,10090222,Herlyn-Werner-Wunderlich syndrome,C4302552,"Double uterus, hemivagina, renal agenesis syndrome",possible,,G,KIDNEYDISEASE,COV
All kidney disease,MDR,10083352,Obstructed hemivagina and ipsilateral renal anomaly syndrome,C4302552,"Double uterus, hemivagina, renal agenesis syndrome",possible,,G,KIDNEYDISEASE,COV
All kidney disease,MDR,10022467,Insufficiency renal,C1565489,Renal Insufficiency,narrow,,G,KIDNEYDISEASE,COV
All kidney disease,MDR,10021523,Impaired renal function,C1565489,Renal Insufficiency,narrow,,G,KIDNEYDISEASE,COV
All kidney disease,MDR,10062237,Renal impairment,C1565489,Renal Insufficiency,narrow,,G,KIDNEYDISEASE,COV
All kidney disease,MDR,10038469,Renal impairment NOS,C1565489,Renal Insufficiency,narrow,,G,KIDNEYDISEASE,COV
All kidney disease,MDR,10038474,Renal insufficiency,C1565489,Renal Insufficiency,narrow,,G,KIDNEYDISEASE,COV
All kidney disease,MDR,10040622,Shutdown renal,C0232808,Absent renal function,narrow,,G,KIDNEYDISEASE,COV
All kidney disease,MDR,10046554,Urinary protein positive,C0033687,Proteinuria,possible,,G,KIDNEYDISEASE,COV
All kidney disease,MDR,10037034,Proteinuria present,C0033687,Proteinuria,possible,,G,KIDNEYDISEASE,COV
All kidney disease,MDR,10037020,Protein urine positive,C0033687,Proteinuria,possible,,G,KIDNEYDISEASE,COV
All kidney disease,MDR,10037032,Proteinuria,C0033687,Proteinuria,possible,,G,KIDNEYDISEASE,COV
All kidney disease,MDR,10029156,Nephropathy tubular,C0151747,Renal tubular disorder,narrow,,G,KIDNEYDISEASE,COV
All kidney disease,MDR,10038539,Renal tubular disorder NOS,C0151747,Renal tubular disorder,narrow,,G,KIDNEYDISEASE,COV
All kidney disease,MDR,10023442,Kidney tubule disorder,C0151747,Renal tubular disorder,narrow,,G,KIDNEYDISEASE,COV
All kidney disease,MDR,10038537,Renal tubular disorder,C0151747,Renal tubular disorder,narrow,,G,KIDNEYDISEASE,COV
All kidney disease,MDR,10050335,Renal tubular dysfunction,C0151747,Renal tubular disorder,narrow,,G,KIDNEYDISEASE,COV
All kidney disease,MDR,10013277,Disorder tubular kidney,C0151747,Renal tubular disorder,narrow,,G,KIDNEYDISEASE,COV
All kidney disease,MDR,10023440,Kidney tubular disorder,C0151747,Renal tubular disorder,narrow,,G,KIDNEYDISEASE,COV
All kidney disease,MDR,10020829,Hypertensive renal disease NOS,C0848548,hypertensive nephropathy,narrow,,G,KIDNEYDISEASE,COV
All kidney disease,MDR,10020836,"Hypertensive renal disease, unspecified",C0848548,hypertensive nephropathy,narrow,,G,KIDNEYDISEASE,COV
All kidney disease,MDR,10020828,Hypertensive renal disease,C0848548,hypertensive nephropathy,narrow,,G,KIDNEYDISEASE,COV
All kidney disease,MDR,10055171,Hypertensive nephropathy,C0848548,hypertensive nephropathy,narrow,,G,KIDNEYDISEASE,COV
All kidney disease,MDR,10029153,Nephropathy hypertensive,C0848548,hypertensive nephropathy,narrow,,G,KIDNEYDISEASE,COV
All kidney disease,MDR,10068230,Cardiorenal syndrome,C2242703,Cardio-Renal Syndrome,narrow,,G,KIDNEYDISEASE,COV
All kidney disease,MDR,10031124,Orthostatic albuminuria,C0232867,Orthostatic proteinuria,possible,,G,KIDNEYDISEASE,COV
All kidney disease,MDR,10036435,Postural proteinuria,C0232867,Orthostatic proteinuria,possible,,G,KIDNEYDISEASE,COV
All kidney disease,MDR,10031129,Orthostatic proteinuria,C0232867,Orthostatic proteinuria,possible,,G,KIDNEYDISEASE,COV
All kidney disease,MDR,10012622,Diabetes mellitus with ketoacidosis,C0011880,Diabetic Ketoacidosis,exclude,,G,KIDNEYDISEASE,COV
All kidney disease,MDR,10012632,Diabetes with ketoacidosis,C0011880,Diabetic Ketoacidosis,exclude,,G,KIDNEYDISEASE,COV
All kidney disease,MDR,10012642,Diabetic acidosis,C0011880,Diabetic Ketoacidosis,exclude,,G,KIDNEYDISEASE,COV
All kidney disease,MDR,10012673,Diabetic ketosis,C0011880,Diabetic Ketoacidosis,exclude,,G,KIDNEYDISEASE,COV
All kidney disease,MDR,10012671,Diabetic ketoacidosis,C0011880,Diabetic Ketoacidosis,exclude,,G,KIDNEYDISEASE,COV
All kidney disease,MDR,10000488,Acidosis diabetic,C0011880,Diabetic Ketoacidosis,possible,,G,KIDNEYDISEASE,COV
All kidney disease,MDR,10023380,Ketoacidosis (diabetic),C0011880,Diabetic Ketoacidosis,exclude,,G,KIDNEYDISEASE,COV
All kidney disease,MDR,10012678,Diabetic nephropathy NOS,C0011881,Diabetic Nephropathy,narrow,,G,KIDNEYDISEASE,COV
All kidney disease,MDR,10061835,Diabetic nephropathy,C0011881,Diabetic Nephropathy,narrow,,G,KIDNEYDISEASE,COV
All kidney disease,MDR,10012687,Diabetic renal disease,C0011881,Diabetic Nephropathy,narrow,,G,KIDNEYDISEASE,COV
All kidney disease,MDR,10084917,Diabetic kidney disease,C0011881,Diabetic Nephropathy,narrow,,G,KIDNEYDISEASE,COV
All kidney disease,MDR,10012638,Diabetes with renal manifestations,C0011881,Diabetic Nephropathy,narrow,,G,KIDNEYDISEASE,COV
All kidney disease,MDR,10088355,Galloway Mowat syndrome,C0795949,Galloway Mowat syndrome,possible,,G,KIDNEYDISEASE,COV
All kidney disease,MDR,10066351,Collecting duct renal cancer,C1266044,Collecting Duct Carcinoma of the Kidney,narrow,,G,KIDNEYDISEASE,COV
All kidney disease,MDR,10073252,Carcinoma of the collecting ducts of Bellini,C1266044,Collecting Duct Carcinoma of the Kidney,narrow,,G,KIDNEYDISEASE,COV
All kidney disease,MDR,10079130,Simple renal cyst,C0268800,Simple renal cyst,possible,,G,KIDNEYDISEASE,COV
All kidney disease,MDR,10080544,Chromophobe renal cell carcinoma,C1266042,Chromophobe Renal Cell Carcinoma,narrow,,G,KIDNEYDISEASE,COV
All kidney disease,MDR,10001046,"Acute renal failure with delivery, with mention of postpartum complication",C0157463,"Acute kidney failure following labor and delivery, delivered, with mention of postpartum complication",narrow,,G,KIDNEYDISEASE,COV
All kidney disease,MDR,10001042,Acute renal failure following labor and delivery,C0157461,Postpartum acute renal failure,narrow,,G,KIDNEYDISEASE,COV
All kidney disease,MDR,10001045,Acute renal failure following labour and delivery,C0157461,Postpartum acute renal failure,narrow,,G,KIDNEYDISEASE,COV
All kidney disease,MDR,10001043,"Acute renal failure following labor and delivery, postpartum condition or complication",C0157464,"Acute kidney failure following labor and delivery, postpartum condition or complication",narrow,,G,KIDNEYDISEASE,COV
All kidney disease,MDR,10020670,Hypermagnesemia,C0151714,Hypermagnesemia,exclude,,G,KIDNEYDISEASE,COV
All kidney disease,MDR,10020669,Hypermagnesaemia,C0151714,Hypermagnesemia,exclude,,G,KIDNEYDISEASE,COV
All kidney disease,MDR,10008891,Chronic glomerulonephritis with lesion of membranous glomerulonephritis,C0008686,Chronic glomerulonephritis with lesion of membranous glomerulonephritis,narrow,,G,KIDNEYDISEASE,COV
All kidney disease,MDR,10008890,Chronic glomerulonephritis with lesion of membranoproliferative glomerulonephritis,C0008685,Chronic glomerulonephritis with lesion of membranoproliferative glomerulonephritis,narrow,,G,KIDNEYDISEASE,COV
All kidney disease,MDR,10025439,Magnesium metabolism disorders,C0012716,Disorder of magnesium metabolism,exclude,,G,KIDNEYDISEASE,COV
All kidney disease,MDR,10021027,Hypomagnesaemia,-,-,exclude,Desc: code 10025439,G,KIDNEYDISEASE,COV
All kidney disease,MDR,10025433,Magnesium deficiency,-,-,exclude,Desc: code 10025439,G,KIDNEYDISEASE,COV
All kidney disease,MDR,10057037,Neonatal tetany,-,-,exclude,Desc: code 10025439,G,KIDNEYDISEASE,COV
All kidney disease,MDR,10071353,Hypermagnesuria,-,-,exclude,Desc: code 10025439,G,KIDNEYDISEASE,COV
All kidney disease,MDR,10025438,Magnesium metabolism disorder,C0012716,Disorder of magnesium metabolism,exclude,,G,KIDNEYDISEASE,COV
All kidney disease,MDR,10013319,Disorders of magnesium metabolism,C0012716,Disorder of magnesium metabolism,exclude,,G,KIDNEYDISEASE,COV
All kidney disease,MDR,10080269,Stage 2 acute kidney injury,C4518598,Acute kidney failure stage 2,narrow,,G,KIDNEYDISEASE,COV
All kidney disease,MDR,10046408,Ureteric reflux,C0042580,Vesico-Ureteral Reflux,possible,,G,KIDNEYDISEASE,COV
All kidney disease,MDR,10047371,Vesicoureteral reflux,C0042580,Vesico-Ureteral Reflux,possible,,G,KIDNEYDISEASE,COV
All kidney disease,MDR,10047370,Vesicoureteric reflux,C0042580,Vesico-Ureteral Reflux,possible,,G,KIDNEYDISEASE,COV
All kidney disease,MDR,10084074,Senior-Loken syndrome,C0403553,Renal dysplasia and retinal aplasia (disorder),possible,,G,KIDNEYDISEASE,COV
All kidney disease,MDR,10059256,Dialysis disequilibrium syndrome,C0403559,Dialysis disequilibrium syndrome,possible,,G,KIDNEYDISEASE,COV
All kidney disease,MDR,10038356,Renal agenesis congenital,C0542519,Congenital absence of kidney,possible,,G,KIDNEYDISEASE,COV
All kidney disease,MDR,10038354,Renal agenesis,C0542519,Congenital absence of kidney,possible,,G,KIDNEYDISEASE,COV
All kidney disease,MDR,10048699,Schimke immunoosseous dysplasia,C0877024,Schimke immunoosseous dysplasia,possible,,G,KIDNEYDISEASE,COV
All kidney disease,MDR,10060881,Adynamic bone disease,C0403566,Adynamic bone disease,exclude,,G,KIDNEYDISEASE,COV
All kidney disease,MDR,10029158,Nephroptosis,C1384594,Nephroptosis,possible,,G,KIDNEYDISEASE,COV
All kidney disease,MDR,10016783,Floating kidney,C1384594,Nephroptosis,possible,,G,KIDNEYDISEASE,COV
All kidney disease,MDR,10023423,Kidney hypermobility,C1384594,Nephroptosis,possible,,G,KIDNEYDISEASE,COV
All kidney disease,MDR,10027784,Mobile kidney,C1384594,Nephroptosis,possible,,G,KIDNEYDISEASE,COV
All kidney disease,MDR,10064569,Muckle-Wells syndrome,C0268390,Muckle-Wells Syndrome,possible,,G,KIDNEYDISEASE,COV
All kidney disease,MDR,10038357,Renal amyloidosis,C0268382,Amyloid nephropathy,narrow,,G,KIDNEYDISEASE,COV
All kidney disease,MDR,10081982,Anti-GBM disease,C0403529,Anti-Glomerular Basement Membrane Disease,possible,,G,KIDNEYDISEASE,COV
All kidney disease,MDR,10081981,Anti-glomerular basement membrane disease,C0403529,Anti-Glomerular Basement Membrane Disease,possible,,G,KIDNEYDISEASE,COV
All kidney disease,MDR,10042809,Syndrome Good pasture,C0403529,Anti-Glomerular Basement Membrane Disease,possible,,G,KIDNEYDISEASE,COV
All kidney disease,MDR,10018620,Goodpasture's syndrome,C0403529,Anti-Glomerular Basement Membrane Disease,possible,,G,KIDNEYDISEASE,COV
All kidney disease,MDR,10042811,Syndrome Goodpasture's,C0403529,Anti-Glomerular Basement Membrane Disease,possible,,G,KIDNEYDISEASE,COV
All kidney disease,MDR,10042810,Syndrome Good postures,C0403529,Anti-Glomerular Basement Membrane Disease,possible,,G,KIDNEYDISEASE,COV
All kidney disease,MDR,10004564,Bilateral hydronephrosis,C0521622,Bilateral hydronephrosis,narrow,,G,KIDNEYDISEASE,COV
All kidney disease,MDR,10088618,Megaloureter,C0521620,Dilatation of ureter,exclude,,G,KIDNEYDISEASE,COV
All kidney disease,MDR,10013009,Dilatation ureteral,C0521620,Dilatation of ureter,exclude,,G,KIDNEYDISEASE,COV
All kidney disease,MDR,10020533,Hydroureter,C0521620,Dilatation of ureter,possible,,G,KIDNEYDISEASE,COV
All kidney disease,MDR,10046399,Ureteric dilatation,C0521620,Dilatation of ureter,possible,,G,KIDNEYDISEASE,COV
All kidney disease,MDR,10054440,Kidney crystallization,C0521623,Kidney crystallization,possible,,G,KIDNEYDISEASE,COV
All kidney disease,MDR,10023415,Kidney crystallisation,C0521623,Kidney crystallization,possible,,G,KIDNEYDISEASE,COV
All kidney disease,MDR,10056194,Crystallisation kidney,C0521623,Kidney crystallization,possible,,G,KIDNEYDISEASE,COV
All kidney disease,MDR,10011507,Crystallization kidney,C0521623,Kidney crystallization,possible,,G,KIDNEYDISEASE,COV
All kidney disease,MDR,10068513,Pulmonary renal syndrome,C0549143,Pulmonary renal syndrome,possible,,G,KIDNEYDISEASE,COV
All kidney disease,MDR,10010622,Congenital single renal cyst,C3854304,Congenital single renal cyst,possible,,G,KIDNEYDISEASE,COV
All kidney disease,MDR,10051749,Ureteropelvic junction obstruction,C0521619,Obstruction of pelviureteric junction,possible,,G,KIDNEYDISEASE,COV
All kidney disease,MDR,10085353,Ureteropelvic junction stenosis,C0521619,Obstruction of pelviureteric junction,possible,,G,KIDNEYDISEASE,COV
All kidney disease,MDR,10034232,Pelvi-ureteric obstruction,C0521619,Obstruction of pelviureteric junction,possible,,G,KIDNEYDISEASE,COV
All kidney disease,MDR,10064886,Renal medullary carcinoma,C4049328,Renal medullary carcinoma,narrow,,G,KIDNEYDISEASE,COV
All kidney disease,MDR,10044501,Traumatic anuria,C0040793,Traumatic anuria,possible,,G,KIDNEYDISEASE,COV
All kidney disease,MDR,10081980,Subacute kidney injury,C4760972,Subacute kidney injury,narrow,,G,KIDNEYDISEASE,COV
All kidney disease,MDR,10027103,Medullary cystic kidney,C2939174,Medullary cystic disease,narrow,,G,KIDNEYDISEASE,COV
All kidney disease,MDR,10027102,Medullary cystic disease,C2939174,Medullary cystic disease,narrow,,G,KIDNEYDISEASE,COV
All kidney disease,MDR,10086674,Balkan endemic nephropathy,C0004698,Balkan Nephropathy,narrow,,G,KIDNEYDISEASE,COV
All kidney disease,MDR,10038446,Renal failure following abortion and ectopic and molar pregnancies,C0495171,Renal failure following abortion and ectopic and molar pregnancy,narrow,,G,KIDNEYDISEASE,COV
All kidney disease,MDR,10068493,Extracorporeal shock wave lithotripsy,C0015359,Extracorporeal Shockwave Lithotripsy,possible,,G,KIDNEYDISEASE,COV
All kidney disease,MDR,10036462,Potter's syndrome,C0178426,Oligohydramnios sequence,possible,,G,KIDNEYDISEASE,COV
All kidney disease,MDR,10029155,Nephropathy toxic,C0595916,Toxic nephropathy,narrow,,G,KIDNEYDISEASE,COV
All kidney disease,MDR,10044238,Toxic nephropathy,C0595916,Toxic nephropathy,narrow,,G,KIDNEYDISEASE,COV
All kidney disease,MDR,10044258,Toxicity renal,C0595916,Toxic nephropathy,narrow,,G,KIDNEYDISEASE,COV
All kidney disease,MDR,10067571,Nephrotoxicity,C0595916,Toxic nephropathy,narrow,,G,KIDNEYDISEASE,COV
All kidney disease,MDR,10018377,Glomerulonephritis proliferative chronic,C0854406,Chronic proliferative glomerulonephritis,narrow,,G,KIDNEYDISEASE,COV
All kidney disease,MDR,10046504,Uric acid nephropathy,C2955673,Urate nephropathy,narrow,,G,KIDNEYDISEASE,COV
All kidney disease,MDR,10046337,Urate nephropathy,C2955673,Urate nephropathy,narrow,,G,KIDNEYDISEASE,COV
All kidney disease,MDR,10011745,"Cyst of kidney, acquired",C0268799,Acquired renal cystic disease,narrow,,G,KIDNEYDISEASE,COV
All kidney disease,MDR,10066453,Mesangioproliferative glomerulonephritis,C0221238,Mesangial proliferative glomerulonephritis,narrow,,G,KIDNEYDISEASE,COV
All kidney disease,MDR,10029160,Nephrosclerosis arteriolar,C0268796,Arteriolar nephrosclerosis,possible,,G,KIDNEYDISEASE,COV
All kidney disease,MDR,10018378,Glomerulonephritis rapidly progressive,C0221239,Rapidly progressive glomerulonephritis,narrow,,G,KIDNEYDISEASE,COV
All kidney disease,MDR,10038544,Renal vascular disorder NOS,C0268790,Renal vascular disorder,possible,,G,KIDNEYDISEASE,COV
All kidney disease,MDR,10038553,Renal vessel disorder,C0268790,Renal vascular disorder,possible,,G,KIDNEYDISEASE,COV
All kidney disease,MDR,10047069,Vascular disorders of kidney,C0268790,Renal vascular disorder,possible,,G,KIDNEYDISEASE,COV
All kidney disease,MDR,10063417,Salt-losing nephritis,C0268785,Salt-losing nephropathy,narrow,,G,KIDNEYDISEASE,COV
All kidney disease,MDR,10080174,Salt-losing nephropathy,C0268785,Salt-losing nephropathy,narrow,,G,KIDNEYDISEASE,COV
All kidney disease,MDR,10028966,Neonatal respiratory acidosis,C0521645,Neonatal respiratory acidosis,exclude,,G,KIDNEYDISEASE,COV
All kidney disease,MDR,10038662,Respiratory acidosis neonatal,C0521645,Neonatal respiratory acidosis,exclude,,G,KIDNEYDISEASE,COV
All kidney disease,MDR,10073599,Myeloma cast nephropathy,C0268784,Myeloma kidney,narrow,,G,KIDNEYDISEASE,COV
All kidney disease,MDR,10073600,Myeloma kidney,C0268784,Myeloma kidney,narrow,,G,KIDNEYDISEASE,COV
All kidney disease,MDR,10010185,Complications of transplanted kidney,C1261281,Disorder of transplanted kidney,narrow,,G,KIDNEYDISEASE,COV
All kidney disease,MDR,10018479,Glycosuria renal,C0017980,"Glycosuria, Renal",narrow,,G,KIDNEYDISEASE,COV
All kidney disease,MDR,10038457,Renal glycosuria,C0017980,"Glycosuria, Renal",narrow,,G,KIDNEYDISEASE,COV
All kidney disease,MDR,10060741,Familial nephrotic syndrome,C3501848,"Nephrosis, congenital",possible,,G,KIDNEYDISEASE,COV
All kidney disease,MDR,10060737,Congenital nephrotic syndrome,C3501848,"Nephrosis, congenital",possible,,G,KIDNEYDISEASE,COV
All kidney disease,MDR,10022942,Iridodialysis,C0152246,Iridodialysis,exclude,,G,KIDNEYDISEASE,COV
All kidney disease,MDR,10018475,Glycosuria during pregnancy,C0403496,Pregnancy-related glycosuria,possible,,G,KIDNEYDISEASE,COV
All kidney disease,MDR,10046138,"Unspecified renal disease in pregnancy, without mention of hypertension",C0269673,Renal disease in pregnancy AND/OR puerperium without hypertension,narrow,,G,KIDNEYDISEASE,COV
All kidney disease,MDR,10058205,Azotaemia of renal origin,C0235446,Azotemia due to intrarenal disease,narrow,,G,KIDNEYDISEASE,COV
All kidney disease,MDR,10058206,Azotaemia renal,C0235446,Azotemia due to intrarenal disease,narrow,,G,KIDNEYDISEASE,COV
All kidney disease,MDR,10003887,Azotemia of renal origin,C0235446,Azotemia due to intrarenal disease,narrow,,G,KIDNEYDISEASE,COV
All kidney disease,MDR,10003889,Azotemia renal,C0235446,Azotemia due to intrarenal disease,narrow,,G,KIDNEYDISEASE,COV
All kidney disease,MDR,10021678,Increased serum creatinine,C0700225,Serum creatinine raised,possible,,G,KIDNEYDISEASE,COV
All kidney disease,MDR,10037825,Raised serum creatinine,C0700225,Serum creatinine raised,possible,,G,KIDNEYDISEASE,COV
All kidney disease,MDR,10040233,Serum creatinine increased,C0700225,Serum creatinine raised,possible,,G,KIDNEYDISEASE,COV
All kidney disease,MDR,10011375,Creatinine serum increased,C0700225,Serum creatinine raised,possible,,G,KIDNEYDISEASE,COV
All kidney disease,MDR,10000939,Acute nephritic syndrome,C0268733,Acute nephritis,narrow,,G,KIDNEYDISEASE,COV
All kidney disease,MDR,10029118,Nephritis acute,C0268733,Acute nephritis,narrow,,G,KIDNEYDISEASE,COV
All kidney disease,MDR,10000940,Acute nephritis,C0268733,Acute nephritis,narrow,,G,KIDNEYDISEASE,COV
All kidney disease,MDR,10029172,Nephrotic syndrome with unspecified pathological lesion in kidney,C0027730,Nephrotic syndrome with unspecified pathological lesion in kidney,narrow,,G,KIDNEYDISEASE,COV
All kidney disease,MDR,10065673,Nephritic syndrome,C0268732,Nephritic syndrome,narrow,,G,KIDNEYDISEASE,COV
All kidney disease,MDR,10051920,Glomerulonephropathy,C0268731,Renal glomerular disease,narrow,,G,KIDNEYDISEASE,COV
All kidney disease,MDR,10091967,Glomerulopathy,C0268731,Renal glomerular disease,narrow,,G,KIDNEYDISEASE,COV
All kidney disease,MDR,10038525,"Renal sclerosis, unspecified",C0027719,Nephrosclerosis,narrow,,G,KIDNEYDISEASE,COV
All kidney disease,MDR,10029159,Nephrosclerosis,C0027719,Nephrosclerosis,narrow,,G,KIDNEYDISEASE,COV
All kidney disease,MDR,10038524,Renal sclerosis,C0027719,Nephrosclerosis,narrow,,G,KIDNEYDISEASE,COV
All kidney disease,MDR,10003214,Arteriosclerosis renal,C0027719,Nephrosclerosis,narrow,,G,KIDNEYDISEASE,COV
All kidney disease,MDR,10038372,Renal arteriosclerosis,C0027719,Nephrosclerosis,possible,,G,KIDNEYDISEASE,COV
All kidney disease,MDR,10001031,Acute pyelitis,C0268715,Acute pyelitis,narrow,,G,KIDNEYDISEASE,COV
All kidney disease,MDR,10037586,"Pyelitis, acute",C0268715,Acute pyelitis,narrow,,G,KIDNEYDISEASE,COV
All kidney disease,MDR,10000494,Acidosis renal tubular,C0001126,Renal tubular acidosis,narrow,,G,KIDNEYDISEASE,COV
All kidney disease,MDR,10038535,Renal tubular acidosis,C0001126,Renal tubular acidosis,narrow,,G,KIDNEYDISEASE,COV
All kidney disease,MDR,10039248,RTA,C0001126,Renal tubular acidosis,narrow,,G,KIDNEYDISEASE,COV
All kidney disease,MDR,10038353,Renal acidosis tubular,C0001126,Renal tubular acidosis,narrow,,G,KIDNEYDISEASE,COV
All kidney disease,MDR,10054353,Chronic renal failure anemia,C0271932,Anemia of chronic renal failure,narrow,,G,KIDNEYDISEASE,COV
All kidney disease,MDR,10009120,Chronic renal failure anaemia,C0271932,Anemia of chronic renal failure,narrow,,G,KIDNEYDISEASE,COV
All kidney disease,MDR,10009253,Clear cell sarcoma of the kidney,C0334488,Clear cell sarcoma of kidney,narrow,,G,KIDNEYDISEASE,COV
All kidney disease,MDR,10046328,Uraemic neuropathy,C0268708,Uremic neuropathy,possible,,G,KIDNEYDISEASE,COV
All kidney disease,MDR,10046372,Uremic neuropathy,C0268708,Uremic neuropathy,possible,,G,KIDNEYDISEASE,COV
All kidney disease,MDR,10029171,Nephrotic syndrome with other specified pathological lesion in kidney,C0027729,Nephrotic syndrome with other specified pathological lesion in kidney,narrow,,G,KIDNEYDISEASE,COV
All kidney disease,MDR,10046324,Uraemic acidosis,C0268705,Uremic acidosis,possible,,G,KIDNEYDISEASE,COV
All kidney disease,MDR,10060504,Uremic acidosis,C0268705,Uremic acidosis,possible,,G,KIDNEYDISEASE,COV
All kidney disease,MDR,10045799,Unspecified disorder of kidney and ureter,C0268701,"Disorder of kidney and ureter, unspecified",possible,,G,KIDNEYDISEASE,COV
All kidney disease,MDR,10042826,Syndrome nephrotic,C0027726,Nephrotic Syndrome,narrow,,G,KIDNEYDISEASE,COV
All kidney disease,MDR,10029164,Nephrotic syndrome,C0027726,Nephrotic Syndrome,narrow,,G,KIDNEYDISEASE,COV
All kidney disease,MDR,10058325,Lipoid nephrosis,C0027721,Lipoid nephrosis,narrow,,G,KIDNEYDISEASE,COV
All kidney disease,MDR,10058326,Minimal change disease,C0027721,Lipoid nephrosis,narrow,,G,KIDNEYDISEASE,COV
All kidney disease,MDR,10018374,Glomerulonephritis minimal lesion,C0027721,Lipoid nephrosis,narrow,,G,KIDNEYDISEASE,COV
All kidney disease,MDR,10027643,Minimal change glomerulonephritis,C0027721,Lipoid nephrosis,narrow,,G,KIDNEYDISEASE,COV
All kidney disease,MDR,10068586,Secondary oxalosis,C0268773,Secondary oxalosis,possible,,G,KIDNEYDISEASE,COV
All kidney disease,MDR,10080893,Oxalate nephropathy,C0268770,Oxalate nephropathy,narrow,,G,KIDNEYDISEASE,COV
All kidney disease,MDR,10050153,Cyclodialysis,C0197526,Cyclodialysis,exclude,,G,KIDNEYDISEASE,COV
All kidney disease,MDR,10006939,Calcinosis renal,C0027709,Nephrocalcinosis,possible,,G,KIDNEYDISEASE,COV
All kidney disease,MDR,10029146,Nephrocalcinosis,C0027709,Nephrocalcinosis,possible,,G,KIDNEYDISEASE,COV
All kidney disease,MDR,10083509,Renal calcification,C0027709,Nephrocalcinosis,possible,,G,KIDNEYDISEASE,COV
All kidney disease,MDR,10008917,Chronic hereditary nephritis,C0027706,Hereditary nephritis,narrow,,G,KIDNEYDISEASE,COV
All kidney disease,MDR,10029134,Nephritis interstitial,C0027707,"Nephritis, Interstitial",narrow,,G,KIDNEYDISEASE,COV
All kidney disease,MDR,10047986,Wilms tumour,C0027708,Nephroblastoma,narrow,,G,KIDNEYDISEASE,COV
All kidney disease,MDR,10047985,Wilms tumor,C0027708,Nephroblastoma,narrow,,G,KIDNEYDISEASE,COV
All kidney disease,MDR,10029145,Nephroblastoma,C0027708,Nephroblastoma,narrow,,G,KIDNEYDISEASE,COV
All kidney disease,MDR,10047987,Wilms' tumor,C0027708,Nephroblastoma,narrow,,G,KIDNEYDISEASE,COV
All kidney disease,MDR,10046567,Urinary tract disorder NOS,C0042075,Urologic Diseases,possible,,G,KIDNEYDISEASE,COV
All kidney disease,MDR,10046566,Urinary tract disorder,C0042075,Urologic Diseases,possible,,G,KIDNEYDISEASE,COV
All kidney disease,MDR,10013278,Disorder urinary tract,C0042075,Urologic Diseases,possible,,G,KIDNEYDISEASE,COV
All kidney disease,MDR,10038359,Renal,C0042075,Urologic Diseases,possible,,G,KIDNEYDISEASE,COV
All kidney disease,MDR,10000196,Urinary abnormalities,-,-,possible,Desc: code 10038359,G,KIDNEYDISEASE,COV
All kidney disease,MDR,10001580,Albuminuria,-,-,possible,Desc: code 10038359,G,KIDNEYDISEASE,COV
All kidney disease,MDR,10001689,Alkaptonuria,-,-,possible,Desc: code 10038359,G,KIDNEYDISEASE,COV
All kidney disease,MDR,10001939,Aminoaciduria,-,-,possible,Desc: code 10038359,G,KIDNEYDISEASE,COV
All kidney disease,MDR,10003267,Arthritis reactive,-,-,possible,Desc: code 10038359,G,KIDNEYDISEASE,COV
All kidney disease,MDR,10003629,Atonic urinary bladder,-,-,possible,Desc: code 10038359,G,KIDNEYDISEASE,COV
All kidney disease,MDR,10003885,Azotaemia,-,-,possible,Desc: code 10038359,G,KIDNEYDISEASE,COV
All kidney disease,MDR,10004056,Bacteriuria,-,-,possible,Desc: code 10038359,G,KIDNEYDISEASE,COV
All kidney disease,MDR,10004058,Bacteriuria in pregnancy,-,-,possible,Desc: code 10038359,G,KIDNEYDISEASE,COV
All kidney disease,MDR,10004231,Bence Jones proteinuria,-,-,possible,Desc: code 10038359,G,KIDNEYDISEASE,COV
All kidney disease,MDR,10004302,Benign neoplasm of bladder,-,-,possible,Desc: code 10038359,G,KIDNEYDISEASE,COV
All kidney disease,MDR,10004419,Benign neoplasm of urethra,-,-,possible,Desc: code 10038359,G,KIDNEYDISEASE,COV
All kidney disease,MDR,10004710,Bilirubinuria,-,-,possible,Desc: code 10038359,G,KIDNEYDISEASE,COV
All kidney disease,MDR,10004984,Blackwater fever,-,-,possible,Desc: code 10038359,G,KIDNEYDISEASE,COV
All kidney disease,MDR,10004986,Bladder adenocarcinoma recurrent,-,-,possible,Desc: code 10038359,G,KIDNEYDISEASE,COV
All kidney disease,MDR,10004987,Bladder adenocarcinoma stage 0,-,-,possible,Desc: code 10038359,G,KIDNEYDISEASE,COV
All kidney disease,MDR,10004988,Bladder adenocarcinoma stage I,-,-,possible,Desc: code 10038359,G,KIDNEYDISEASE,COV
All kidney disease,MDR,10004989,Bladder adenocarcinoma stage II,-,-,possible,Desc: code 10038359,G,KIDNEYDISEASE,COV
All kidney disease,MDR,10004990,Bladder adenocarcinoma stage III,-,-,possible,Desc: code 10038359,G,KIDNEYDISEASE,COV
All kidney disease,MDR,10004991,Bladder adenocarcinoma stage IV,-,-,possible,Desc: code 10038359,G,KIDNEYDISEASE,COV
All kidney disease,MDR,10004992,Bladder adenocarcinoma stage unspecified,-,-,possible,Desc: code 10038359,G,KIDNEYDISEASE,COV
All kidney disease,MDR,10004994,Bladder and bladder neck disorders (excl calculi),-,-,possible,Desc: code 10038359,G,KIDNEYDISEASE,COV
All kidney disease,MDR,10004995,Bladder and urethral symptoms,-,-,possible,Desc: code 10038359,G,KIDNEYDISEASE,COV
All kidney disease,MDR,10005003,Bladder cancer,-,-,possible,Desc: code 10038359,G,KIDNEYDISEASE,COV
All kidney disease,MDR,10005005,Bladder cancer recurrent,-,-,possible,Desc: code 10038359,G,KIDNEYDISEASE,COV
All kidney disease,MDR,10005006,"Bladder cancer stage 0, with cancer in situ",-,-,possible,Desc: code 10038359,G,KIDNEYDISEASE,COV
All kidney disease,MDR,10005007,"Bladder cancer stage 0, without cancer in situ",-,-,possible,Desc: code 10038359,G,KIDNEYDISEASE,COV
All kidney disease,MDR,10005008,"Bladder cancer stage I, with cancer in situ",-,-,possible,Desc: code 10038359,G,KIDNEYDISEASE,COV
All kidney disease,MDR,10005009,"Bladder cancer stage I, without cancer in situ",-,-,possible,Desc: code 10038359,G,KIDNEYDISEASE,COV
All kidney disease,MDR,10005010,Bladder cancer stage II,-,-,possible,Desc: code 10038359,G,KIDNEYDISEASE,COV
All kidney disease,MDR,10005011,Bladder cancer stage III,-,-,possible,Desc: code 10038359,G,KIDNEYDISEASE,COV
All kidney disease,MDR,10005012,Bladder cancer stage IV,-,-,possible,Desc: code 10038359,G,KIDNEYDISEASE,COV
All kidney disease,MDR,10005033,Bladder dilatation,-,-,possible,Desc: code 10038359,G,KIDNEYDISEASE,COV
All kidney disease,MDR,10005034,Bladder discomfort,-,-,possible,Desc: code 10038359,G,KIDNEYDISEASE,COV
All kidney disease,MDR,10005037,Bladder disorders NEC,-,-,possible,Desc: code 10038359,G,KIDNEYDISEASE,COV
All kidney disease,MDR,10005038,Bladder diverticulum,-,-,possible,Desc: code 10038359,G,KIDNEYDISEASE,COV
All kidney disease,MDR,10005042,Bladder fibrosis,-,-,possible,Desc: code 10038359,G,KIDNEYDISEASE,COV
All kidney disease,MDR,10005043,Bladder granuloma,-,-,possible,Desc: code 10038359,G,KIDNEYDISEASE,COV
All kidney disease,MDR,10005049,Bladder infections and inflammations,-,-,possible,Desc: code 10038359,G,KIDNEYDISEASE,COV
All kidney disease,MDR,10005052,Bladder irritation,-,-,possible,Desc: code 10038359,G,KIDNEYDISEASE,COV
All kidney disease,MDR,10005053,Bladder neck obstruction,-,-,possible,Desc: code 10038359,G,KIDNEYDISEASE,COV
All kidney disease,MDR,10005056,Bladder neoplasm,-,-,possible,Desc: code 10038359,G,KIDNEYDISEASE,COV
All kidney disease,MDR,10005058,Bladder neoplasms,-,-,possible,Desc: code 10038359,G,KIDNEYDISEASE,COV
All kidney disease,MDR,10005060,Bladder obstruction,-,-,possible,Desc: code 10038359,G,KIDNEYDISEASE,COV
All kidney disease,MDR,10005063,Bladder pain,-,-,possible,Desc: code 10038359,G,KIDNEYDISEASE,COV
All kidney disease,MDR,10005064,Bladder papilloma,-,-,possible,Desc: code 10038359,G,KIDNEYDISEASE,COV
All kidney disease,MDR,10005069,Bladder reflux conditions,-,-,possible,Desc: code 10038359,G,KIDNEYDISEASE,COV
All kidney disease,MDR,10005073,Bladder sphincter atony,-,-,possible,Desc: code 10038359,G,KIDNEYDISEASE,COV
All kidney disease,MDR,10005075,Bladder squamous cell carcinoma recurrent,-,-,possible,Desc: code 10038359,G,KIDNEYDISEASE,COV
All kidney disease,MDR,10005076,Bladder squamous cell carcinoma stage 0,-,-,possible,Desc: code 10038359,G,KIDNEYDISEASE,COV
All kidney disease,MDR,10005077,Bladder squamous cell carcinoma stage I,-,-,possible,Desc: code 10038359,G,KIDNEYDISEASE,COV
All kidney disease,MDR,10005078,Bladder squamous cell carcinoma stage II,-,-,possible,Desc: code 10038359,G,KIDNEYDISEASE,COV
All kidney disease,MDR,10005079,Bladder squamous cell carcinoma stage III,-,-,possible,Desc: code 10038359,G,KIDNEYDISEASE,COV
All kidney disease,MDR,10005080,Bladder squamous cell carcinoma stage IV,-,-,possible,Desc: code 10038359,G,KIDNEYDISEASE,COV
All kidney disease,MDR,10005081,Bladder squamous cell carcinoma stage unspecified,-,-,possible,Desc: code 10038359,G,KIDNEYDISEASE,COV
All kidney disease,MDR,10005082,Bladder stenosis,-,-,possible,Desc: code 10038359,G,KIDNEYDISEASE,COV
All kidney disease,MDR,10005083,Bladder telangiectasia,-,-,possible,Desc: code 10038359,G,KIDNEYDISEASE,COV
All kidney disease,MDR,10005084,Bladder transitional cell carcinoma,-,-,possible,Desc: code 10038359,G,KIDNEYDISEASE,COV
All kidney disease,MDR,10006987,Calculus bladder,-,-,possible,Desc: code 10038359,G,KIDNEYDISEASE,COV
All kidney disease,MDR,10007019,Calculus prostatic,-,-,possible,Desc: code 10038359,G,KIDNEYDISEASE,COV
All kidney disease,MDR,10007026,Calculus urethral,-,-,possible,Desc: code 10038359,G,KIDNEYDISEASE,COV
All kidney disease,MDR,10007027,Calculus urinary,-,-,possible,Desc: code 10038359,G,KIDNEYDISEASE,COV
All kidney disease,MDR,10008684,Choluria,-,-,possible,Desc: code 10038359,G,KIDNEYDISEASE,COV
All kidney disease,MDR,10008796,Chromaturia,-,-,possible,Desc: code 10038359,G,KIDNEYDISEASE,COV
All kidney disease,MDR,10009168,Chyluria,-,-,possible,Desc: code 10038359,G,KIDNEYDISEASE,COV
All kidney disease,MDR,10010082,Coma uraemic,-,-,possible,Desc: code 10038359,G,KIDNEYDISEASE,COV
All kidney disease,MDR,10010180,Renal failure complications,-,-,possible,Desc: code 10038359,G,KIDNEYDISEASE,COV
All kidney disease,MDR,10010381,Congenital bladder diverticulum,-,-,possible,Desc: code 10038359,G,KIDNEYDISEASE,COV
All kidney disease,MDR,10010382,Congenital bladder neck obstruction,-,-,possible,Desc: code 10038359,G,KIDNEYDISEASE,COV
All kidney disease,MDR,10010453,Congenital ectopic bladder,-,-,possible,Desc: code 10038359,G,KIDNEYDISEASE,COV
All kidney disease,MDR,10010484,Congenital genitourinary tract anomalies NEC,-,-,possible,Desc: code 10038359,G,KIDNEYDISEASE,COV
All kidney disease,MDR,10010661,Congenital urethral disorders,-,-,possible,Desc: code 10038359,G,KIDNEYDISEASE,COV
All kidney disease,MDR,10010663,Congenital urinary tract obstruction,-,-,possible,Desc: code 10038359,G,KIDNEYDISEASE,COV
All kidney disease,MDR,10010672,Congenital vesicoureteric reflux,-,-,possible,Desc: code 10038359,G,KIDNEYDISEASE,COV
All kidney disease,MDR,10010814,Contracted bladder,-,-,possible,Desc: code 10038359,G,KIDNEYDISEASE,COV
All kidney disease,MDR,10011479,Cryoglobulinuria,-,-,possible,Desc: code 10038359,G,KIDNEYDISEASE,COV
All kidney disease,MDR,10011509,Crystalluria,-,-,possible,Desc: code 10038359,G,KIDNEYDISEASE,COV
All kidney disease,MDR,10011730,Cylindruria,-,-,possible,Desc: code 10038359,G,KIDNEYDISEASE,COV
All kidney disease,MDR,10011781,Cystitis,-,-,possible,Desc: code 10038359,G,KIDNEYDISEASE,COV
All kidney disease,MDR,10011790,Cystitis escherichia,-,-,possible,Desc: code 10038359,G,KIDNEYDISEASE,COV
All kidney disease,MDR,10011792,Cystitis gonococcal,-,-,possible,Desc: code 10038359,G,KIDNEYDISEASE,COV
All kidney disease,MDR,10011793,Cystitis haemorrhagic,-,-,possible,Desc: code 10038359,G,KIDNEYDISEASE,COV
All kidney disease,MDR,10011796,Cystitis interstitial,-,-,possible,Desc: code 10038359,G,KIDNEYDISEASE,COV
All kidney disease,MDR,10011797,Cystitis klebsiella,-,-,possible,Desc: code 10038359,G,KIDNEYDISEASE,COV
All kidney disease,MDR,10011799,Cystitis pseudomonal,-,-,possible,Desc: code 10038359,G,KIDNEYDISEASE,COV
All kidney disease,MDR,10011800,Cystitis radiation,-,-,possible,Desc: code 10038359,G,KIDNEYDISEASE,COV
All kidney disease,MDR,10011801,Cystitis ulcerative,-,-,possible,Desc: code 10038359,G,KIDNEYDISEASE,COV
All kidney disease,MDR,10011803,Cystocele,-,-,possible,Desc: code 10038359,G,KIDNEYDISEASE,COV
All kidney disease,MDR,10012550,Detrusor sphincter dyssynergia,-,-,possible,Desc: code 10038359,G,KIDNEYDISEASE,COV
All kidney disease,MDR,10012660,Diabetic end stage renal disease,-,-,possible,Desc: code 10038359,G,KIDNEYDISEASE,COV
All kidney disease,MDR,10013990,Dysuria,-,-,possible,Desc: code 10038359,G,KIDNEYDISEASE,COV
All kidney disease,MDR,10014129,Eclampsia,-,-,possible,Desc: code 10038359,G,KIDNEYDISEASE,COV
All kidney disease,MDR,10014928,Enuresis,-,-,possible,Desc: code 10038359,G,KIDNEYDISEASE,COV
All kidney disease,MDR,10015088,Epispadias,-,-,possible,Desc: code 10038359,G,KIDNEYDISEASE,COV
All kidney disease,MDR,10015487,Essential fructosuria,-,-,possible,Desc: code 10038359,G,KIDNEYDISEASE,COV
All kidney disease,MDR,10015869,Extravasation of urine,-,-,possible,Desc: code 10038359,G,KIDNEYDISEASE,COV
All kidney disease,MDR,10016750,Flank pain,-,-,possible,Desc: code 10038359,G,KIDNEYDISEASE,COV
All kidney disease,MDR,10016807,Fluid retention,-,-,possible,Desc: code 10038359,G,KIDNEYDISEASE,COV
All kidney disease,MDR,10017525,Fungal cystitis,-,-,possible,Desc: code 10038359,G,KIDNEYDISEASE,COV
All kidney disease,MDR,10018185,Genitourinary chlamydia infection,-,-,possible,Desc: code 10038359,G,KIDNEYDISEASE,COV
All kidney disease,MDR,10018188,Genitourinary tract disorders NEC,-,-,possible,Desc: code 10038359,G,KIDNEYDISEASE,COV
All kidney disease,MDR,10018191,Genitourinary tract infections and inflammations NEC,-,-,possible,Desc: code 10038359,G,KIDNEYDISEASE,COV
All kidney disease,MDR,10018352,Globulinuria,-,-,possible,Desc: code 10038359,G,KIDNEYDISEASE,COV
All kidney disease,MDR,10018362,Glomerular vascular disorder,-,-,possible,Desc: code 10038359,G,KIDNEYDISEASE,COV
All kidney disease,MDR,10018473,Glycosuria,-,-,possible,Desc: code 10038359,G,KIDNEYDISEASE,COV
All kidney disease,MDR,10018693,Granuloma inguinale,-,-,possible,Desc: code 10038359,G,KIDNEYDISEASE,COV
All kidney disease,MDR,10018871,Haematuria traumatic,-,-,possible,Desc: code 10038359,G,KIDNEYDISEASE,COV
All kidney disease,MDR,10018906,Haemoglobinuria,-,-,possible,Desc: code 10038359,G,KIDNEYDISEASE,COV
All kidney disease,MDR,10020365,Homocystinuria,-,-,possible,Desc: code 10038359,G,KIDNEYDISEASE,COV
All kidney disease,MDR,10020590,Hypercalciuria,-,-,possible,Desc: code 10038359,G,KIDNEYDISEASE,COV
All kidney disease,MDR,10020708,Hyperparathyroidism secondary,-,-,possible,Desc: code 10038359,G,KIDNEYDISEASE,COV
All kidney disease,MDR,10020770,Hypersthenuria,-,-,possible,Desc: code 10038359,G,KIDNEYDISEASE,COV
All kidney disease,MDR,10020853,Hypertonic bladder,-,-,possible,Desc: code 10038359,G,KIDNEYDISEASE,COV
All kidney disease,MDR,10021093,Hypospadias,-,-,possible,Desc: code 10038359,G,KIDNEYDISEASE,COV
All kidney disease,MDR,10021096,Hyposthenuria,-,-,possible,Desc: code 10038359,G,KIDNEYDISEASE,COV
All kidney disease,MDR,10021639,Incontinence,-,-,possible,Desc: code 10038359,G,KIDNEYDISEASE,COV
All kidney disease,MDR,10023077,Isosthenuria,-,-,possible,Desc: code 10038359,G,KIDNEYDISEASE,COV
All kidney disease,MDR,10023388,Ketonuria,-,-,possible,Desc: code 10038359,G,KIDNEYDISEASE,COV
All kidney disease,MDR,10024602,Lipiduria,-,-,possible,Desc: code 10038359,G,KIDNEYDISEASE,COV
All kidney disease,MDR,10026326,Malignant neoplasm of paraurethral glands,-,-,possible,Desc: code 10038359,G,KIDNEYDISEASE,COV
All kidney disease,MDR,10026674,Malignant renal hypertension,-,-,possible,Desc: code 10038359,G,KIDNEYDISEASE,COV
All kidney disease,MDR,10026827,March haemoglobinuria,-,-,possible,Desc: code 10038359,G,KIDNEYDISEASE,COV
All kidney disease,MDR,10027498,Methaemoglobinuria,-,-,possible,Desc: code 10038359,G,KIDNEYDISEASE,COV
All kidney disease,MDR,10027525,Microalbuminuria,-,-,possible,Desc: code 10038359,G,KIDNEYDISEASE,COV
All kidney disease,MDR,10027561,Micturition disorder,-,-,possible,Desc: code 10038359,G,KIDNEYDISEASE,COV
All kidney disease,MDR,10027566,Micturition urgency,-,-,possible,Desc: code 10038359,G,KIDNEYDISEASE,COV
All kidney disease,MDR,10027680,Genital and urinary tract disorders NEC,-,-,possible,Desc: code 10038359,G,KIDNEYDISEASE,COV
All kidney disease,MDR,10027695,Renal disorders NEC,-,-,possible,Desc: code 10038359,G,KIDNEYDISEASE,COV
All kidney disease,MDR,10028629,Myoglobinuria,-,-,possible,Desc: code 10038359,G,KIDNEYDISEASE,COV
All kidney disease,MDR,10028639,Myoneurogenic bladder disorders,-,-,possible,Desc: code 10038359,G,KIDNEYDISEASE,COV
All kidney disease,MDR,10029279,Neurogenic bladder,-,-,possible,Desc: code 10038359,G,KIDNEYDISEASE,COV
All kidney disease,MDR,10029446,Nocturia,-,-,possible,Desc: code 10038359,G,KIDNEYDISEASE,COV
All kidney disease,MDR,10031250,Osteomalacia,-,-,possible,Desc: code 10038359,G,KIDNEYDISEASE,COV
All kidney disease,MDR,10034042,Paroxysmal nocturnal haemoglobinuria,-,-,possible,Desc: code 10038359,G,KIDNEYDISEASE,COV
All kidney disease,MDR,10034263,Pelvic pain,-,-,possible,Desc: code 10038359,G,KIDNEYDISEASE,COV
All kidney disease,MDR,10034531,Perinephric abscess,-,-,possible,Desc: code 10038359,G,KIDNEYDISEASE,COV
All kidney disease,MDR,10034872,Phenylketonuria,-,-,possible,Desc: code 10038359,G,KIDNEYDISEASE,COV
All kidney disease,MDR,10035642,Pneumaturia,-,-,possible,Desc: code 10038359,G,KIDNEYDISEASE,COV
All kidney disease,MDR,10036018,Pollakiuria,-,-,possible,Desc: code 10038359,G,KIDNEYDISEASE,COV
All kidney disease,MDR,10036024,Polyarteritis nodosa,-,-,possible,Desc: code 10038359,G,KIDNEYDISEASE,COV
All kidney disease,MDR,10036142,Polyuria,-,-,possible,Desc: code 10038359,G,KIDNEYDISEASE,COV
All kidney disease,MDR,10036193,Porphyrinuria,-,-,possible,Desc: code 10038359,G,KIDNEYDISEASE,COV
All kidney disease,MDR,10036485,Pre-eclampsia,-,-,possible,Desc: code 10038359,G,KIDNEYDISEASE,COV
All kidney disease,MDR,10036976,Prostatism,-,-,possible,Desc: code 10038359,G,KIDNEYDISEASE,COV
All kidney disease,MDR,10037195,Psychogenic dysuria,-,-,possible,Desc: code 10038359,G,KIDNEYDISEASE,COV
All kidney disease,MDR,10037686,Pyuria,-,-,possible,Desc: code 10038359,G,KIDNEYDISEASE,COV
All kidney disease,MDR,10038366,Renal aneurysm,-,-,possible,Desc: code 10038359,G,KIDNEYDISEASE,COV
All kidney disease,MDR,10038368,Renal arteriovenous malformation,-,-,possible,Desc: code 10038359,G,KIDNEYDISEASE,COV
All kidney disease,MDR,10038373,Renal arteritis,-,-,possible,Desc: code 10038359,G,KIDNEYDISEASE,COV
All kidney disease,MDR,10038377,Renal artery hyperplasia,-,-,possible,Desc: code 10038359,G,KIDNEYDISEASE,COV
All kidney disease,MDR,10038378,Renal artery stenosis,-,-,possible,Desc: code 10038359,G,KIDNEYDISEASE,COV
All kidney disease,MDR,10038419,Renal colic,-,-,possible,Desc: code 10038359,G,KIDNEYDISEASE,COV
All kidney disease,MDR,10038430,Renal disorders (excl nephropathies),-,-,possible,Desc: code 10038359,G,KIDNEYDISEASE,COV
All kidney disease,MDR,10038443,Renal failure and impairment,-,-,possible,Desc: code 10038359,G,KIDNEYDISEASE,COV
All kidney disease,MDR,10038447,Renal failure neonatal,-,-,possible,Desc: code 10038359,G,KIDNEYDISEASE,COV
All kidney disease,MDR,10038464,Renal hypertension,-,-,possible,Desc: code 10038359,G,KIDNEYDISEASE,COV
All kidney disease,MDR,10038466,Renal hypertension and related conditions,-,-,possible,Desc: code 10038359,G,KIDNEYDISEASE,COV
All kidney disease,MDR,10038472,Renal infections and inflammations (excl nephritis),-,-,possible,Desc: code 10038359,G,KIDNEYDISEASE,COV
All kidney disease,MDR,10038481,Renal necrosis,-,-,possible,Desc: code 10038359,G,KIDNEYDISEASE,COV
All kidney disease,MDR,10038488,Renal obstructive disorders,-,-,possible,Desc: code 10038359,G,KIDNEYDISEASE,COV
All kidney disease,MDR,10038490,Renal pain,-,-,possible,Desc: code 10038359,G,KIDNEYDISEASE,COV
All kidney disease,MDR,10038519,Renal rickets,-,-,possible,Desc: code 10038359,G,KIDNEYDISEASE,COV
All kidney disease,MDR,10038529,Renal structural abnormalities and trauma,-,-,possible,Desc: code 10038359,G,KIDNEYDISEASE,COV
All kidney disease,MDR,10038543,Renal vascular and ischaemic conditions,-,-,possible,Desc: code 10038359,G,KIDNEYDISEASE,COV
All kidney disease,MDR,10038546,Renal vasculitis,-,-,possible,Desc: code 10038359,G,KIDNEYDISEASE,COV
All kidney disease,MDR,10038547,Renal vein embolism,-,-,possible,Desc: code 10038359,G,KIDNEYDISEASE,COV
All kidney disease,MDR,10038548,Renal vein thrombosis,-,-,possible,Desc: code 10038359,G,KIDNEYDISEASE,COV
All kidney disease,MDR,10038562,Renovascular hypertension,-,-,possible,Desc: code 10038359,G,KIDNEYDISEASE,COV
All kidney disease,MDR,10039603,Schistosomiasis,-,-,possible,Desc: code 10038359,G,KIDNEYDISEASE,COV
All kidney disease,MDR,10039605,Schistosomiasis bladder,-,-,possible,Desc: code 10038359,G,KIDNEYDISEASE,COV
All kidney disease,MDR,10041661,Splenorenal shunt,-,-,possible,Desc: code 10038359,G,KIDNEYDISEASE,COV
All kidney disease,MDR,10041997,Stenosis trigone urinary bladder,-,-,possible,Desc: code 10038359,G,KIDNEYDISEASE,COV
All kidney disease,MDR,10042010,Sterile pyuria,-,-,possible,Desc: code 10038359,G,KIDNEYDISEASE,COV
All kidney disease,MDR,10042170,Strangury,-,-,possible,Desc: code 10038359,G,KIDNEYDISEASE,COV
All kidney disease,MDR,10042256,Structural and obstructive urethral disorders (excl congenital),-,-,possible,Desc: code 10038359,G,KIDNEYDISEASE,COV
All kidney disease,MDR,10043645,Thrombotic microangiopathy,-,-,possible,Desc: code 10038359,G,KIDNEYDISEASE,COV
All kidney disease,MDR,10044406,Transitional cell cancer of renal pelvis and ureter metastatic,-,-,possible,Desc: code 10038359,G,KIDNEYDISEASE,COV
All kidney disease,MDR,10044407,Transitional cell cancer of the renal pelvis and ureter,-,-,possible,Desc: code 10038359,G,KIDNEYDISEASE,COV
All kidney disease,MDR,10044408,Transitional cell cancer of the renal pelvis and ureter localised,-,-,possible,Desc: code 10038359,G,KIDNEYDISEASE,COV
All kidney disease,MDR,10044410,Transitional cell cancer of the renal pelvis and ureter recurrent,-,-,possible,Desc: code 10038359,G,KIDNEYDISEASE,COV
All kidney disease,MDR,10044411,Transitional cell cancer of the renal pelvis and ureter regional,-,-,possible,Desc: code 10038359,G,KIDNEYDISEASE,COV
All kidney disease,MDR,10044412,Transitional cell carcinoma,-,-,possible,Desc: code 10038359,G,KIDNEYDISEASE,COV
All kidney disease,MDR,10044426,Transitional cell carcinoma urethra,-,-,possible,Desc: code 10038359,G,KIDNEYDISEASE,COV
All kidney disease,MDR,10044668,Trigonitis,-,-,possible,Desc: code 10038359,G,KIDNEYDISEASE,COV
All kidney disease,MDR,10044758,Tuberculosis bladder,-,-,possible,Desc: code 10038359,G,KIDNEYDISEASE,COV
All kidney disease,MDR,10044828,Tuberculosis of genitourinary system,-,-,possible,Desc: code 10038359,G,KIDNEYDISEASE,COV
All kidney disease,MDR,10046326,Uraemic encephalopathy,-,-,possible,Desc: code 10038359,G,KIDNEYDISEASE,COV
All kidney disease,MDR,10046424,Urethral abscess,-,-,possible,Desc: code 10038359,G,KIDNEYDISEASE,COV
All kidney disease,MDR,10046431,Urethral cancer,-,-,possible,Desc: code 10038359,G,KIDNEYDISEASE,COV
All kidney disease,MDR,10046433,Urethral cancer metastatic,-,-,possible,Desc: code 10038359,G,KIDNEYDISEASE,COV
All kidney disease,MDR,10046435,Urethral cancer recurrent,-,-,possible,Desc: code 10038359,G,KIDNEYDISEASE,COV
All kidney disease,MDR,10046437,Urethral caruncle,-,-,possible,Desc: code 10038359,G,KIDNEYDISEASE,COV
All kidney disease,MDR,10046442,Urethral dilatation,-,-,possible,Desc: code 10038359,G,KIDNEYDISEASE,COV
All kidney disease,MDR,10046443,Urethral discharge,-,-,possible,Desc: code 10038359,G,KIDNEYDISEASE,COV
All kidney disease,MDR,10046445,Urethral disorder,-,-,possible,Desc: code 10038359,G,KIDNEYDISEASE,COV
All kidney disease,MDR,10046447,Urethral disorders (excl calculi),-,-,possible,Desc: code 10038359,G,KIDNEYDISEASE,COV
All kidney disease,MDR,10046448,Urethral disorders NEC,-,-,possible,Desc: code 10038359,G,KIDNEYDISEASE,COV
All kidney disease,MDR,10046451,Urethral fistula,-,-,possible,Desc: code 10038359,G,KIDNEYDISEASE,COV
All kidney disease,MDR,10046453,Urethral infections and inflammations,-,-,possible,Desc: code 10038359,G,KIDNEYDISEASE,COV
All kidney disease,MDR,10046454,Urethral injury,-,-,possible,Desc: code 10038359,G,KIDNEYDISEASE,COV
All kidney disease,MDR,10046456,Urethral intrinsic sphincter deficiency,-,-,possible,Desc: code 10038359,G,KIDNEYDISEASE,COV
All kidney disease,MDR,10046458,Urethral neoplasms,-,-,possible,Desc: code 10038359,G,KIDNEYDISEASE,COV
All kidney disease,MDR,10046459,Urethral obstruction,-,-,possible,Desc: code 10038359,G,KIDNEYDISEASE,COV
All kidney disease,MDR,10046461,Urethral pain,-,-,possible,Desc: code 10038359,G,KIDNEYDISEASE,COV
All kidney disease,MDR,10046462,Urethral papilloma,-,-,possible,Desc: code 10038359,G,KIDNEYDISEASE,COV
All kidney disease,MDR,10046464,Urethral spasm,-,-,possible,Desc: code 10038359,G,KIDNEYDISEASE,COV
All kidney disease,MDR,10046470,Urethral stricture post infection,-,-,possible,Desc: code 10038359,G,KIDNEYDISEASE,COV
All kidney disease,MDR,10046471,Urethral stricture postoperative,-,-,possible,Desc: code 10038359,G,KIDNEYDISEASE,COV
All kidney disease,MDR,10046472,Urethral stricture traumatic,-,-,possible,Desc: code 10038359,G,KIDNEYDISEASE,COV
All kidney disease,MDR,10046477,Urethral syndrome,-,-,possible,Desc: code 10038359,G,KIDNEYDISEASE,COV
All kidney disease,MDR,10046479,Urethral valves,-,-,possible,Desc: code 10038359,G,KIDNEYDISEASE,COV
All kidney disease,MDR,10046480,Urethritis,-,-,possible,Desc: code 10038359,G,KIDNEYDISEASE,COV
All kidney disease,MDR,10046482,Urethritis chlamydial,-,-,possible,Desc: code 10038359,G,KIDNEYDISEASE,COV
All kidney disease,MDR,10046483,Urethritis gonococcal,-,-,possible,Desc: code 10038359,G,KIDNEYDISEASE,COV
All kidney disease,MDR,10046489,Urethritis trichomonal,-,-,possible,Desc: code 10038359,G,KIDNEYDISEASE,COV
All kidney disease,MDR,10046490,Urethritis ureaplasmal,-,-,possible,Desc: code 10038359,G,KIDNEYDISEASE,COV
All kidney disease,MDR,10046494,Urge incontinence,-,-,possible,Desc: code 10038359,G,KIDNEYDISEASE,COV
All kidney disease,MDR,10046528,Urinary bladder haemorrhage,-,-,possible,Desc: code 10038359,G,KIDNEYDISEASE,COV
All kidney disease,MDR,10046530,Urinary bladder rupture,-,-,possible,Desc: code 10038359,G,KIDNEYDISEASE,COV
All kidney disease,MDR,10046542,Urinary hesitation,-,-,possible,Desc: code 10038359,G,KIDNEYDISEASE,COV
All kidney disease,MDR,10046543,Urinary incontinence,-,-,possible,Desc: code 10038359,G,KIDNEYDISEASE,COV
All kidney disease,MDR,10046555,Urinary retention,-,-,possible,Desc: code 10038359,G,KIDNEYDISEASE,COV
All kidney disease,MDR,10046571,Urinary tract infection,-,-,possible,Desc: code 10038359,G,KIDNEYDISEASE,COV
All kidney disease,MDR,10046572,Urinary tract infection enterococcal,-,-,possible,Desc: code 10038359,G,KIDNEYDISEASE,COV
All kidney disease,MDR,10046573,Urinary tract infection neonatal,-,-,possible,Desc: code 10038359,G,KIDNEYDISEASE,COV
All kidney disease,MDR,10046580,Urinary tract malformation,-,-,possible,Desc: code 10038359,G,KIDNEYDISEASE,COV
All kidney disease,MDR,10046590,Urinary tract signs and symptoms,-,-,possible,Desc: code 10038359,G,KIDNEYDISEASE,COV
All kidney disease,MDR,10046591,Urinary tract signs and symptoms NEC,-,-,possible,Desc: code 10038359,G,KIDNEYDISEASE,COV
All kidney disease,MDR,10046607,Urine abnormality,-,-,possible,Desc: code 10038359,G,KIDNEYDISEASE,COV
All kidney disease,MDR,10046640,Urine flow decreased,-,-,possible,Desc: code 10038359,G,KIDNEYDISEASE,COV
All kidney disease,MDR,10046689,Urobilinuria,-,-,possible,Desc: code 10038359,G,KIDNEYDISEASE,COV
All kidney disease,MDR,10046694,Urogenital disorder,-,-,possible,Desc: code 10038359,G,KIDNEYDISEASE,COV
All kidney disease,MDR,10046696,Urogenital fistula,-,-,possible,Desc: code 10038359,G,KIDNEYDISEASE,COV
All kidney disease,MDR,10046704,Urogenital trichomoniasis,-,-,possible,Desc: code 10038359,G,KIDNEYDISEASE,COV
All kidney disease,MDR,10046708,Urolithiases,-,-,possible,Desc: code 10038359,G,KIDNEYDISEASE,COV
All kidney disease,MDR,10047363,Vesical fistula,-,-,possible,Desc: code 10038359,G,KIDNEYDISEASE,COV
All kidney disease,MDR,10048469,Kidney enlargement,-,-,possible,Desc: code 10038359,G,KIDNEYDISEASE,COV
All kidney disease,MDR,10048670,Urogenital prolapse,-,-,possible,Desc: code 10038359,G,KIDNEYDISEASE,COV
All kidney disease,MDR,10048709,Urosepsis,-,-,possible,Desc: code 10038359,G,KIDNEYDISEASE,COV
All kidney disease,MDR,10048837,Cystitis glandularis,-,-,possible,Desc: code 10038359,G,KIDNEYDISEASE,COV
All kidney disease,MDR,10048988,Renal artery occlusion,-,-,possible,Desc: code 10038359,G,KIDNEYDISEASE,COV
All kidney disease,MDR,10048994,Bladder spasm,-,-,possible,Desc: code 10038359,G,KIDNEYDISEASE,COV
All kidney disease,MDR,10049027,Bladder trabeculation,-,-,possible,Desc: code 10038359,G,KIDNEYDISEASE,COV
All kidney disease,MDR,10049059,Urinary tract infection fungal,-,-,possible,Desc: code 10038359,G,KIDNEYDISEASE,COV
All kidney disease,MDR,10049100,Pyelocystitis,-,-,possible,Desc: code 10038359,G,KIDNEYDISEASE,COV
All kidney disease,MDR,10049226,Oxalosis,-,-,possible,Desc: code 10038359,G,KIDNEYDISEASE,COV
All kidney disease,MDR,10049448,Urethral ulcer,-,-,possible,Desc: code 10038359,G,KIDNEYDISEASE,COV
All kidney disease,MDR,10049502,Urethral cyst,-,-,possible,Desc: code 10038359,G,KIDNEYDISEASE,COV
All kidney disease,MDR,10049630,Oedema due to renal disease,-,-,possible,Desc: code 10038359,G,KIDNEYDISEASE,COV
All kidney disease,MDR,10049676,Stenosis of vesicourethral anastomosis,-,-,possible,Desc: code 10038359,G,KIDNEYDISEASE,COV
All kidney disease,MDR,10049710,Urethral haemorrhage,-,-,possible,Desc: code 10038359,G,KIDNEYDISEASE,COV
All kidney disease,MDR,10049716,Bladder malposition acquired,-,-,possible,Desc: code 10038359,G,KIDNEYDISEASE,COV
All kidney disease,MDR,10049722,Metastases to bladder,-,-,possible,Desc: code 10038359,G,KIDNEYDISEASE,COV
All kidney disease,MDR,10049739,Renal artery fibromuscular dysplasia,-,-,possible,Desc: code 10038359,G,KIDNEYDISEASE,COV
All kidney disease,MDR,10049776,Renal impairment neonatal,-,-,possible,Desc: code 10038359,G,KIDNEYDISEASE,COV
All kidney disease,MDR,10049778,Neonatal anuria,-,-,possible,Desc: code 10038359,G,KIDNEYDISEASE,COV
All kidney disease,MDR,10049794,Urinary bladder polyp,-,-,possible,Desc: code 10038359,G,KIDNEYDISEASE,COV
All kidney disease,MDR,10049814,Renal cyst ruptured,-,-,possible,Desc: code 10038359,G,KIDNEYDISEASE,COV
All kidney disease,MDR,10049942,Renal artery dissection,-,-,possible,Desc: code 10038359,G,KIDNEYDISEASE,COV
All kidney disease,MDR,10050058,Urogenital haemorrhage,-,-,possible,Desc: code 10038359,G,KIDNEYDISEASE,COV
All kidney disease,MDR,10050091,Urinoma,-,-,possible,Desc: code 10038359,G,KIDNEYDISEASE,COV
All kidney disease,MDR,10050394,Hyperkaliuria,-,-,possible,Desc: code 10038359,G,KIDNEYDISEASE,COV
All kidney disease,MDR,10050687,Cystitis-like symptom,-,-,possible,Desc: code 10038359,G,KIDNEYDISEASE,COV
All kidney disease,MDR,10050791,Leukocyturia,-,-,possible,Desc: code 10038359,G,KIDNEYDISEASE,COV
All kidney disease,MDR,10050977,Hypocalciuria,-,-,possible,Desc: code 10038359,G,KIDNEYDISEASE,COV
All kidney disease,MDR,10051025,Eagle Barrett syndrome,-,-,possible,Desc: code 10038359,G,KIDNEYDISEASE,COV
All kidney disease,MDR,10051187,Transurethral resection syndrome,-,-,possible,Desc: code 10038359,G,KIDNEYDISEASE,COV
All kidney disease,MDR,10051231,Hypermethioniuria,-,-,possible,Desc: code 10038359,G,KIDNEYDISEASE,COV
All kidney disease,MDR,10051232,Hyperphosphaturia,-,-,possible,Desc: code 10038359,G,KIDNEYDISEASE,COV
All kidney disease,MDR,10051257,Bladder leukoplakia,-,-,possible,Desc: code 10038359,G,KIDNEYDISEASE,COV
All kidney disease,MDR,10051258,Bladder necrosis,-,-,possible,Desc: code 10038359,G,KIDNEYDISEASE,COV
All kidney disease,MDR,10051350,Cytomegalovirus urinary tract infection,-,-,possible,Desc: code 10038359,G,KIDNEYDISEASE,COV
All kidney disease,MDR,10051364,Hyperuricosuria,-,-,possible,Desc: code 10038359,G,KIDNEYDISEASE,COV
All kidney disease,MDR,10051394,Allergic cystitis,-,-,possible,Desc: code 10038359,G,KIDNEYDISEASE,COV
All kidney disease,MDR,10051467,Nephrectasia,-,-,possible,Desc: code 10038359,G,KIDNEYDISEASE,COV
All kidney disease,MDR,10051468,Nitrituria,-,-,possible,Desc: code 10038359,G,KIDNEYDISEASE,COV
All kidney disease,MDR,10051507,Urethral polyp,-,-,possible,Desc: code 10038359,G,KIDNEYDISEASE,COV
All kidney disease,MDR,10051610,Renal and pancreas transplant rejection,-,-,possible,Desc: code 10038359,G,KIDNEYDISEASE,COV
All kidney disease,MDR,10051638,Urethral adenoma,-,-,possible,Desc: code 10038359,G,KIDNEYDISEASE,COV
All kidney disease,MDR,10051639,Urinary bladder adenoma,-,-,possible,Desc: code 10038359,G,KIDNEYDISEASE,COV
All kidney disease,MDR,10051640,Ammoniuria,-,-,possible,Desc: code 10038359,G,KIDNEYDISEASE,COV
All kidney disease,MDR,10051690,Urinary bladder sarcoma,-,-,possible,Desc: code 10038359,G,KIDNEYDISEASE,COV
All kidney disease,MDR,10051693,Urinary bladder atrophy,-,-,possible,Desc: code 10038359,G,KIDNEYDISEASE,COV
All kidney disease,MDR,10051704,Costovertebral angle tenderness,-,-,possible,Desc: code 10038359,G,KIDNEYDISEASE,COV
All kidney disease,MDR,10051921,Haematinuria,-,-,possible,Desc: code 10038359,G,KIDNEYDISEASE,COV
All kidney disease,MDR,10051959,Urinary bladder abscess,-,-,possible,Desc: code 10038359,G,KIDNEYDISEASE,COV
All kidney disease,MDR,10051985,Renal pelvis fistula,-,-,possible,Desc: code 10038359,G,KIDNEYDISEASE,COV
All kidney disease,MDR,10052238,Escherichia urinary tract infection,-,-,possible,Desc: code 10038359,G,KIDNEYDISEASE,COV
All kidney disease,MDR,10052242,Nephroangiosclerosis,-,-,possible,Desc: code 10038359,G,KIDNEYDISEASE,COV
All kidney disease,MDR,10052299,Urethral carbuncle,-,-,possible,Desc: code 10038359,G,KIDNEYDISEASE,COV
All kidney disease,MDR,10052621,Oroticaciduria,-,-,possible,Desc: code 10038359,G,KIDNEYDISEASE,COV
All kidney disease,MDR,10052763,Torsion of the urethra,-,-,possible,Desc: code 10038359,G,KIDNEYDISEASE,COV
All kidney disease,MDR,10052773,Oroticaciduria congenital,-,-,possible,Desc: code 10038359,G,KIDNEYDISEASE,COV
All kidney disease,MDR,10052901,Terminal dribbling,-,-,possible,Desc: code 10038359,G,KIDNEYDISEASE,COV
All kidney disease,MDR,10053122,Hydroxyprolinuria,-,-,possible,Desc: code 10038359,G,KIDNEYDISEASE,COV
All kidney disease,MDR,10053236,Mixed incontinence,-,-,possible,Desc: code 10038359,G,KIDNEYDISEASE,COV
All kidney disease,MDR,10054088,Urinary tract infection bacterial,-,-,possible,Desc: code 10038359,G,KIDNEYDISEASE,COV
All kidney disease,MDR,10055026,Prostatic obstruction,-,-,possible,Desc: code 10038359,G,KIDNEYDISEASE,COV
All kidney disease,MDR,10055847,Haemorrhage urinary tract,-,-,possible,Desc: code 10038359,G,KIDNEYDISEASE,COV
All kidney disease,MDR,10056246,Eosinophilic cystitis,-,-,possible,Desc: code 10038359,G,KIDNEYDISEASE,COV
All kidney disease,MDR,10056251,Metastases to urinary tract,-,-,possible,Desc: code 10038359,G,KIDNEYDISEASE,COV
All kidney disease,MDR,10056277,Pancreatorenal syndrome,-,-,possible,Desc: code 10038359,G,KIDNEYDISEASE,COV
All kidney disease,MDR,10056293,Renal vein occlusion,-,-,possible,Desc: code 10038359,G,KIDNEYDISEASE,COV
All kidney disease,MDR,10056351,Emphysematous cystitis,-,-,possible,Desc: code 10038359,G,KIDNEYDISEASE,COV
All kidney disease,MDR,10056396,Asymptomatic bacteriuria,-,-,possible,Desc: code 10038359,G,KIDNEYDISEASE,COV
All kidney disease,MDR,10056505,Renal disorder in pregnancy,-,-,possible,Desc: code 10038359,G,KIDNEYDISEASE,COV
All kidney disease,MDR,10056609,Uraemia odour,-,-,possible,Desc: code 10038359,G,KIDNEYDISEASE,COV
All kidney disease,MDR,10056655,Bladder agenesis,-,-,possible,Desc: code 10038359,G,KIDNEYDISEASE,COV
All kidney disease,MDR,10056874,Chemical cystitis,-,-,possible,Desc: code 10038359,G,KIDNEYDISEASE,COV
All kidney disease,MDR,10056948,Automatic bladder,-,-,possible,Desc: code 10038359,G,KIDNEYDISEASE,COV
All kidney disease,MDR,10057135,Urine odour abnormal,-,-,possible,Desc: code 10038359,G,KIDNEYDISEASE,COV
All kidney disease,MDR,10057345,Renal lipomatosis,-,-,possible,Desc: code 10038359,G,KIDNEYDISEASE,COV
All kidney disease,MDR,10057352,Metastatic carcinoma of the bladder,-,-,possible,Desc: code 10038359,G,KIDNEYDISEASE,COV
All kidney disease,MDR,10057373,Adenoviral haemorrhagic cystitis,-,-,possible,Desc: code 10038359,G,KIDNEYDISEASE,COV
All kidney disease,MDR,10058320,Bladder mass,-,-,possible,Desc: code 10038359,G,KIDNEYDISEASE,COV
All kidney disease,MDR,10058463,Urethral meatus stenosis,-,-,possible,Desc: code 10038359,G,KIDNEYDISEASE,COV
All kidney disease,MDR,10058484,Malacoplakia vesicae,-,-,possible,Desc: code 10038359,G,KIDNEYDISEASE,COV
All kidney disease,MDR,10058523,Bladder candidiasis,-,-,possible,Desc: code 10038359,G,KIDNEYDISEASE,COV
All kidney disease,MDR,10058524,Bladder cyst,-,-,possible,Desc: code 10038359,G,KIDNEYDISEASE,COV
All kidney disease,MDR,10058914,Hypotonic urinary bladder,-,-,possible,Desc: code 10038359,G,KIDNEYDISEASE,COV
All kidney disease,MDR,10059042,Micturition frequency decreased,-,-,possible,Desc: code 10038359,G,KIDNEYDISEASE,COV
All kidney disease,MDR,10059209,Perinephric collection,-,-,possible,Desc: code 10038359,G,KIDNEYDISEASE,COV
All kidney disease,MDR,10059345,Postrenal failure,-,-,possible,Desc: code 10038359,G,KIDNEYDISEASE,COV
All kidney disease,MDR,10059346,Viral haemorrhagic cystitis,-,-,possible,Desc: code 10038359,G,KIDNEYDISEASE,COV
All kidney disease,MDR,10059410,Faecaluria,-,-,possible,Desc: code 10038359,G,KIDNEYDISEASE,COV
All kidney disease,MDR,10059450,Colpocele,-,-,possible,Desc: code 10038359,G,KIDNEYDISEASE,COV
All kidney disease,MDR,10059517,Bacterial pyelonephritis,-,-,possible,Desc: code 10038359,G,KIDNEYDISEASE,COV
All kidney disease,MDR,10059668,Renal lymphocele,-,-,possible,Desc: code 10038359,G,KIDNEYDISEASE,COV
All kidney disease,MDR,10059800,Persistent urogenital sinus,-,-,possible,Desc: code 10038359,G,KIDNEYDISEASE,COV
All kidney disease,MDR,10060811,Hollow visceral myopathy,-,-,possible,Desc: code 10038359,G,KIDNEYDISEASE,COV
All kidney disease,MDR,10061006,Benign urinary tract neoplasm,-,-,possible,Desc: code 10038359,G,KIDNEYDISEASE,COV
All kidney disease,MDR,10061011,Bladder disorder,-,-,possible,Desc: code 10038359,G,KIDNEYDISEASE,COV
All kidney disease,MDR,10061053,Congenital bladder anomaly,-,-,possible,Desc: code 10038359,G,KIDNEYDISEASE,COV
All kidney disease,MDR,10061139,Diabetic cystopathy,-,-,possible,Desc: code 10038359,G,KIDNEYDISEASE,COV
All kidney disease,MDR,10061149,Female genital tract fistula,-,-,possible,Desc: code 10038359,G,KIDNEYDISEASE,COV
All kidney disease,MDR,10061181,Genitourinary tract gonococcal infection,-,-,possible,Desc: code 10038359,G,KIDNEYDISEASE,COV
All kidney disease,MDR,10061182,Genitourinary tract infection,-,-,possible,Desc: code 10038359,G,KIDNEYDISEASE,COV
All kidney disease,MDR,10061183,Genitourinary tract neoplasm,-,-,possible,Desc: code 10038359,G,KIDNEYDISEASE,COV
All kidney disease,MDR,10061272,Malignant urinary tract neoplasm,-,-,possible,Desc: code 10038359,G,KIDNEYDISEASE,COV
All kidney disease,MDR,10061396,Urinary tract carcinoma in situ,-,-,possible,Desc: code 10038359,G,KIDNEYDISEASE,COV
All kidney disease,MDR,10061397,Urinary tract injury,-,-,possible,Desc: code 10038359,G,KIDNEYDISEASE,COV
All kidney disease,MDR,10061398,Urinary tract neoplasm,-,-,possible,Desc: code 10038359,G,KIDNEYDISEASE,COV
All kidney disease,MDR,10061405,Pelvic organ injury,-,-,possible,Desc: code 10038359,G,KIDNEYDISEASE,COV
All kidney disease,MDR,10061574,Urinary tract obstruction,-,-,possible,Desc: code 10038359,G,KIDNEYDISEASE,COV
All kidney disease,MDR,10061698,Bladder injury,-,-,possible,Desc: code 10038359,G,KIDNEYDISEASE,COV
All kidney disease,MDR,10061927,Pyelocaliectasis,-,-,possible,Desc: code 10038359,G,KIDNEYDISEASE,COV
All kidney disease,MDR,10062104,Renal mass,-,-,possible,Desc: code 10038359,G,KIDNEYDISEASE,COV
All kidney disease,MDR,10062223,Urethral neoplasm,-,-,possible,Desc: code 10038359,G,KIDNEYDISEASE,COV
All kidney disease,MDR,10062225,Urinary tract pain,-,-,possible,Desc: code 10038359,G,KIDNEYDISEASE,COV
All kidney disease,MDR,10062279,Urinary tract infection pseudomonal,-,-,possible,Desc: code 10038359,G,KIDNEYDISEASE,COV
All kidney disease,MDR,10062280,Urinary tract infection staphylococcal,-,-,possible,Desc: code 10038359,G,KIDNEYDISEASE,COV
All kidney disease,MDR,10062334,Congenital genitourinary abnormality,-,-,possible,Desc: code 10038359,G,KIDNEYDISEASE,COV
All kidney disease,MDR,10062349,Congenital urethral anomaly,-,-,possible,Desc: code 10038359,G,KIDNEYDISEASE,COV
All kidney disease,MDR,10062553,Scleroderma renal crisis,-,-,possible,Desc: code 10038359,G,KIDNEYDISEASE,COV
All kidney disease,MDR,10062570,Enterovesical fistula,-,-,possible,Desc: code 10038359,G,KIDNEYDISEASE,COV
All kidney disease,MDR,10062624,High turnover osteopathy,-,-,possible,Desc: code 10038359,G,KIDNEYDISEASE,COV
All kidney disease,MDR,10062656,Bladder tamponade,-,-,possible,Desc: code 10038359,G,KIDNEYDISEASE,COV
All kidney disease,MDR,10062747,Hypercreatininaemia,-,-,possible,Desc: code 10038359,G,KIDNEYDISEASE,COV
All kidney disease,MDR,10062854,Renal hydrocele,-,-,possible,Desc: code 10038359,G,KIDNEYDISEASE,COV
All kidney disease,MDR,10062903,Urethritis noninfective,-,-,possible,Desc: code 10038359,G,KIDNEYDISEASE,COV
All kidney disease,MDR,10063000,Low turnover osteopathy,-,-,possible,Desc: code 10038359,G,KIDNEYDISEASE,COV
All kidney disease,MDR,10063057,Cystitis noninfective,-,-,possible,Desc: code 10038359,G,KIDNEYDISEASE,COV
All kidney disease,MDR,10063181,Propofol infusion syndrome,-,-,possible,Desc: code 10038359,G,KIDNEYDISEASE,COV
All kidney disease,MDR,10063408,Bladder hypertrophy,-,-,possible,Desc: code 10038359,G,KIDNEYDISEASE,COV
All kidney disease,MDR,10063431,Nail-patella syndrome,-,-,possible,Desc: code 10038359,G,KIDNEYDISEASE,COV
All kidney disease,MDR,10063475,Urinary retention postoperative,-,-,possible,Desc: code 10038359,G,KIDNEYDISEASE,COV
All kidney disease,MDR,10063530,Single functional kidney,-,-,possible,Desc: code 10038359,G,KIDNEYDISEASE,COV
All kidney disease,MDR,10063540,Schinzel-Giedion syndrome,-,-,possible,Desc: code 10038359,G,KIDNEYDISEASE,COV
All kidney disease,MDR,10063544,Renal embolism,-,-,possible,Desc: code 10038359,G,KIDNEYDISEASE,COV
All kidney disease,MDR,10063575,Bladder perforation,-,-,possible,Desc: code 10038359,G,KIDNEYDISEASE,COV
All kidney disease,MDR,10063684,Semenuria,-,-,possible,Desc: code 10038359,G,KIDNEYDISEASE,COV
All kidney disease,MDR,10063709,Uraemic gastropathy,-,-,possible,Desc: code 10038359,G,KIDNEYDISEASE,COV
All kidney disease,MDR,10064063,CHARGE syndrome,-,-,possible,Desc: code 10038359,G,KIDNEYDISEASE,COV
All kidney disease,MDR,10064170,Pentosuria,-,-,possible,Desc: code 10038359,G,KIDNEYDISEASE,COV
All kidney disease,MDR,10064229,Pelvic discomfort,-,-,possible,Desc: code 10038359,G,KIDNEYDISEASE,COV
All kidney disease,MDR,10064553,Dialysis amyloidosis,-,-,possible,Desc: code 10038359,G,KIDNEYDISEASE,COV
All kidney disease,MDR,10064596,Berdon's syndrome,-,-,possible,Desc: code 10038359,G,KIDNEYDISEASE,COV
All kidney disease,MDR,10064696,Vaginal reflux,-,-,possible,Desc: code 10038359,G,KIDNEYDISEASE,COV
All kidney disease,MDR,10064825,Urinary tract infection viral,-,-,possible,Desc: code 10038359,G,KIDNEYDISEASE,COV
All kidney disease,MDR,10064850,Cystitis erosive,-,-,possible,Desc: code 10038359,G,KIDNEYDISEASE,COV
All kidney disease,MDR,10064895,Urethral atresia,-,-,possible,Desc: code 10038359,G,KIDNEYDISEASE,COV
All kidney disease,MDR,10064921,Urinary tract inflammation,-,-,possible,Desc: code 10038359,G,KIDNEYDISEASE,COV
All kidney disease,MDR,10065197,Cystitis viral,-,-,possible,Desc: code 10038359,G,KIDNEYDISEASE,COV
All kidney disease,MDR,10065198,Cystitis bacterial,-,-,possible,Desc: code 10038359,G,KIDNEYDISEASE,COV
All kidney disease,MDR,10065199,Cystitis helminthic,-,-,possible,Desc: code 10038359,G,KIDNEYDISEASE,COV
All kidney disease,MDR,10065213,Pyelonephritis viral,-,-,possible,Desc: code 10038359,G,KIDNEYDISEASE,COV
All kidney disease,MDR,10065214,Pyelonephritis fungal,-,-,possible,Desc: code 10038359,G,KIDNEYDISEASE,COV
All kidney disease,MDR,10065286,Hyperchloruria,-,-,possible,Desc: code 10038359,G,KIDNEYDISEASE,COV
All kidney disease,MDR,10065368,Urinary fistula,-,-,possible,Desc: code 10038359,G,KIDNEYDISEASE,COV
All kidney disease,MDR,10065381,Polyomavirus-associated nephropathy,-,-,possible,Desc: code 10038359,G,KIDNEYDISEASE,COV
All kidney disease,MDR,10065561,Renal artery arteriosclerosis,-,-,possible,Desc: code 10038359,G,KIDNEYDISEASE,COV
All kidney disease,MDR,10065582,Urogenital infection fungal,-,-,possible,Desc: code 10038359,G,KIDNEYDISEASE,COV
All kidney disease,MDR,10065583,Urogenital infection bacterial,-,-,possible,Desc: code 10038359,G,KIDNEYDISEASE,COV
All kidney disease,MDR,10065584,Urethral stenosis,-,-,possible,Desc: code 10038359,G,KIDNEYDISEASE,COV
All kidney disease,MDR,10065792,Kidney perforation,-,-,possible,Desc: code 10038359,G,KIDNEYDISEASE,COV
All kidney disease,MDR,10065810,Urethral perforation,-,-,possible,Desc: code 10038359,G,KIDNEYDISEASE,COV
All kidney disease,MDR,10065816,Urostomy complication,-,-,possible,Desc: code 10038359,G,KIDNEYDISEASE,COV
All kidney disease,MDR,10066125,Urachal abnormality,-,-,possible,Desc: code 10038359,G,KIDNEYDISEASE,COV
All kidney disease,MDR,10066218,Stress urinary incontinence,-,-,possible,Desc: code 10038359,G,KIDNEYDISEASE,COV
All kidney disease,MDR,10066225,Post procedural haematuria,-,-,possible,Desc: code 10038359,G,KIDNEYDISEASE,COV
All kidney disease,MDR,10066334,Tethered cord syndrome,-,-,possible,Desc: code 10038359,G,KIDNEYDISEASE,COV
All kidney disease,MDR,10066749,Bladder transitional cell carcinoma stage 0,-,-,possible,Desc: code 10038359,G,KIDNEYDISEASE,COV
All kidney disease,MDR,10066750,Bladder transitional cell carcinoma recurrent,-,-,possible,Desc: code 10038359,G,KIDNEYDISEASE,COV
All kidney disease,MDR,10066751,Bladder transitional cell carcinoma stage I,-,-,possible,Desc: code 10038359,G,KIDNEYDISEASE,COV
All kidney disease,MDR,10066752,Bladder transitional cell carcinoma stage IV,-,-,possible,Desc: code 10038359,G,KIDNEYDISEASE,COV
All kidney disease,MDR,10066753,Bladder transitional cell carcinoma stage II,-,-,possible,Desc: code 10038359,G,KIDNEYDISEASE,COV
All kidney disease,MDR,10066754,Bladder transitional cell carcinoma stage III,-,-,possible,Desc: code 10038359,G,KIDNEYDISEASE,COV
All kidney disease,MDR,10066757,Urinary tract abscess,-,-,possible,Desc: code 10038359,G,KIDNEYDISEASE,COV
All kidney disease,MDR,10066892,Rectourethral fistula,-,-,possible,Desc: code 10038359,G,KIDNEYDISEASE,COV
All kidney disease,MDR,10067424,Cloacal exstrophy,-,-,possible,Desc: code 10038359,G,KIDNEYDISEASE,COV
All kidney disease,MDR,10067784,Urethral prolapse,-,-,possible,Desc: code 10038359,G,KIDNEYDISEASE,COV
All kidney disease,MDR,10067863,Uridrosis,-,-,possible,Desc: code 10038359,G,KIDNEYDISEASE,COV
All kidney disease,MDR,10068133,Congenital ureterovesical junction anomaly,-,-,possible,Desc: code 10038359,G,KIDNEYDISEASE,COV
All kidney disease,MDR,10068220,Aspartylglucosaminuria,-,-,possible,Desc: code 10038359,G,KIDNEYDISEASE,COV
All kidney disease,MDR,10068313,Urethral atrophy,-,-,possible,Desc: code 10038359,G,KIDNEYDISEASE,COV
All kidney disease,MDR,10068593,Congenital oxalosis,-,-,possible,Desc: code 10038359,G,KIDNEYDISEASE,COV
All kidney disease,MDR,10069024,Paruresis,-,-,possible,Desc: code 10038359,G,KIDNEYDISEASE,COV
All kidney disease,MDR,10069395,Haemosiderinuria,-,-,possible,Desc: code 10038359,G,KIDNEYDISEASE,COV
All kidney disease,MDR,10069442,Persistent cloaca,-,-,possible,Desc: code 10038359,G,KIDNEYDISEASE,COV
All kidney disease,MDR,10069448,Bladder dysplasia,-,-,possible,Desc: code 10038359,G,KIDNEYDISEASE,COV
All kidney disease,MDR,10069632,Bladder dysfunction,-,-,possible,Desc: code 10038359,G,KIDNEYDISEASE,COV
All kidney disease,MDR,10069645,Reduced bladder capacity,-,-,possible,Desc: code 10038359,G,KIDNEYDISEASE,COV
All kidney disease,MDR,10069648,Urinary straining,-,-,possible,Desc: code 10038359,G,KIDNEYDISEASE,COV
All kidney disease,MDR,10070283,Renal transplant torsion,-,-,possible,Desc: code 10038359,G,KIDNEYDISEASE,COV
All kidney disease,MDR,10070300,Streptococcal urinary tract infection,-,-,possible,Desc: code 10038359,G,KIDNEYDISEASE,COV
All kidney disease,MDR,10070487,Brown tumour,-,-,possible,Desc: code 10038359,G,KIDNEYDISEASE,COV
All kidney disease,MDR,10070505,Urethroperineal fistula,-,-,possible,Desc: code 10038359,G,KIDNEYDISEASE,COV
All kidney disease,MDR,10070510,Traumatic renal injury,-,-,possible,Desc: code 10038359,G,KIDNEYDISEASE,COV
All kidney disease,MDR,10070632,Loss of bladder sensation,-,-,possible,Desc: code 10038359,G,KIDNEYDISEASE,COV
All kidney disease,MDR,10070869,Acquired cystic kidney disease,-,-,possible,Desc: code 10038359,G,KIDNEYDISEASE,COV
All kidney disease,MDR,10070871,Hypocitraturia,-,-,possible,Desc: code 10038359,G,KIDNEYDISEASE,COV
All kidney disease,MDR,10071018,Urogenital atrophy,-,-,possible,Desc: code 10038359,G,KIDNEYDISEASE,COV
All kidney disease,MDR,10071080,Transitional cell carcinoma metastatic,-,-,possible,Desc: code 10038359,G,KIDNEYDISEASE,COV
All kidney disease,MDR,10071137,Loin pain haematuria syndrome,-,-,possible,Desc: code 10038359,G,KIDNEYDISEASE,COV
All kidney disease,MDR,10071138,Malnutrition-inflammation-atherosclerosis syndrome,-,-,possible,Desc: code 10038359,G,KIDNEYDISEASE,COV
All kidney disease,MDR,10071289,Lower urinary tract symptoms,-,-,possible,Desc: code 10038359,G,KIDNEYDISEASE,COV
All kidney disease,MDR,10071445,Bladder outlet obstruction,-,-,possible,Desc: code 10038359,G,KIDNEYDISEASE,COV
All kidney disease,MDR,10071566,Vesicocutaneous fistula,-,-,possible,Desc: code 10038359,G,KIDNEYDISEASE,COV
All kidney disease,MDR,10071664,Bladder transitional cell carcinoma metastatic,-,-,possible,Desc: code 10038359,G,KIDNEYDISEASE,COV
All kidney disease,MDR,10071718,Fowler's syndrome,-,-,possible,Desc: code 10038359,G,KIDNEYDISEASE,COV
All kidney disease,MDR,10071758,Male genital tract fistula,-,-,possible,Desc: code 10038359,G,KIDNEYDISEASE,COV
All kidney disease,MDR,10072058,Perinephritis,-,-,possible,Desc: code 10038359,G,KIDNEYDISEASE,COV
All kidney disease,MDR,10072140,Bladder wall calcification,-,-,possible,Desc: code 10038359,G,KIDNEYDISEASE,COV
All kidney disease,MDR,10072226,Renal vascular thrombosis,-,-,possible,Desc: code 10038359,G,KIDNEYDISEASE,COV
All kidney disease,MDR,10072361,Hand-foot-genital syndrome,-,-,possible,Desc: code 10038359,G,KIDNEYDISEASE,COV
All kidney disease,MDR,10072370,Prerenal failure,-,-,possible,Desc: code 10038359,G,KIDNEYDISEASE,COV
All kidney disease,MDR,10072457,Sirenomelia,-,-,possible,Desc: code 10038359,G,KIDNEYDISEASE,COV
All kidney disease,MDR,10072458,Periureteral collection,-,-,possible,Desc: code 10038359,G,KIDNEYDISEASE,COV
All kidney disease,MDR,10072735,Aluminium overload,-,-,possible,Desc: code 10038359,G,KIDNEYDISEASE,COV
All kidney disease,MDR,10072793,Urethral melanoma metastatic,-,-,possible,Desc: code 10038359,G,KIDNEYDISEASE,COV
All kidney disease,MDR,10072996,Urinary bladder toxicity,-,-,possible,Desc: code 10038359,G,KIDNEYDISEASE,COV
All kidney disease,MDR,10073176,Urinary bladder varices,-,-,possible,Desc: code 10038359,G,KIDNEYDISEASE,COV
All kidney disease,MDR,10073381,Oedematous kidney,-,-,possible,Desc: code 10038359,G,KIDNEYDISEASE,COV
All kidney disease,MDR,10073515,Acquired aminoaciduria,-,-,possible,Desc: code 10038359,G,KIDNEYDISEASE,COV
All kidney disease,MDR,10073660,Foetal megacystis,-,-,possible,Desc: code 10038359,G,KIDNEYDISEASE,COV
All kidney disease,MDR,10074386,Renal vein compression,-,-,possible,Desc: code 10038359,G,KIDNEYDISEASE,COV
All kidney disease,MDR,10074409,Escherichia pyelonephritis,-,-,possible,Desc: code 10038359,G,KIDNEYDISEASE,COV
All kidney disease,MDR,10074418,Benign genitourinary tract neoplasm,-,-,possible,Desc: code 10038359,G,KIDNEYDISEASE,COV
All kidney disease,MDR,10074419,Malignant genitourinary tract neoplasm,-,-,possible,Desc: code 10038359,G,KIDNEYDISEASE,COV
All kidney disease,MDR,10074457,Bladder diverticulitis,-,-,possible,Desc: code 10038359,G,KIDNEYDISEASE,COV
All kidney disease,MDR,10074495,Renal transplant failure,-,-,possible,Desc: code 10038359,G,KIDNEYDISEASE,COV
All kidney disease,MDR,10074714,Lupus cystitis,-,-,possible,Desc: code 10038359,G,KIDNEYDISEASE,COV
All kidney disease,MDR,10074942,Urinary tract stoma complication,-,-,possible,Desc: code 10038359,G,KIDNEYDISEASE,COV
All kidney disease,MDR,10075004,Urinary ascites,-,-,possible,Desc: code 10038359,G,KIDNEYDISEASE,COV
All kidney disease,MDR,10075063,Urethritis mycoplasmal,-,-,possible,Desc: code 10038359,G,KIDNEYDISEASE,COV
All kidney disease,MDR,10075537,Genitourinary symptom,-,-,possible,Desc: code 10038359,G,KIDNEYDISEASE,COV
All kidney disease,MDR,10075737,Renal artery perforation,-,-,possible,Desc: code 10038359,G,KIDNEYDISEASE,COV
All kidney disease,MDR,10076427,Bladder hyperaemia,-,-,possible,Desc: code 10038359,G,KIDNEYDISEASE,COV
All kidney disease,MDR,10076507,Hypernatriuria,-,-,possible,Desc: code 10038359,G,KIDNEYDISEASE,COV
All kidney disease,MDR,10076568,Urinary tract discomfort,-,-,possible,Desc: code 10038359,G,KIDNEYDISEASE,COV
All kidney disease,MDR,10076704,Page kidney,-,-,possible,Desc: code 10038359,G,KIDNEYDISEASE,COV
All kidney disease,MDR,10076916,Kidney congestion,-,-,possible,Desc: code 10038359,G,KIDNEYDISEASE,COV
All kidney disease,MDR,10077051,Transitional cell carcinoma recurrent,-,-,possible,Desc: code 10038359,G,KIDNEYDISEASE,COV
All kidney disease,MDR,10077166,Genitourinary melanoma,-,-,possible,Desc: code 10038359,G,KIDNEYDISEASE,COV
All kidney disease,MDR,10077233,Bladder metaplasia,-,-,possible,Desc: code 10038359,G,KIDNEYDISEASE,COV
All kidney disease,MDR,10077253,Somatoform genitourinary disorder,-,-,possible,Desc: code 10038359,G,KIDNEYDISEASE,COV
All kidney disease,MDR,10077278,Renal vein varices,-,-,possible,Desc: code 10038359,G,KIDNEYDISEASE,COV
All kidney disease,MDR,10077375,Funguria,-,-,possible,Desc: code 10038359,G,KIDNEYDISEASE,COV
All kidney disease,MDR,10077515,Hyponatriuria,-,-,possible,Desc: code 10038359,G,KIDNEYDISEASE,COV
All kidney disease,MDR,10077863,Postoperative pathological diuresis,-,-,possible,Desc: code 10038359,G,KIDNEYDISEASE,COV
All kidney disease,MDR,10077910,Uraemic myopathy,-,-,possible,Desc: code 10038359,G,KIDNEYDISEASE,COV
All kidney disease,MDR,10077946,Adult polyglucosan body disease,-,-,possible,Desc: code 10038359,G,KIDNEYDISEASE,COV
All kidney disease,MDR,10077989,Ureterolithiasis,-,-,possible,Desc: code 10038359,G,KIDNEYDISEASE,COV
All kidney disease,MDR,10078114,Destructive spondyloarthropathy,-,-,possible,Desc: code 10038359,G,KIDNEYDISEASE,COV
All kidney disease,MDR,10078119,Urothelium erosion,-,-,possible,Desc: code 10038359,G,KIDNEYDISEASE,COV
All kidney disease,MDR,10078229,Renal graft infection,-,-,possible,Desc: code 10038359,G,KIDNEYDISEASE,COV
All kidney disease,MDR,10078264,Renal echinococciasis,-,-,possible,Desc: code 10038359,G,KIDNEYDISEASE,COV
All kidney disease,MDR,10078341,Neuroendocrine carcinoma of the bladder,-,-,possible,Desc: code 10038359,G,KIDNEYDISEASE,COV
All kidney disease,MDR,10078604,Urethral discharge syndrome,-,-,possible,Desc: code 10038359,G,KIDNEYDISEASE,COV
All kidney disease,MDR,10078656,Renal cell dysplasia,-,-,possible,Desc: code 10038359,G,KIDNEYDISEASE,COV
All kidney disease,MDR,10078665,Bacterial urethritis,-,-,possible,Desc: code 10038359,G,KIDNEYDISEASE,COV
All kidney disease,MDR,10078818,Perinephric oedema,-,-,possible,Desc: code 10038359,G,KIDNEYDISEASE,COV
All kidney disease,MDR,10078907,Renal vein stenosis,-,-,possible,Desc: code 10038359,G,KIDNEYDISEASE,COV
All kidney disease,MDR,10078921,Purple urine bag syndrome,-,-,possible,Desc: code 10038359,G,KIDNEYDISEASE,COV
All kidney disease,MDR,10078933,Renal tubular injury,-,-,possible,Desc: code 10038359,G,KIDNEYDISEASE,COV
All kidney disease,MDR,10078971,2-Hydroxyglutaric aciduria,-,-,possible,Desc: code 10038359,G,KIDNEYDISEASE,COV
All kidney disease,MDR,10078987,Foetal renal impairment,-,-,possible,Desc: code 10038359,G,KIDNEYDISEASE,COV
All kidney disease,MDR,10079095,Cytomegalovirus nephritis,-,-,possible,Desc: code 10038359,G,KIDNEYDISEASE,COV
All kidney disease,MDR,10079249,Anazoturia,-,-,possible,Desc: code 10038359,G,KIDNEYDISEASE,COV
All kidney disease,MDR,10079250,Azoturia,-,-,possible,Desc: code 10038359,G,KIDNEYDISEASE,COV
All kidney disease,MDR,10079435,Opitz-G/BBB syndrome,-,-,possible,Desc: code 10038359,G,KIDNEYDISEASE,COV
All kidney disease,MDR,10079493,Urinary tract polyp,-,-,possible,Desc: code 10038359,G,KIDNEYDISEASE,COV
All kidney disease,MDR,10079546,Post micturition dribble,-,-,possible,Desc: code 10038359,G,KIDNEYDISEASE,COV
All kidney disease,MDR,10079753,Delayed foetal renal development,-,-,possible,Desc: code 10038359,G,KIDNEYDISEASE,COV
All kidney disease,MDR,10079848,Foreign body in urogenital tract,-,-,possible,Desc: code 10038359,G,KIDNEYDISEASE,COV
All kidney disease,MDR,10080015,Malignant urinary tract obstruction,-,-,possible,Desc: code 10038359,G,KIDNEYDISEASE,COV
All kidney disease,MDR,10080219,Fraser syndrome,-,-,possible,Desc: code 10038359,G,KIDNEYDISEASE,COV
All kidney disease,MDR,10080618,Kidney transplant rupture,-,-,possible,Desc: code 10038359,G,KIDNEYDISEASE,COV
All kidney disease,MDR,10080626,Renal artery restenosis,-,-,possible,Desc: code 10038359,G,KIDNEYDISEASE,COV
All kidney disease,MDR,10080998,Urinary tract adhesions,-,-,possible,Desc: code 10038359,G,KIDNEYDISEASE,COV
All kidney disease,MDR,10081079,Renal pseudoaneurysm,-,-,possible,Desc: code 10038359,G,KIDNEYDISEASE,COV
All kidney disease,MDR,10081163,Fungal urethritis,-,-,possible,Desc: code 10038359,G,KIDNEYDISEASE,COV
All kidney disease,MDR,10081232,Salt diathesis,-,-,possible,Desc: code 10038359,G,KIDNEYDISEASE,COV
All kidney disease,MDR,10081262,Candida urethritis,-,-,possible,Desc: code 10038359,G,KIDNEYDISEASE,COV
All kidney disease,MDR,10081323,Renal procedural complication,-,-,possible,Desc: code 10038359,G,KIDNEYDISEASE,COV
All kidney disease,MDR,10081331,Urinary tract procedural complication,-,-,possible,Desc: code 10038359,G,KIDNEYDISEASE,COV
All kidney disease,MDR,10081582,Urinary bladder explosion,-,-,possible,Desc: code 10038359,G,KIDNEYDISEASE,COV
All kidney disease,MDR,10081901,Urinary tract toxicity,-,-,possible,Desc: code 10038359,G,KIDNEYDISEASE,COV
All kidney disease,MDR,10082037,Urethral necrosis,-,-,possible,Desc: code 10038359,G,KIDNEYDISEASE,COV
All kidney disease,MDR,10082151,Noninfectious urinary meatitis,-,-,possible,Desc: code 10038359,G,KIDNEYDISEASE,COV
All kidney disease,MDR,10082153,Urinary meatitis,-,-,possible,Desc: code 10038359,G,KIDNEYDISEASE,COV
All kidney disease,MDR,10082163,Acquired perforating dermatosis,-,-,possible,Desc: code 10038359,G,KIDNEYDISEASE,COV
All kidney disease,MDR,10082818,Providencia urinary tract infection,-,-,possible,Desc: code 10038359,G,KIDNEYDISEASE,COV
All kidney disease,MDR,10083096,Bladder ulcer,-,-,possible,Desc: code 10038359,G,KIDNEYDISEASE,COV
All kidney disease,MDR,10083162,Urinary tract candidiasis,-,-,possible,Desc: code 10038359,G,KIDNEYDISEASE,COV
All kidney disease,MDR,10083206,Vesicourethral fistula,-,-,possible,Desc: code 10038359,G,KIDNEYDISEASE,COV
All kidney disease,MDR,10083258,Erythropoietin deficiency anaemia,-,-,possible,Desc: code 10038359,G,KIDNEYDISEASE,COV
All kidney disease,MDR,10083349,Accessory renal artery,-,-,possible,Desc: code 10038359,G,KIDNEYDISEASE,COV
All kidney disease,MDR,10083358,Urinary bladder haematoma,-,-,possible,Desc: code 10038359,G,KIDNEYDISEASE,COV
All kidney disease,MDR,10083385,Subcapsular renal haematoma,-,-,possible,Desc: code 10038359,G,KIDNEYDISEASE,COV
All kidney disease,MDR,10083416,Neovaginal fistula,-,-,possible,Desc: code 10038359,G,KIDNEYDISEASE,COV
All kidney disease,MDR,10083524,Campylobacter urinary tract infection,-,-,possible,Desc: code 10038359,G,KIDNEYDISEASE,COV
All kidney disease,MDR,10083549,Follicular cystitis,-,-,possible,Desc: code 10038359,G,KIDNEYDISEASE,COV
All kidney disease,MDR,10083589,Bullous oedema of the bladder,-,-,possible,Desc: code 10038359,G,KIDNEYDISEASE,COV
All kidney disease,MDR,10084121,Infected urinoma,-,-,possible,Desc: code 10038359,G,KIDNEYDISEASE,COV
All kidney disease,MDR,10084249,Genitourinary syndrome of menopause,-,-,possible,Desc: code 10038359,G,KIDNEYDISEASE,COV
All kidney disease,MDR,10084825,Superimposed pre-eclampsia,-,-,possible,Desc: code 10038359,G,KIDNEYDISEASE,COV
All kidney disease,MDR,10084826,Aerococcus urinae infection,-,-,possible,Desc: code 10038359,G,KIDNEYDISEASE,COV
All kidney disease,MDR,10085065,Colo-urethral fistula,-,-,possible,Desc: code 10038359,G,KIDNEYDISEASE,COV
All kidney disease,MDR,10085069,Immune-mediated cystitis,-,-,possible,Desc: code 10038359,G,KIDNEYDISEASE,COV
All kidney disease,MDR,10085171,Urethroscrotal fistula,-,-,possible,Desc: code 10038359,G,KIDNEYDISEASE,COV
All kidney disease,MDR,10085346,Renal-limited thrombotic microangiopathy,-,-,possible,Desc: code 10038359,G,KIDNEYDISEASE,COV
All kidney disease,MDR,10085456,Urinary bladder herniation,-,-,possible,Desc: code 10038359,G,KIDNEYDISEASE,COV
All kidney disease,MDR,10085861,Adenovirus interstitial nephritis,-,-,possible,Desc: code 10038359,G,KIDNEYDISEASE,COV
All kidney disease,MDR,10085990,BCG related cystitis,-,-,possible,Desc: code 10038359,G,KIDNEYDISEASE,COV
All kidney disease,MDR,10086461,Viruria,-,-,possible,Desc: code 10038359,G,KIDNEYDISEASE,COV
All kidney disease,MDR,10086569,Renal milk of calcium cyst,-,-,possible,Desc: code 10038359,G,KIDNEYDISEASE,COV
All kidney disease,MDR,10086817,Malignant urinary tract neoplasm metastatic,-,-,possible,Desc: code 10038359,G,KIDNEYDISEASE,COV
All kidney disease,MDR,10087040,Polypoid cystitis,-,-,possible,Desc: code 10038359,G,KIDNEYDISEASE,COV
All kidney disease,MDR,10087089,Urothelial papilloma,-,-,possible,Desc: code 10038359,G,KIDNEYDISEASE,COV
All kidney disease,MDR,10087409,Uraemic cardiomyopathy,-,-,possible,Desc: code 10038359,G,KIDNEYDISEASE,COV
All kidney disease,MDR,10087751,Herpes simplex virus urethritis,-,-,possible,Desc: code 10038359,G,KIDNEYDISEASE,COV
All kidney disease,MDR,10087963,Urachal sinus infection,-,-,possible,Desc: code 10038359,G,KIDNEYDISEASE,COV
All kidney disease,MDR,10087982,Alkalinuria,-,-,possible,Desc: code 10038359,G,KIDNEYDISEASE,COV
All kidney disease,MDR,10088061,Klebsiella urinary tract infection,-,-,possible,Desc: code 10038359,G,KIDNEYDISEASE,COV
All kidney disease,MDR,10088449,Urinary tract spasm,-,-,possible,Desc: code 10038359,G,KIDNEYDISEASE,COV
All kidney disease,MDR,10088574,Urinary tract lithiasis NEC,-,-,possible,Desc: code 10038359,G,KIDNEYDISEASE,COV
All kidney disease,MDR,10088602,Methylmalonic acidaemia,-,-,possible,Desc: code 10038359,G,KIDNEYDISEASE,COV
All kidney disease,MDR,10089163,HER2 positive bladder cancer,-,-,possible,Desc: code 10038359,G,KIDNEYDISEASE,COV
All kidney disease,MDR,10089188,Cranioectodermal dysplasia,-,-,possible,Desc: code 10038359,G,KIDNEYDISEASE,COV
All kidney disease,MDR,10089227,Urofacial syndrome,-,-,possible,Desc: code 10038359,G,KIDNEYDISEASE,COV
All kidney disease,MDR,10089244,Haemopyrrollactamuria,-,-,possible,Desc: code 10038359,G,KIDNEYDISEASE,COV
All kidney disease,MDR,10090711,Early branching of renal artery,-,-,possible,Desc: code 10038359,G,KIDNEYDISEASE,COV
All kidney disease,MDR,10091051,Chronic prostatitis/chronic pelvic pain syndrome,-,-,possible,Desc: code 10038359,G,KIDNEYDISEASE,COV
All kidney disease,MDR,10091062,Chronic kidney disease-associated pruritus,-,-,possible,Desc: code 10038359,G,KIDNEYDISEASE,COV
All kidney disease,MDR,10091285,Adrenal-renal fusion anomaly,-,-,possible,Desc: code 10038359,G,KIDNEYDISEASE,COV
All kidney disease,MDR,10091292,Foetal urinary tract dilatation,-,-,possible,Desc: code 10038359,G,KIDNEYDISEASE,COV
All kidney disease,MDR,10091399,Bladder papillary urothelial neoplasm of low malignant potential,-,-,possible,Desc: code 10038359,G,KIDNEYDISEASE,COV
All kidney disease,MDR,10091424,McKusick-Kaufman syndrome,-,-,possible,Desc: code 10038359,G,KIDNEYDISEASE,COV
All kidney disease,MDR,10091877,WAGR syndrome,-,-,possible,Desc: code 10038359,G,KIDNEYDISEASE,COV
All kidney disease,MDR,10091956,Papillary urothelial neoplasm of low malignant potential,-,-,possible,Desc: code 10038359,G,KIDNEYDISEASE,COV
All kidney disease,MDR,10092067,Viral urethritis,-,-,possible,Desc: code 10038359,G,KIDNEYDISEASE,COV
All kidney disease,MDR,10046568,Urinary tract disorder of,C0042075,Urologic Diseases,possible,,G,KIDNEYDISEASE,COV
All kidney disease,MDR,10045836,Unspecified disorder of urethra and urinary tract,C0042075,Urologic Diseases,possible,,G,KIDNEYDISEASE,COV
All kidney disease,MDR,10046709,Uropathy,C0042075,Urologic Diseases,possible,,G,KIDNEYDISEASE,COV
All kidney disease,MDR,10068279,Fibrillary glomerulonephritis,C0268749,Fibrillary glomerulonephritis,narrow,,G,KIDNEYDISEASE,COV
All kidney disease,MDR,10090284,Sclerosing glomerulonephritis,C0268748,Sclerosing glomerulonephritis,narrow,,G,KIDNEYDISEASE,COV
All kidney disease,MDR,10054832,Diffuse mesangial sclerosis,C0268747,Diffuse mesangial sclerosis (disorder),possible,,G,KIDNEYDISEASE,COV
All kidney disease,MDR,10083793,Dense deposit disease,C0268743,"Membranoproliferative Glomerulonephritis, Type II",narrow,,G,KIDNEYDISEASE,COV
All kidney disease,MDR,10071135,Branchio-oto-renal syndrome,C0265234,Branchio-Oto-Renal Syndrome,possible,,G,KIDNEYDISEASE,COV
All kidney disease,MDR,10071142,Branchiootorenal syndrome,C0265234,Branchio-Oto-Renal Syndrome,possible,,G,KIDNEYDISEASE,COV
All kidney disease,MDR,10020524,Hydronephrosis,C0020295,Hydronephrosis,narrow,,G,KIDNEYDISEASE,COV
All kidney disease,MDR,10034259,Pelvic kidney,C0221209,Pelvic kidney,possible,,G,KIDNEYDISEASE,COV
All kidney disease,MDR,10012347,Dependence on renal dialysis,C0524376,Dependence on renal dialysis,narrow,,G,KIDNEYDISEASE,COV
All kidney disease,MDR,10064758,Immune complex glomerulonephritis,C0744421,Immune-complex glomerulonephritis,narrow,,G,KIDNEYDISEASE,COV
All kidney disease,MDR,10068304,Congenital nephrogenic diabetes insipidus,C0677501,Congenital Nephrogenic Diabetes Insipidus,narrow,,G,KIDNEYDISEASE,COV
All kidney disease,MDR,10076411,Chronic kidney disease stage 4,C2317473,Chronic kidney disease stage 4,narrow,,G,KIDNEYDISEASE,COV
All kidney disease,MDR,10008658,Cholesterol embolisation,C0264980,Cholesterol embolus syndrome,exclude,,G,KIDNEYDISEASE,COV
All kidney disease,MDR,10062394,Cholesterol embolization,C0264980,Cholesterol embolus syndrome,exclude,,G,KIDNEYDISEASE,COV
All kidney disease,MDR,10057662,Purple toes syndrome,C0264980,Cholesterol embolus syndrome,exclude,,G,KIDNEYDISEASE,COV
All kidney disease,MDR,10046404,Ureteric fistula,C0156263,Ureteric fistula,exclude,,G,KIDNEYDISEASE,COV
All kidney disease,MDR,10046385,Ureteral fistula,C0156263,Ureteric fistula,exclude,,G,KIDNEYDISEASE,COV
All kidney disease,MDR,10042240,Stricture or kinking of ureter,C0156261,Stricture or kinking of ureter,exclude,,G,KIDNEYDISEASE,COV
All kidney disease,MDR,10083099,Hypotonia-cystinuria syndrome,C1848030,Hypotonia-Cystinuria Syndrome,possible,,G,KIDNEYDISEASE,COV
All kidney disease,MDR,10060388,Hyporeninaemic hypoaldosteronism,C0376185,"Hypoaldosteronism, Hyporeninemic",possible,,G,KIDNEYDISEASE,COV
All kidney disease,MDR,10053988,Hyporeninemic hypoaldosteronism,C0376185,"Hypoaldosteronism, Hyporeninemic",possible,,G,KIDNEYDISEASE,COV
All kidney disease,MDR,10038468,Renal hypertrophy,C0156259,Hypertrophy of kidney,possible,,G,KIDNEYDISEASE,COV
All kidney disease,MDR,10020888,Hypertrophy of kidney,C0156259,Hypertrophy of kidney,possible,,G,KIDNEYDISEASE,COV
All kidney disease,MDR,10031971,Other disorders of kidney and ureter,C0156258,Other disorders of kidney and ureter (N25-N29),possible,,G,KIDNEYDISEASE,COV
All kidney disease,MDR,10038358,Renal and perinephric abscess,C0156253,Renal and perinephric abscess,narrow,,G,KIDNEYDISEASE,COV
All kidney disease,MDR,10007014,Calculus of kidney and ureter,C0156257,Calculus of kidney and ureter,possible,,G,KIDNEYDISEASE,COV
All kidney disease,MDR,10037608,Pyeloureteritis cystica,C0156254,Pyeloureteritis cystica,possible,,G,KIDNEYDISEASE,COV
All kidney disease,MDR,10065144,Renal scarring,C1700247,Renal scarring,narrow,,G,KIDNEYDISEASE,COV
All kidney disease,MDR,10016148,Failure hepatorenal,C0019212,Hepatorenal Syndrome,narrow,,G,KIDNEYDISEASE,COV
All kidney disease,MDR,10019845,Hepatorenal failure,C0019212,Hepatorenal Syndrome,narrow,,G,KIDNEYDISEASE,COV
All kidney disease,MDR,10019846,Hepatorenal syndrome,C0019212,Hepatorenal Syndrome,narrow,,G,KIDNEYDISEASE,COV
All kidney disease,MDR,10042815,Syndrome hepatorenal,C0019212,Hepatorenal Syndrome,narrow,,G,KIDNEYDISEASE,COV
All kidney disease,MDR,10021138,Hypovolaemic shock,C0020683,Hypovolemic Shock,exclude,,G,KIDNEYDISEASE,COV
All kidney disease,MDR,10021140,Hypovolemic shock,C0020683,Hypovolemic Shock,exclude,,G,KIDNEYDISEASE,COV
All kidney disease,MDR,10027419,Metabolic acidosis NOS,C0220981,Metabolic acidosis,exclude,,G,KIDNEYDISEASE,COV
All kidney disease,MDR,10027417,Metabolic acidosis,C0220981,Metabolic acidosis,exclude,,G,KIDNEYDISEASE,COV
All kidney disease,MDR,10000492,Acidosis metabolic,C0220981,Metabolic acidosis,exclude,,G,KIDNEYDISEASE,COV
All kidney disease,MDR,10023379,Ketoacidosis,C0220982,Ketoacidosis,exclude,,G,KIDNEYDISEASE,COV
All kidney disease,MDR,10023412,Kidney contracted,C3495403,Contracted kidney,possible,,G,KIDNEYDISEASE,COV
All kidney disease,MDR,10070179,Denys-Drash syndrome,C0950121,Denys-Drash Syndrome,possible,,G,KIDNEYDISEASE,COV
All kidney disease,MDR,10061001,Benign renal neoplasm,C0496892,Benign neoplasm of kidney,possible,,G,KIDNEYDISEASE,COV
All kidney disease,MDR,10038487,Renal neoplasms benign,C0496892,Benign neoplasm of kidney,possible,,G,KIDNEYDISEASE,COV
All kidney disease,MDR,10004449,Benign renal neoplasm NOS,C0496892,Benign neoplasm of kidney,possible,,G,KIDNEYDISEASE,COV
All kidney disease,MDR,10029167,Nephrotic syndrome with lesion of membranous glomerulonephritis,C0156228,Nephrotic Syndrome with Lesion of Membranous Glomerulonephritis,narrow,,G,KIDNEYDISEASE,COV
All kidney disease,MDR,10000794,Acute glomerulonephritis with unspecified pathological lesion in kidney,C0156226,Acute glomerulonephritis with unspecified pathological lesion in kidney,narrow,,G,KIDNEYDISEASE,COV
All kidney disease,MDR,10000789,Acute glomerulonephritis in diseases classified elsewhere,C0156225,Acute glomerulonephritis associated with another disorder,narrow,,G,KIDNEYDISEASE,COV
All kidney disease,MDR,10029166,Nephrotic syndrome with lesion of membranoproliferative glomerulonephritis,C0156229,Nephrotic syndrome with lesion of membranoproliferative glomerulonephritis,narrow,,G,KIDNEYDISEASE,COV
All kidney disease,MDR,10000793,Acute glomerulonephritis with other specified pathological lesion in kidney,C0156224,Acute glomerulonephritis with other specified pathological lesion in kidney,narrow,,G,KIDNEYDISEASE,COV
All kidney disease,MDR,10000791,Acute glomerulonephritis with lesion of rapidly progressive glomerulonephritis,C0156223,Acute glomerulonephritis with lesion of rapidly progressive glomerulonephritis,narrow,,G,KIDNEYDISEASE,COV
All kidney disease,MDR,10078248,Multicystic dysplastic kidney,C3714581,Multicystic Dysplastic Kidney,narrow,,G,KIDNEYDISEASE,COV
All kidney disease,MDR,10018366,Glomerulonephritis acute,C0156221,Acute glomerulonephritis,narrow,,G,KIDNEYDISEASE,COV
All kidney disease,MDR,10000788,Acute glomerulonephritis,C0156221,Acute glomerulonephritis,narrow,,G,KIDNEYDISEASE,COV
All kidney disease,MDR,10077862,Obstructive nephropathy,C0149939,Obstructive nephropathy,narrow,,G,KIDNEYDISEASE,COV
All kidney disease,MDR,10077209,IgM nephropathy,C0403433,IgM nephropathy,narrow,,G,KIDNEYDISEASE,COV
All kidney disease,MDR,10081461,C1q nephropathy,C0403434,C1q nephropathy,narrow,,G,KIDNEYDISEASE,COV
All kidney disease,MDR,10002195,Analgesic nephropathy,C0149938,Analgesic nephropathy,narrow,,G,KIDNEYDISEASE,COV
All kidney disease,MDR,10048747,Renal graft function delayed,C0877382,Delayed renal graft function,narrow,,G,KIDNEYDISEASE,COV
All kidney disease,MDR,10082528,Starvation ketoacidosis,C0268040,Starvation ketoacidosis,possible,,G,KIDNEYDISEASE,COV
All kidney disease,MDR,10042884,Syphilis of kidney,C0153180,Syphilis of kidney,narrow,,G,KIDNEYDISEASE,COV
All kidney disease,MDR,10038530,Renal syphilis,C0153180,Syphilis of kidney,narrow,,G,KIDNEYDISEASE,COV
All kidney disease,MDR,10009122,Chronic renal impairment,C0403447,Chronic Kidney Insufficiency,narrow,,G,KIDNEYDISEASE,COV
All kidney disease,MDR,10050441,Chronic renal insufficiency,C0403447,Chronic Kidney Insufficiency,narrow,,G,KIDNEYDISEASE,COV
All kidney disease,MDR,10069199,Dent's disease,C0878681,Dent's disease,narrow,,G,KIDNEYDISEASE,COV
All kidney disease,MDR,10023435,Kidney small,C0156247,Small kidney,possible,,G,KIDNEYDISEASE,COV
All kidney disease,MDR,10041135,Small kidney,C0156247,Small kidney,possible,,G,KIDNEYDISEASE,COV
All kidney disease,MDR,10041137,"Small kidney, unspecified",C0156247,Small kidney,possible,,G,KIDNEYDISEASE,COV
All kidney disease,MDR,10041136,Small kidney of unknown cause,C0156247,Small kidney,possible,,G,KIDNEYDISEASE,COV
All kidney disease,MDR,10048789,Ureteral stricture,C3887590,Stricture of ureter,exclude,,G,KIDNEYDISEASE,COV
All kidney disease,MDR,10079252,Alcoholic ketoacidosis,C0268039,Ketoacidosis due to acute alcohol intoxication,exclude,,G,KIDNEYDISEASE,COV
All kidney disease,MDR,10004581,Bilateral small kidneys,C0156246,Bilateral small kidney,possible,,G,KIDNEYDISEASE,COV
All kidney disease,MDR,10045540,Unilateral small kidney,C0156245,Unilateral small kidney,possible,,G,KIDNEYDISEASE,COV
All kidney disease,MDR,10082472,Normal anion gap metabolic acidosis,C0268033,"Metabolic acidosis, normal anion gap (NAG)",exclude,,G,KIDNEYDISEASE,COV
All kidney disease,MDR,10062622,Pigment nephropathy,C0403456,Pigment nephropathy,narrow,,G,KIDNEYDISEASE,COV
All kidney disease,MDR,10088267,Systemic primary carnitine deficiency,C0342788,Renal carnitine transport defect,narrow,,G,KIDNEYDISEASE,COV
All kidney disease,MDR,10029123,"Nephritis and nephropathy, not spec as acute or chronic, with lesion of renal medullary necrosis",C0156239,"Nephritis and nephropathy, not specified as acute or chronic, with lesion of renal medullary necrosis",narrow,,G,KIDNEYDISEASE,COV
All kidney disease,MDR,10029131,"Nephritis and nephropathy, not specified as acute or chronic, with lesion of renal cortical necrosis",C0156238,"Nephritis and nephropathy, not specified as acute or chronic, with lesion of renal cortical necrosis",narrow,,G,KIDNEYDISEASE,COV
All kidney disease,MDR,10029165,Nephrotic syndrome in diseases classified elsewhere,C0156230,Nephrotic syndrome in diseases classified elsewhere,narrow,,G,KIDNEYDISEASE,COV
All kidney disease,MDR,10008896,Chronic glomerulonephritis with unspecified pathological lesion in kidney,C0156235,Chronic glomerulonephritis with unspecified pathological lesion in kidney,narrow,,G,KIDNEYDISEASE,COV
All kidney disease,MDR,10008894,Chronic glomerulonephritis with other pathological lesion in kidney,C0156235,Chronic glomerulonephritis with unspecified pathological lesion in kidney,narrow,,G,KIDNEYDISEASE,COV
All kidney disease,MDR,10038440,Renal failure acute on chronic,C0403462,Acute-on-chronic renal failure,narrow,,G,KIDNEYDISEASE,COV
All kidney disease,MDR,10000952,Acute on chronic renal failure,C0403462,Acute-on-chronic renal failure,narrow,,G,KIDNEYDISEASE,COV
All kidney disease,MDR,10008889,Chronic glomerulonephritis in diseases classified elsewhere,C0156234,Chronic glomerulonephritis in diseases classified elsewhere,narrow,,G,KIDNEYDISEASE,COV
All kidney disease,MDR,10008895,Chronic glomerulonephritis with other specified pathological lesion in kidney,C0156233,Chronic glomerulonephritis with other specified pathological lesion in kidney,narrow,,G,KIDNEYDISEASE,COV
All kidney disease,MDR,10083554,Malignant renal neoplasm,C0740457,Malignant neoplasm of kidney,narrow,,G,KIDNEYDISEASE,COV
All kidney disease,MDR,10023400,Kidney cancer,C0740457,Malignant neoplasm of kidney,narrow,,G,KIDNEYDISEASE,COV
All kidney disease,MDR,10068208,Renal neoplasms malignant,C0740457,Malignant neoplasm of kidney,narrow,,G,KIDNEYDISEASE,COV
All kidney disease,MDR,10038389,Renal cancer,C0740457,Malignant neoplasm of kidney,narrow,,G,KIDNEYDISEASE,COV
All kidney disease,MDR,10000972,Acute papillary necrosis,C0403468,Acute papillary necrosis,narrow,,G,KIDNEYDISEASE,COV
All kidney disease,MDR,10067147,Dystopic kidney,C0238207,Ectopic kidney,possible,,G,KIDNEYDISEASE,COV
All kidney disease,MDR,10063044,Ectopic kidney,C0238207,Ectopic kidney,possible,,G,KIDNEYDISEASE,COV
All kidney disease,MDR,10023413,Kidney contusion,C0238206,Contusion of kidney,possible,,G,KIDNEYDISEASE,COV
All kidney disease,MDR,10036046,"Polycystic kidney, autosomal dominant",C0085413,"Polycystic Kidney, Autosomal Dominant",narrow,,G,KIDNEYDISEASE,COV
All kidney disease,MDR,10067877,Kidney malrotation,C0238210,Malrotation of kidney,possible,,G,KIDNEYDISEASE,COV
All kidney disease,MDR,10069671,Rupture of renal pelvis,C0434121,Rupture of renal pelvis,narrow,,G,KIDNEYDISEASE,COV
All kidney disease,MDR,10049051,Renal dialysis,C4551529,Renal Dialysis,narrow,,G,KIDNEYDISEASE,COV
All kidney disease,MDR,10061105,Dialysis,C4551529,Renal Dialysis,narrow,,G,KIDNEYDISEASE,COV
All kidney disease,MDR,10076656,Acute allograft nephropathy,C0238217,Renal transplant rejection,narrow,,G,KIDNEYDISEASE,COV
All kidney disease,MDR,10023439,Kidney transplant rejection,C0238217,Renal transplant rejection,narrow,,G,KIDNEYDISEASE,COV
All kidney disease,MDR,10011379,Crescentic glomerulonephritis,C0403416,Idiopathic crescentic glomerulonephritis,narrow,,G,KIDNEYDISEASE,COV
All kidney disease,MDR,10036303,Post streptococcal glomerulonephritis,C0403414,Acute post-streptococcal glomerulonephritis,narrow,,G,KIDNEYDISEASE,COV
All kidney disease,MDR,10004387,Benign neoplasm of renal pelvis,C0154015,Benign neoplasm of renal pelvis,possible,,G,KIDNEYDISEASE,COV
All kidney disease,MDR,10070665,Mesoblastic nephroma,C0206628,Mesoblastic Nephroma,possible,,G,KIDNEYDISEASE,COV
All kidney disease,MDR,10073747,Hydrocalycosis,C0221377,Hydrocalycosis,narrow,,G,KIDNEYDISEASE,COV
All kidney disease,MDR,10073745,Hydrocalyx,C0221377,Hydrocalycosis,narrow,,G,KIDNEYDISEASE,COV
All kidney disease,MDR,10029138,Nephritis NOS,C0027697,Nephritis,narrow,,G,KIDNEYDISEASE,COV
All kidney disease,MDR,10029117,Nephritis,C0027697,Nephritis,narrow,,G,KIDNEYDISEASE,COV
All kidney disease,MDR,10029121,Nephritis and nephropathy not specified as acute or chronic,C0027698,"Nephritis and nephropathy, not specified as acute or chronic",narrow,,G,KIDNEYDISEASE,COV
All kidney disease,MDR,10029126,"Nephritis and nephropathy, not specified as acute or chronic",C0027698,"Nephritis and nephropathy, not specified as acute or chronic",narrow,,G,KIDNEYDISEASE,COV
All kidney disease,MDR,10029127,"Nephritis and nephropathy, not specified as acute or chronic, in diseases classified elsewhere",C0027699,"Nephritis and nephropathy, not specified as acute or chronic, in diseases classified elsewhere",narrow,,G,KIDNEYDISEASE,COV
All kidney disease,MDR,10072914,Steroid-resistant nephrotic syndrome,C0403397,Steroid-resistant nephrotic syndrome,narrow,,G,KIDNEYDISEASE,COV
All kidney disease,MDR,10062906,Gitelman's syndrome,C0268450,Gitelman Syndrome,possible,,G,KIDNEYDISEASE,COV
All kidney disease,MDR,10060740,Congenital nephrotic syndrome - finnish type,C0403399,Finnish congenital nephrotic syndrome,narrow,,G,KIDNEYDISEASE,COV
All kidney disease,MDR,10001047,Acute renal failure with lesion of renal cortical necrosis,C0495057,Acute renal failure with acute cortical necrosis,narrow,,G,KIDNEYDISEASE,COV
All kidney disease,MDR,10091916,Gullner syndrome,C0268444,"Hypokalemia, Familial",exclude,,G,KIDNEYDISEASE,COV
All kidney disease,MDR,10067467,Nephrogenic systemic fibrosis,C3888044,Nephrogenic Systemic Fibrosis,narrow,,G,KIDNEYDISEASE,COV
All kidney disease,MDR,10020393,Horseshoe kidney,C0221353,Horseshoe Kidney,possible,,G,KIDNEYDISEASE,COV
All kidney disease,MDR,10037082,Proximal RTA,C0268435,"Renal Tubular Acidosis, Type II",narrow,,G,KIDNEYDISEASE,COV
All kidney disease,MDR,10037080,Proximal renal tubular acidosis,C0268435,"Renal Tubular Acidosis, Type II",narrow,,G,KIDNEYDISEASE,COV
All kidney disease,MDR,10086680,Chronic nephritic syndrome,C0677052,Chronic nephritic syndrome,narrow,,G,KIDNEYDISEASE,COV
All kidney disease,MDR,10050347,Foetal acidosis,C0410959,Fetal acidosis,possible,,G,KIDNEYDISEASE,COV
All kidney disease,MDR,10054742,Fetal acidosis,C0410959,Fetal acidosis,possible,,G,KIDNEYDISEASE,COV
All kidney disease,MDR,10082040,Nephritis bacterial,C3686882,Bacterial nephritis,narrow,,G,KIDNEYDISEASE,COV
All kidney disease,MDR,10056675,Postoperative renal failure,C0542211,Postoperative renal failure,narrow,,G,KIDNEYDISEASE,COV
All kidney disease,MDR,10069339,Acute kidney injury,C2609414,Acute kidney injury,narrow,,G,KIDNEYDISEASE,COV
All kidney disease,MDR,10089276,Lupus-like nephritis,C0024143,Lupus Nephritis,narrow,,G,KIDNEYDISEASE,COV
All kidney disease,MDR,10040970,SLE nephritis,C0024143,Lupus Nephritis,narrow,,G,KIDNEYDISEASE,COV
All kidney disease,MDR,10029141,Nephritis SLE,C0024143,Lupus Nephritis,narrow,,G,KIDNEYDISEASE,COV
All kidney disease,MDR,10025140,Lupus nephritis,C0024143,Lupus Nephritis,narrow,,G,KIDNEYDISEASE,COV
All kidney disease,MDR,10029142,Nephritis systemic lupus erythematosus,C0024143,Lupus Nephritis,narrow,,G,KIDNEYDISEASE,COV
All kidney disease,MDR,10038317,Removal of ambulatory peritoneal catheter,C0204835,Removal of peritoneal dialysis catheter,narrow,,G,KIDNEYDISEASE,COV
All kidney disease,MDR,10078903,Living donor renal transplant,C0401177,Live donor renal transplant,narrow,,G,KIDNEYDISEASE,COV
All kidney disease,MDR,10010428,Congenital cystic kidney disease,C0311245,Congenital cystic kidney disease,narrow,,G,KIDNEYDISEASE,COV
All kidney disease,MDR,10029970,Obstruction ureter,C0041956,Ureteral obstruction,possible,,G,KIDNEYDISEASE,COV
All kidney disease,MDR,10046406,Ureteric obstruction,C0041956,Ureteral obstruction,possible,,G,KIDNEYDISEASE,COV
All kidney disease,MDR,10046381,Ureter obstruction,C0041956,Ureteral obstruction,possible,,G,KIDNEYDISEASE,COV
All kidney disease,MDR,10030007,Occlusion of ureter NOS,C0041956,Ureteral obstruction,possible,,G,KIDNEYDISEASE,COV
All kidney disease,MDR,10010607,Congenital renal cyst,C3812408,Congenital renal cyst,possible,,G,KIDNEYDISEASE,COV
All kidney disease,MDR,10046369,Uremia,C0041948,Uremia,possible,,G,KIDNEYDISEASE,COV
All kidney disease,MDR,10046370,Uremia of renal origin,C0041948,Uremia,narrow,,G,KIDNEYDISEASE,COV
All kidney disease,MDR,10046321,Uraemia of renal origin,C0041948,Uremia,narrow,,G,KIDNEYDISEASE,COV
All kidney disease,MDR,10046320,Uraemia,C0041948,Uremia,possible,,G,KIDNEYDISEASE,COV
All kidney disease,MDR,10030303,Oliguria and anuria,C0028962,Anuria and oliguria,possible,,G,KIDNEYDISEASE,COV
All kidney disease,MDR,10030302,Oliguria,C0028961,Oliguria,possible,,G,KIDNEYDISEASE,COV
All kidney disease,MDR,10049102,Renal hypoplasia,C0266295,Congenital hypoplasia of kidney,possible,,G,KIDNEYDISEASE,COV
All kidney disease,MDR,10010606,Congenital renal anomaly NOS,C0266292,Congenital anomaly of the kidney,possible,,G,KIDNEYDISEASE,COV
All kidney disease,MDR,10023430,Kidney malformation,C0266292,Congenital anomaly of the kidney,possible,,G,KIDNEYDISEASE,COV
All kidney disease,MDR,10065937,Congenital small kidney,C0266293,Congenital renal atrophy,narrow,,G,KIDNEYDISEASE,COV
All kidney disease,MDR,10080747,Congenital renal atrophy,C0266293,Congenital renal atrophy,narrow,,G,KIDNEYDISEASE,COV
All kidney disease,MDR,10068822,Emphysematous pyelonephritis,C0403379,Emphysematous Pyelonephritis,narrow,,G,KIDNEYDISEASE,COV
All kidney disease,MDR,10038480,Renal metastases,C0153685,Metastatic malignant neoplasm to kidney,narrow,,G,KIDNEYDISEASE,COV
All kidney disease,MDR,10039852,Secondary malignant neoplasm of kidney,C0153685,Metastatic malignant neoplasm to kidney,narrow,,G,KIDNEYDISEASE,COV
All kidney disease,MDR,10027455,Metastases to kidney,C0153685,Metastatic malignant neoplasm to kidney,narrow,,G,KIDNEYDISEASE,COV
All kidney disease,MDR,10078420,Emphysematous pyelitis,C0403382,emphysematous pyelitis,possible,,G,KIDNEYDISEASE,COV
All kidney disease,MDR,10058596,Renal cyst infection,C0403383,Infected renal cyst,narrow,,G,KIDNEYDISEASE,COV
All kidney disease,MDR,10028880,Necrosis tubular kidney,C1720775,Renal tubular necrosis,narrow,,G,KIDNEYDISEASE,COV
All kidney disease,MDR,10023443,Kidney tubule necrosis,C1720775,Renal tubular necrosis,narrow,,G,KIDNEYDISEASE,COV
All kidney disease,MDR,10028866,Necrosis kidney tubular,C1720775,Renal tubular necrosis,narrow,,G,KIDNEYDISEASE,COV
All kidney disease,MDR,10023441,Kidney tubular necrosis,C1720775,Renal tubular necrosis,narrow,,G,KIDNEYDISEASE,COV
All kidney disease,MDR,10038540,Renal tubular necrosis,C1720775,Renal tubular necrosis,narrow,,G,KIDNEYDISEASE,COV
All kidney disease,MDR,10045144,Tubular necrosis,C1720775,Renal tubular necrosis,narrow,,G,KIDNEYDISEASE,COV
All kidney disease,MDR,10091619,Kidney laceration,C0347649,Laceration of kidney,narrow,,G,KIDNEYDISEASE,COV
All kidney disease,MDR,10023434,Kidney rupture,C0347648,Rupture of kidney,narrow,,G,KIDNEYDISEASE,COV
All kidney disease,MDR,10039332,Ruptured kidney,C0347648,Rupture of kidney,narrow,,G,KIDNEYDISEASE,COV
All kidney disease,MDR,10063904,Renal ischemia,C0920646,Ischemia of kidney,narrow,,G,KIDNEYDISEASE,COV
All kidney disease,MDR,10063897,Renal ischaemia,C0920646,Ischemia of kidney,narrow,,G,KIDNEYDISEASE,COV
All kidney disease,MDR,10041900,Stag horn calculus,C0333014,Staghorn Calculi,narrow,,G,KIDNEYDISEASE,COV
All kidney disease,MDR,10038459,Renal haematoma,C0475022,Hematoma of kidney,possible,,G,KIDNEYDISEASE,COV
All kidney disease,MDR,10038462,Renal hematoma,C0475022,Hematoma of kidney,possible,,G,KIDNEYDISEASE,COV
All kidney disease,MDR,10000286,Abscess kidney,C0151465,Renal abscess,narrow,,G,KIDNEYDISEASE,COV
All kidney disease,MDR,10023394,Kidney abscess,C0151465,Renal abscess,narrow,,G,KIDNEYDISEASE,COV
All kidney disease,MDR,10038352,Renal abscess NOS,C0151465,Renal abscess,narrow,,G,KIDNEYDISEASE,COV
All kidney disease,MDR,10038351,Renal abscess,C0151465,Renal abscess,narrow,,G,KIDNEYDISEASE,COV
All kidney disease,MDR,10037081,Proximal renal tubular dysfunction,C0015624,Fanconi Syndrome,narrow,,G,KIDNEYDISEASE,COV
All kidney disease,MDR,10016219,Fanconi syndrome,C0015624,Fanconi Syndrome,possible,,G,KIDNEYDISEASE,COV
All kidney disease,MDR,10038475,Renal interstitial fibrosis,C0235989,Renal interstitial fibrosis,narrow,,G,KIDNEYDISEASE,COV
All kidney disease,MDR,10050702,Crush syndrome,C0010392,Crush syndrome,possible,,G,KIDNEYDISEASE,COV
All kidney disease,MDR,10029140,Nephritis radiation,C0221349,Radiation nephritis,narrow,,G,KIDNEYDISEASE,COV
All kidney disease,MDR,10038517,Renal pelvis cancer NOS,C0153618,Malignant tumor of renal pelvis,narrow,,G,KIDNEYDISEASE,COV
All kidney disease,MDR,10026426,Malignant neoplasm of renal pelvis,C0153618,Malignant tumor of renal pelvis,narrow,,G,KIDNEYDISEASE,COV
All kidney disease,MDR,10040232,Serum creatinine decreased,C0428282,Serum creatinine below reference range,possible,,G,KIDNEYDISEASE,COV
All kidney disease,MDR,10038214,Reduced serum creatinine,C0428282,Serum creatinine below reference range,possible,,G,KIDNEYDISEASE,COV
All kidney disease,MDR,10052606,Fanconi syndrome congenital,C1857395,De Toni-Debre-Fanconi Syndrome,possible,,G,KIDNEYDISEASE,COV
All kidney disease,MDR,10011871,De Toni-Fanconi syndrome,C1857395,De Toni-Debre-Fanconi Syndrome,possible,,G,KIDNEYDISEASE,COV
All kidney disease,MDR,10079842,aHUS,C2931788,Atypical Hemolytic Uremic Syndrome,possible,,G,KIDNEYDISEASE,COV
All kidney disease,MDR,10079841,Atypical hemolytic uremic syndrome,C2931788,Atypical Hemolytic Uremic Syndrome,possible,,G,KIDNEYDISEASE,COV
All kidney disease,MDR,10079840,Atypical haemolytic uraemic syndrome,C2931788,Atypical Hemolytic Uremic Syndrome,possible,,G,KIDNEYDISEASE,COV
All kidney disease,MDR,10055860,Haemorrhagic shock,C0036982,"Shock, Hemorrhagic",possible,,G,KIDNEYDISEASE,COV
All kidney disease,MDR,10055334,Shock hemorrhagic,C0036982,"Shock, Hemorrhagic",possible,,G,KIDNEYDISEASE,COV
All kidney disease,MDR,10050841,Hemorrhagic shock,C0036982,"Shock, Hemorrhagic",possible,,G,KIDNEYDISEASE,COV
All kidney disease,MDR,10049771,Shock haemorrhagic,C0036982,"Shock, Hemorrhagic",possible,,G,KIDNEYDISEASE,COV
All kidney disease,MDR,10038380,Renal artery thrombosis,C0340608,Thrombosis of renal artery,narrow,,G,KIDNEYDISEASE,COV
All kidney disease,ICPC,T11,Dehydration,C0011175,Dehydration,exclude,,G,KIDNEYDISEASE,COV
All kidney disease,ICPC,U99.01,Renal impairment/renal impairment,C0000000,Unassociated custom codes,narrow,,G,KIDNEYDISEASE,COV
All kidney disease,ICPC,U05.01,Oliguria/anuria,C0000000,Unassociated custom codes,possible,,G,KIDNEYDISEASE,COV
All kidney disease,ICPC,U06,Blood in urine,C0018965,Hematuria,possible,,G,KIDNEYDISEASE,COV
All kidney disease,ICPC,U88,Glomerulonephritis/nephrosis,C0497424,Glomerulonephritis/nephrosis,narrow,,G,KIDNEYDISEASE,COV
All kidney disease,ICPC,U90,Orthostatic albuminuria,C0232867,Orthostatic proteinuria,exclude,,G,KIDNEYDISEASE,COV
All kidney disease,ICPC,T88,Renal glucosuria,C0017980,"Glycosuria, Renal",narrow,,G,KIDNEYDISEASE,COV
All kidney disease,ICPC,U75,Malignant neoplasm of kidney,C0740457,Malignant neoplasm of kidney,narrow,,G,KIDNEYDISEASE,COV
